<?xml version="1.0" encoding="UTF-8"?>
<gpx xmlns="http://www.topografix.com/GPX/1/1" xmlns:gpxtpx="http://www.garmin.com/xmlschemas/TrackPointExtension/v1" xmlns:xsi="http://www.w3.org/2001/XMLSchema-instance" xsi:schemaLocation="http://www.topografix.com/GPX/1/1 http://www.topografix.com/GPX/1/1/gpx.xsd" version="1.1" creator="gpx.py -- https://github.com/tkrajina/gpxpy">
  <trk>
    <name>gpx from keep</name>
    <type>Run</type>
    <trkseg>
      <trkpt lat="29.602020167767325" lon="106.31991736588711">
        <ele>252.54144287109375</ele>
        <time>2026-09-08T21:44:39Z</time>
        <extensions>
          <gpxtpx:TrackPointExtension>
            <gpxtpx:hr>103</gpxtpx:hr>
          </gpxtpx:TrackPointExtension>
        </extensions>
      </trkpt>
      <trkpt lat="29.602230124402585" lon="106.3199063803658">
        <ele>252.36505126953125</ele>
        <time>2026-09-08T21:44:48Z</time>
        <extensions>
          <gpxtpx:TrackPointExtension>
            <gpxtpx:hr>93</gpxtpx:hr>
          </gpxtpx:TrackPointExtension>
        </extensions>
      </trkpt>
      <trkpt lat="29.60240413214714" lon="106.3198744488335">
        <ele>253.0341796875</ele>
        <time>2026-09-08T21:44:57Z</time>
        <extensions>
          <gpxtpx:TrackPointExtension>
            <gpxtpx:hr>97</gpxtpx:hr>
          </gpxtpx:TrackPointExtension>
        </extensions>
      </trkpt>
      <trkpt lat="29.602460265623524" lon="106.31979564037294">
        <ele>254.114990234375</ele>
        <time>2026-09-08T21:45:03Z</time>
        <extensions>
          <gpxtpx:TrackPointExtension>
            <gpxtpx:hr>102</gpxtpx:hr>
          </gpxtpx:TrackPointExtension>
        </extensions>
      </trkpt>
      <trkpt lat="29.60247657903994" lon="106.31962905134797">
        <ele>255.77880859375</ele>
        <time>2026-09-08T21:45:15Z</time>
        <extensions>
          <gpxtpx:TrackPointExtension>
            <gpxtpx:hr>113</gpxtpx:hr>
          </gpxtpx:TrackPointExtension>
        </extensions>
      </trkpt>
      <trkpt lat="29.602591696312473" lon="106.31954924170068">
        <ele>258.39227294921875</ele>
        <time>2026-09-08T21:45:21Z</time>
        <extensions>
          <gpxtpx:TrackPointExtension>
            <gpxtpx:hr>119</gpxtpx:hr>
          </gpxtpx:TrackPointExtension>
        </extensions>
      </trkpt>
      <trkpt lat="29.60273973871272" lon="106.31950334620178">
        <ele>256.47607421875</ele>
        <time>2026-09-08T21:45:27Z</time>
        <extensions>
          <gpxtpx:TrackPointExtension>
            <gpxtpx:hr>122</gpxtpx:hr>
          </gpxtpx:TrackPointExtension>
        </extensions>
      </trkpt>
      <trkpt lat="29.60283091665523" lon="106.31939560697683">
        <ele>253.30560302734375</ele>
        <time>2026-09-08T21:45:33Z</time>
        <extensions>
          <gpxtpx:TrackPointExtension>
            <gpxtpx:hr>125</gpxtpx:hr>
          </gpxtpx:TrackPointExtension>
        </extensions>
      </trkpt>
      <trkpt lat="29.602930501491965" lon="106.31907339696546">
        <ele>247.552001953125</ele>
        <time>2026-09-08T21:45:45Z</time>
        <extensions>
          <gpxtpx:TrackPointExtension>
            <gpxtpx:hr>128</gpxtpx:hr>
          </gpxtpx:TrackPointExtension>
        </extensions>
      </trkpt>
      <trkpt lat="29.60296079876101" lon="106.31891279169281">
        <ele>247.81024169921875</ele>
        <time>2026-09-08T21:45:51Z</time>
        <extensions>
          <gpxtpx:TrackPointExtension>
            <gpxtpx:hr>129</gpxtpx:hr>
          </gpxtpx:TrackPointExtension>
        </extensions>
      </trkpt>
      <trkpt lat="29.602948223182587" lon="106.31869233655253">
        <ele>248.09027099609375</ele>
        <time>2026-09-08T21:46:00Z</time>
        <extensions>
          <gpxtpx:TrackPointExtension>
            <gpxtpx:hr>130</gpxtpx:hr>
          </gpxtpx:TrackPointExtension>
        </extensions>
      </trkpt>
      <trkpt lat="29.602878643140176" lon="106.31848584883187">
        <ele>246.08026123046875</ele>
        <time>2026-09-08T21:46:09Z</time>
        <extensions>
          <gpxtpx:TrackPointExtension>
            <gpxtpx:hr>127</gpxtpx:hr>
          </gpxtpx:TrackPointExtension>
        </extensions>
      </trkpt>
      <trkpt lat="29.60290885694514" lon="106.31820059313273">
        <ele>252.53558349609375</ele>
        <time>2026-09-08T21:46:21Z</time>
        <extensions>
          <gpxtpx:TrackPointExtension>
            <gpxtpx:hr>125</gpxtpx:hr>
          </gpxtpx:TrackPointExtension>
        </extensions>
      </trkpt>
      <trkpt lat="29.60287129623876" lon="106.31814169895334">
        <ele>253.8541259765625</ele>
        <time>2026-09-08T21:46:24Z</time>
        <extensions>
          <gpxtpx:TrackPointExtension>
            <gpxtpx:hr>124</gpxtpx:hr>
          </gpxtpx:TrackPointExtension>
        </extensions>
      </trkpt>
      <trkpt lat="29.60292457821292" lon="106.31798508157259">
        <ele>250.21026611328125</ele>
        <time>2026-09-08T21:46:33Z</time>
        <extensions>
          <gpxtpx:TrackPointExtension>
            <gpxtpx:hr>122</gpxtpx:hr>
          </gpxtpx:TrackPointExtension>
        </extensions>
      </trkpt>
      <trkpt lat="29.60294881957668" lon="106.31785440192596">
        <ele>249.4749755859375</ele>
        <time>2026-09-08T21:46:39Z</time>
        <extensions>
          <gpxtpx:TrackPointExtension>
            <gpxtpx:hr>122</gpxtpx:hr>
          </gpxtpx:TrackPointExtension>
        </extensions>
      </trkpt>
      <trkpt lat="29.60293513886704" lon="106.31768881038468">
        <ele>248.130126953125</ele>
        <time>2026-09-08T21:46:45Z</time>
        <extensions>
          <gpxtpx:TrackPointExtension>
            <gpxtpx:hr>121</gpxtpx:hr>
          </gpxtpx:TrackPointExtension>
        </extensions>
      </trkpt>
      <trkpt lat="29.60295622389117" lon="106.3176250406545">
        <ele>245.85693359375</ele>
        <time>2026-09-08T21:46:48Z</time>
        <extensions>
          <gpxtpx:TrackPointExtension>
            <gpxtpx:hr>122</gpxtpx:hr>
          </gpxtpx:TrackPointExtension>
        </extensions>
      </trkpt>
      <trkpt lat="29.602980772904502" lon="106.31731454286292">
        <ele>249.344482421875</ele>
        <time>2026-09-08T21:47:03Z</time>
        <extensions>
          <gpxtpx:TrackPointExtension>
            <gpxtpx:hr>121</gpxtpx:hr>
          </gpxtpx:TrackPointExtension>
        </extensions>
      </trkpt>
      <trkpt lat="29.60298228116418" lon="106.31708030386089">
        <ele>243.78680419921875</ele>
        <time>2026-09-08T21:47:15Z</time>
        <extensions>
          <gpxtpx:TrackPointExtension>
            <gpxtpx:hr>122</gpxtpx:hr>
          </gpxtpx:TrackPointExtension>
        </extensions>
      </trkpt>
      <trkpt lat="29.60293094634732" lon="106.31673814715693">
        <ele>247.00579833984375</ele>
        <time>2026-09-08T21:47:24Z</time>
        <extensions>
          <gpxtpx:TrackPointExtension>
            <gpxtpx:hr>124</gpxtpx:hr>
          </gpxtpx:TrackPointExtension>
        </extensions>
      </trkpt>
      <trkpt lat="29.602924258697595" lon="106.31657454897835">
        <ele>249.03619384765625</ele>
        <time>2026-09-08T21:47:30Z</time>
        <extensions>
          <gpxtpx:TrackPointExtension>
            <gpxtpx:hr>126</gpxtpx:hr>
          </gpxtpx:TrackPointExtension>
        </extensions>
      </trkpt>
      <trkpt lat="29.602889411199968" lon="106.31649973458472">
        <ele>250.6395263671875</ele>
        <time>2026-09-08T21:47:33Z</time>
        <extensions>
          <gpxtpx:TrackPointExtension>
            <gpxtpx:hr>129</gpxtpx:hr>
          </gpxtpx:TrackPointExtension>
        </extensions>
      </trkpt>
      <trkpt lat="29.60279558169662" lon="106.31642492370071">
        <ele>249.9559326171875</ele>
        <time>2026-09-08T21:47:39Z</time>
        <extensions>
          <gpxtpx:TrackPointExtension>
            <gpxtpx:hr>133</gpxtpx:hr>
          </gpxtpx:TrackPointExtension>
        </extensions>
      </trkpt>
      <trkpt lat="29.60268167891138" lon="106.31639201127244">
        <ele>248.4183349609375</ele>
        <time>2026-09-08T21:47:45Z</time>
        <extensions>
          <gpxtpx:TrackPointExtension>
            <gpxtpx:hr>133</gpxtpx:hr>
          </gpxtpx:TrackPointExtension>
        </extensions>
      </trkpt>
      <trkpt lat="29.602625641222215" lon="106.31642094372201">
        <ele>249.453125</ele>
        <time>2026-09-08T21:47:48Z</time>
        <extensions>
          <gpxtpx:TrackPointExtension>
            <gpxtpx:hr>132</gpxtpx:hr>
          </gpxtpx:TrackPointExtension>
        </extensions>
      </trkpt>
      <trkpt lat="29.602579539980677" lon="106.31648179728816">
        <ele>251.1285400390625</ele>
        <time>2026-09-08T21:47:51Z</time>
        <extensions>
          <gpxtpx:TrackPointExtension>
            <gpxtpx:hr>132</gpxtpx:hr>
          </gpxtpx:TrackPointExtension>
        </extensions>
      </trkpt>
      <trkpt lat="29.602537244596828" lon="106.31664440098356">
        <ele>251.58544921875</ele>
        <time>2026-09-08T21:47:57Z</time>
        <extensions>
          <gpxtpx:TrackPointExtension>
            <gpxtpx:hr>131</gpxtpx:hr>
          </gpxtpx:TrackPointExtension>
        </extensions>
      </trkpt>
      <trkpt lat="29.60254491105267" lon="106.31681897208044">
        <ele>251.53509521484375</ele>
        <time>2026-09-08T21:48:03Z</time>
        <extensions>
          <gpxtpx:TrackPointExtension>
            <gpxtpx:hr>131</gpxtpx:hr>
          </gpxtpx:TrackPointExtension>
        </extensions>
      </trkpt>
      <trkpt lat="29.602607474565836" lon="106.31703420613805">
        <ele>250.983642578125</ele>
        <time>2026-09-08T21:48:12Z</time>
        <extensions>
          <gpxtpx:TrackPointExtension>
            <gpxtpx:hr>130</gpxtpx:hr>
          </gpxtpx:TrackPointExtension>
        </extensions>
      </trkpt>
      <trkpt lat="29.60260217722788" lon="106.31719205817818">
        <ele>253.4031982421875</ele>
        <time>2026-09-08T21:48:18Z</time>
        <extensions>
          <gpxtpx:TrackPointExtension>
            <gpxtpx:hr>130</gpxtpx:hr>
          </gpxtpx:TrackPointExtension>
        </extensions>
      </trkpt>
      <trkpt lat="29.60255898035653" lon="106.31730677284884">
        <ele>250.5682373046875</ele>
        <time>2026-09-08T21:48:24Z</time>
        <extensions>
          <gpxtpx:TrackPointExtension>
            <gpxtpx:hr>132</gpxtpx:hr>
          </gpxtpx:TrackPointExtension>
        </extensions>
      </trkpt>
      <trkpt lat="29.60244179437044" lon="106.3174234929284">
        <ele>252.19525146484375</ele>
        <time>2026-09-08T21:48:30Z</time>
        <extensions>
          <gpxtpx:TrackPointExtension>
            <gpxtpx:hr>133</gpxtpx:hr>
          </gpxtpx:TrackPointExtension>
        </extensions>
      </trkpt>
      <trkpt lat="29.602171677938845" lon="106.31752825157913">
        <ele>254.56475830078125</ele>
        <time>2026-09-08T21:48:42Z</time>
        <extensions>
          <gpxtpx:TrackPointExtension>
            <gpxtpx:hr>134</gpxtpx:hr>
          </gpxtpx:TrackPointExtension>
        </extensions>
      </trkpt>
      <trkpt lat="29.60196262819219" lon="106.31758811692863">
        <ele>264.9677734375</ele>
        <time>2026-09-08T21:48:54Z</time>
        <extensions>
          <gpxtpx:TrackPointExtension>
            <gpxtpx:hr>133</gpxtpx:hr>
          </gpxtpx:TrackPointExtension>
        </extensions>
      </trkpt>
      <trkpt lat="29.601895371757053" lon="106.31773376257266">
        <ele>262.765869140625</ele>
        <time>2026-09-08T21:49:03Z</time>
        <extensions>
          <gpxtpx:TrackPointExtension>
            <gpxtpx:hr>132</gpxtpx:hr>
          </gpxtpx:TrackPointExtension>
        </extensions>
      </trkpt>
      <trkpt lat="29.601902444510774" lon="106.31809962347239">
        <ele>260.4322509765625</ele>
        <time>2026-09-08T21:49:18Z</time>
        <extensions>
          <gpxtpx:TrackPointExtension>
            <gpxtpx:hr>134</gpxtpx:hr>
          </gpxtpx:TrackPointExtension>
        </extensions>
      </trkpt>
      <trkpt lat="29.60192204321256" lon="106.31823377394227">
        <ele>260.39923095703125</ele>
        <time>2026-09-08T21:49:24Z</time>
        <extensions>
          <gpxtpx:TrackPointExtension>
            <gpxtpx:hr>133</gpxtpx:hr>
          </gpxtpx:TrackPointExtension>
        </extensions>
      </trkpt>
      <trkpt lat="29.601903347747633" lon="106.31857789579061">
        <ele>257.22796630859375</ele>
        <time>2026-09-08T21:49:36Z</time>
        <extensions>
          <gpxtpx:TrackPointExtension>
            <gpxtpx:hr>134</gpxtpx:hr>
          </gpxtpx:TrackPointExtension>
        </extensions>
      </trkpt>
      <trkpt lat="29.6018830841532" lon="106.31893678415558">
        <ele>258.62286376953125</ele>
        <time>2026-09-08T21:49:48Z</time>
        <extensions>
          <gpxtpx:TrackPointExtension>
            <gpxtpx:hr>135</gpxtpx:hr>
          </gpxtpx:TrackPointExtension>
        </extensions>
      </trkpt>
      <trkpt lat="29.60187957944353" lon="106.31920114497566">
        <ele>257.607666015625</ele>
        <time>2026-09-08T21:49:57Z</time>
        <extensions>
          <gpxtpx:TrackPointExtension>
            <gpxtpx:hr>136</gpxtpx:hr>
          </gpxtpx:TrackPointExtension>
        </extensions>
      </trkpt>
      <trkpt lat="29.60192137499916" lon="106.31943308291581">
        <ele>256.3402099609375</ele>
        <time>2026-09-08T21:50:06Z</time>
        <extensions>
          <gpxtpx:TrackPointExtension>
            <gpxtpx:hr>137</gpxtpx:hr>
          </gpxtpx:TrackPointExtension>
        </extensions>
      </trkpt>
      <trkpt lat="29.60193240637495" lon="106.31980664507796">
        <ele>261.49920654296875</ele>
        <time>2026-09-08T21:50:18Z</time>
        <extensions>
          <gpxtpx:TrackPointExtension>
            <gpxtpx:hr>137</gpxtpx:hr>
          </gpxtpx:TrackPointExtension>
        </extensions>
      </trkpt>
      <trkpt lat="29.60193692813738" lon="106.32005602784011">
        <ele>261.629638671875</ele>
        <time>2026-09-08T21:50:27Z</time>
        <extensions>
          <gpxtpx:TrackPointExtension>
            <gpxtpx:hr>138</gpxtpx:hr>
          </gpxtpx:TrackPointExtension>
        </extensions>
      </trkpt>
      <trkpt lat="29.60194897057263" lon="106.31998731988028">
        <ele>254.69732666015625</ele>
        <time>2026-09-08T21:50:33Z</time>
        <extensions>
          <gpxtpx:TrackPointExtension>
            <gpxtpx:hr>139</gpxtpx:hr>
          </gpxtpx:TrackPointExtension>
        </extensions>
      </trkpt>
      <trkpt lat="29.601986124798152" lon="106.31994529884075">
        <ele>254.60888671875</ele>
        <time>2026-09-08T21:50:36Z</time>
        <extensions>
          <gpxtpx:TrackPointExtension>
            <gpxtpx:hr>139</gpxtpx:hr>
          </gpxtpx:TrackPointExtension>
        </extensions>
      </trkpt>
      <trkpt lat="29.602145236237824" lon="106.31986149653112">
        <ele>251.56744384765625</ele>
        <time>2026-09-08T21:50:42Z</time>
        <extensions>
          <gpxtpx:TrackPointExtension>
            <gpxtpx:hr>138</gpxtpx:hr>
          </gpxtpx:TrackPointExtension>
        </extensions>
      </trkpt>
      <trkpt lat="29.602236261747702" lon="106.3198335601288">
        <ele>253.876708984375</ele>
        <time>2026-09-08T21:50:45Z</time>
        <extensions>
          <gpxtpx:TrackPointExtension>
            <gpxtpx:hr>138</gpxtpx:hr>
          </gpxtpx:TrackPointExtension>
        </extensions>
      </trkpt>
      <trkpt lat="29.602401262707914" lon="106.31980661679272">
        <ele>257.066162109375</ele>
        <time>2026-09-08T21:50:54Z</time>
        <extensions>
          <gpxtpx:TrackPointExtension>
            <gpxtpx:hr>138</gpxtpx:hr>
          </gpxtpx:TrackPointExtension>
        </extensions>
      </trkpt>
      <trkpt lat="29.602436318718695" lon="106.3197717010297">
        <ele>254.7498779296875</ele>
        <time>2026-09-08T21:50:57Z</time>
        <extensions>
          <gpxtpx:TrackPointExtension>
            <gpxtpx:hr>139</gpxtpx:hr>
          </gpxtpx:TrackPointExtension>
        </extensions>
      </trkpt>
      <trkpt lat="29.602458435887037" lon="106.3197068600474">
        <ele>254.31451416015625</ele>
        <time>2026-09-08T21:51:00Z</time>
        <extensions>
          <gpxtpx:TrackPointExtension>
            <gpxtpx:hr>139</gpxtpx:hr>
          </gpxtpx:TrackPointExtension>
        </extensions>
      </trkpt>
      <trkpt lat="29.602443566267674" lon="106.31964102374218">
        <ele>251.32159423828125</ele>
        <time>2026-09-08T21:51:03Z</time>
        <extensions>
          <gpxtpx:TrackPointExtension>
            <gpxtpx:hr>138</gpxtpx:hr>
          </gpxtpx:TrackPointExtension>
        </extensions>
      </trkpt>
      <trkpt lat="29.60268327990619" lon="106.31952086188944">
        <ele>254.4468994140625</ele>
        <time>2026-09-08T21:51:18Z</time>
        <extensions>
          <gpxtpx:TrackPointExtension>
            <gpxtpx:hr>135</gpxtpx:hr>
          </gpxtpx:TrackPointExtension>
        </extensions>
      </trkpt>
      <trkpt lat="29.60276581078584" lon="106.31946144818751">
        <ele>251.0040283203125</ele>
        <time>2026-09-08T21:51:21Z</time>
        <extensions>
          <gpxtpx:TrackPointExtension>
            <gpxtpx:hr>134</gpxtpx:hr>
          </gpxtpx:TrackPointExtension>
        </extensions>
      </trkpt>
      <trkpt lat="29.6028279747169" lon="106.31936568110889">
        <ele>250.48345947265625</ele>
        <time>2026-09-08T21:51:24Z</time>
        <extensions>
          <gpxtpx:TrackPointExtension>
            <gpxtpx:hr>135</gpxtpx:hr>
          </gpxtpx:TrackPointExtension>
        </extensions>
      </trkpt>
      <trkpt lat="29.60286922691816" lon="106.31922702121565">
        <ele>251.02593994140625</ele>
        <time>2026-09-08T21:51:30Z</time>
        <extensions>
          <gpxtpx:TrackPointExtension>
            <gpxtpx:hr>136</gpxtpx:hr>
          </gpxtpx:TrackPointExtension>
        </extensions>
      </trkpt>
      <trkpt lat="29.60291459965143" lon="106.31902451863019">
        <ele>247.11181640625</ele>
        <time>2026-09-08T21:51:36Z</time>
        <extensions>
          <gpxtpx:TrackPointExtension>
            <gpxtpx:hr>138</gpxtpx:hr>
          </gpxtpx:TrackPointExtension>
        </extensions>
      </trkpt>
      <trkpt lat="29.60294873391616" lon="106.3189487037623">
        <ele>246.46337890625</ele>
        <time>2026-09-08T21:51:39Z</time>
        <extensions>
          <gpxtpx:TrackPointExtension>
            <gpxtpx:hr>139</gpxtpx:hr>
          </gpxtpx:TrackPointExtension>
        </extensions>
      </trkpt>
      <trkpt lat="29.60296819615258" lon="106.31870330827279">
        <ele>244.4239501953125</ele>
        <time>2026-09-08T21:51:48Z</time>
        <extensions>
          <gpxtpx:TrackPointExtension>
            <gpxtpx:hr>139</gpxtpx:hr>
          </gpxtpx:TrackPointExtension>
        </extensions>
      </trkpt>
      <trkpt lat="29.602938815650706" lon="106.3183830998589">
        <ele>244.295166015625</ele>
        <time>2026-09-08T21:51:57Z</time>
        <extensions>
          <gpxtpx:TrackPointExtension>
            <gpxtpx:hr>139</gpxtpx:hr>
          </gpxtpx:TrackPointExtension>
        </extensions>
      </trkpt>
      <trkpt lat="29.602924337032977" lon="106.3181117694935">
        <ele>247.0765380859375</ele>
        <time>2026-09-08T21:52:06Z</time>
        <extensions>
          <gpxtpx:TrackPointExtension>
            <gpxtpx:hr>137</gpxtpx:hr>
          </gpxtpx:TrackPointExtension>
        </extensions>
      </trkpt>
      <trkpt lat="29.602944026068908" lon="106.31774666744339">
        <ele>245.9678955078125</ele>
        <time>2026-09-08T21:52:18Z</time>
        <extensions>
          <gpxtpx:TrackPointExtension>
            <gpxtpx:hr>138</gpxtpx:hr>
          </gpxtpx:TrackPointExtension>
        </extensions>
      </trkpt>
      <trkpt lat="29.602932168241548" lon="106.31767384738912">
        <ele>245.41558837890625</ele>
        <time>2026-09-08T21:52:21Z</time>
        <extensions>
          <gpxtpx:TrackPointExtension>
            <gpxtpx:hr>138</gpxtpx:hr>
          </gpxtpx:TrackPointExtension>
        </extensions>
      </trkpt>
      <trkpt lat="29.602962421829105" lon="106.31735080134463">
        <ele>249.4296875</ele>
        <time>2026-09-08T21:52:33Z</time>
        <extensions>
          <gpxtpx:TrackPointExtension>
            <gpxtpx:hr>137</gpxtpx:hr>
          </gpxtpx:TrackPointExtension>
        </extensions>
      </trkpt>
      <trkpt lat="29.602974202160375" lon="106.31712319895544">
        <ele>244.945556640625</ele>
        <time>2026-09-08T21:52:45Z</time>
        <extensions>
          <gpxtpx:TrackPointExtension>
            <gpxtpx:hr>137</gpxtpx:hr>
          </gpxtpx:TrackPointExtension>
        </extensions>
      </trkpt>
      <trkpt lat="29.602940803267586" lon="106.3168119653686">
        <ele>243.5433349609375</ele>
        <time>2026-09-08T21:52:57Z</time>
        <extensions>
          <gpxtpx:TrackPointExtension>
            <gpxtpx:hr>136</gpxtpx:hr>
          </gpxtpx:TrackPointExtension>
        </extensions>
      </trkpt>
      <trkpt lat="29.602924262479686" lon="106.3165725538722">
        <ele>247.70025634765625</ele>
        <time>2026-09-08T21:53:06Z</time>
        <extensions>
          <gpxtpx:TrackPointExtension>
            <gpxtpx:hr>135</gpxtpx:hr>
          </gpxtpx:TrackPointExtension>
        </extensions>
      </trkpt>
      <trkpt lat="29.60289239515859" lon="106.31650771483294">
        <ele>248.30987548828125</ele>
        <time>2026-09-08T21:53:09Z</time>
        <extensions>
          <gpxtpx:TrackPointExtension>
            <gpxtpx:hr>135</gpxtpx:hr>
          </gpxtpx:TrackPointExtension>
        </extensions>
      </trkpt>
      <trkpt lat="29.602760620743943" lon="106.31640996249425">
        <ele>251.2083740234375</ele>
        <time>2026-09-08T21:53:18Z</time>
        <extensions>
          <gpxtpx:TrackPointExtension>
            <gpxtpx:hr>134</gpxtpx:hr>
          </gpxtpx:TrackPointExtension>
        </extensions>
      </trkpt>
      <trkpt lat="29.60268867488148" lon="106.31639300840536">
        <ele>252.09271240234375</ele>
        <time>2026-09-08T21:53:24Z</time>
        <extensions>
          <gpxtpx:TrackPointExtension>
            <gpxtpx:hr>134</gpxtpx:hr>
          </gpxtpx:TrackPointExtension>
        </extensions>
      </trkpt>
      <trkpt lat="29.60258850697958" lon="106.3164977576058">
        <ele>254.05517578125</ele>
        <time>2026-09-08T21:53:30Z</time>
        <extensions>
          <gpxtpx:TrackPointExtension>
            <gpxtpx:hr>132</gpxtpx:hr>
          </gpxtpx:TrackPointExtension>
        </extensions>
      </trkpt>
      <trkpt lat="29.60255127814273" lon="106.316624449088">
        <ele>257.24267578125</ele>
        <time>2026-09-08T21:53:36Z</time>
        <extensions>
          <gpxtpx:TrackPointExtension>
            <gpxtpx:hr>131</gpxtpx:hr>
          </gpxtpx:TrackPointExtension>
        </extensions>
      </trkpt>
      <trkpt lat="29.60254986977964" lon="106.31683992035326">
        <ele>255.235107421875</ele>
        <time>2026-09-08T21:53:45Z</time>
        <extensions>
          <gpxtpx:TrackPointExtension>
            <gpxtpx:hr>132</gpxtpx:hr>
          </gpxtpx:TrackPointExtension>
        </extensions>
      </trkpt>
      <trkpt lat="29.602613058887616" lon="106.31704539372075">
        <ele>251.33074951171875</ele>
        <time>2026-09-08T21:53:54Z</time>
        <extensions>
          <gpxtpx:TrackPointExtension>
            <gpxtpx:hr>133</gpxtpx:hr>
          </gpxtpx:TrackPointExtension>
        </extensions>
      </trkpt>
      <trkpt lat="29.60260316208055" lon="106.31720402274986">
        <ele>252.555908203125</ele>
        <time>2026-09-08T21:54:00Z</time>
        <extensions>
          <gpxtpx:TrackPointExtension>
            <gpxtpx:hr>131</gpxtpx:hr>
          </gpxtpx:TrackPointExtension>
        </extensions>
      </trkpt>
      <trkpt lat="29.6025840466206" lon="106.31726786697791">
        <ele>251.7977294921875</ele>
        <time>2026-09-08T21:54:03Z</time>
        <extensions>
          <gpxtpx:TrackPointExtension>
            <gpxtpx:hr>131</gpxtpx:hr>
          </gpxtpx:TrackPointExtension>
        </extensions>
      </trkpt>
      <trkpt lat="29.60238171414029" lon="106.31747536897103">
        <ele>253.5167236328125</ele>
        <time>2026-09-08T21:54:15Z</time>
        <extensions>
          <gpxtpx:TrackPointExtension>
            <gpxtpx:hr>132</gpxtpx:hr>
          </gpxtpx:TrackPointExtension>
        </extensions>
      </trkpt>
      <trkpt lat="29.602325670602895" lon="106.31750729382979">
        <ele>252.133544921875</ele>
        <time>2026-09-08T21:54:18Z</time>
        <extensions>
          <gpxtpx:TrackPointExtension>
            <gpxtpx:hr>132</gpxtpx:hr>
          </gpxtpx:TrackPointExtension>
        </extensions>
      </trkpt>
      <trkpt lat="29.602022695147618" lon="106.31754322374815">
        <ele>254.93719482421875</ele>
        <time>2026-09-08T21:54:33Z</time>
        <extensions>
          <gpxtpx:TrackPointExtension>
            <gpxtpx:hr>130</gpxtpx:hr>
          </gpxtpx:TrackPointExtension>
        </extensions>
      </trkpt>
      <trkpt lat="29.601957567129983" lon="106.31762103623578">
        <ele>259.739990234375</ele>
        <time>2026-09-08T21:54:39Z</time>
        <extensions>
          <gpxtpx:TrackPointExtension>
            <gpxtpx:hr>130</gpxtpx:hr>
          </gpxtpx:TrackPointExtension>
        </extensions>
      </trkpt>
      <trkpt lat="29.601926447633016" lon="106.31768887118356">
        <ele>262.3238525390625</ele>
        <time>2026-09-08T21:54:42Z</time>
        <extensions>
          <gpxtpx:TrackPointExtension>
            <gpxtpx:hr>130</gpxtpx:hr>
          </gpxtpx:TrackPointExtension>
        </extensions>
      </trkpt>
      <trkpt lat="29.60192178451111" lon="106.31803801179356">
        <ele>261.429443359375</ele>
        <time>2026-09-08T21:54:57Z</time>
        <extensions>
          <gpxtpx:TrackPointExtension>
            <gpxtpx:hr>129</gpxtpx:hr>
          </gpxtpx:TrackPointExtension>
        </extensions>
      </trkpt>
      <trkpt lat="29.601935153287588" lon="106.3183671997235">
        <ele>262.3521728515625</ele>
        <time>2026-09-08T21:55:12Z</time>
        <extensions>
          <gpxtpx:TrackPointExtension>
            <gpxtpx:hr>131</gpxtpx:hr>
          </gpxtpx:TrackPointExtension>
        </extensions>
      </trkpt>
      <trkpt lat="29.601895486457863" lon="106.31872332372882">
        <ele>260.5614013671875</ele>
        <time>2026-09-08T21:55:27Z</time>
        <extensions>
          <gpxtpx:TrackPointExtension>
            <gpxtpx:hr>132</gpxtpx:hr>
          </gpxtpx:TrackPointExtension>
        </extensions>
      </trkpt>
      <trkpt lat="29.601863869926156" lon="106.31905151548949">
        <ele>256.77587890625</ele>
        <time>2026-09-08T21:55:42Z</time>
        <extensions>
          <gpxtpx:TrackPointExtension>
            <gpxtpx:hr>129</gpxtpx:hr>
          </gpxtpx:TrackPointExtension>
        </extensions>
      </trkpt>
      <trkpt lat="29.601872452099858" lon="106.31926897782891">
        <ele>255.98284912109375</ele>
        <time>2026-09-08T21:55:51Z</time>
        <extensions>
          <gpxtpx:TrackPointExtension>
            <gpxtpx:hr>128</gpxtpx:hr>
          </gpxtpx:TrackPointExtension>
        </extensions>
      </trkpt>
      <trkpt lat="29.601923973270658" lon="106.31951137568316">
        <ele>255.18536376953125</ele>
        <time>2026-09-08T21:56:03Z</time>
        <extensions>
          <gpxtpx:TrackPointExtension>
            <gpxtpx:hr>126</gpxtpx:hr>
          </gpxtpx:TrackPointExtension>
        </extensions>
      </trkpt>
      <trkpt lat="29.601926219464943" lon="106.31990540116826">
        <ele>258.13232421875</ele>
        <time>2026-09-08T21:56:18Z</time>
        <extensions>
          <gpxtpx:TrackPointExtension>
            <gpxtpx:hr>125</gpxtpx:hr>
          </gpxtpx:TrackPointExtension>
        </extensions>
      </trkpt>
      <trkpt lat="29.60192903929737" lon="106.31999916900986">
        <ele>258.8758544921875</ele>
        <time>2026-09-08T21:56:21Z</time>
        <extensions>
          <gpxtpx:TrackPointExtension>
            <gpxtpx:hr>125</gpxtpx:hr>
          </gpxtpx:TrackPointExtension>
        </extensions>
      </trkpt>
      <trkpt lat="29.602036151422734" lon="106.31992335011593">
        <ele>255.113525390625</ele>
        <time>2026-09-08T21:56:30Z</time>
        <extensions>
          <gpxtpx:TrackPointExtension>
            <gpxtpx:hr>128</gpxtpx:hr>
          </gpxtpx:TrackPointExtension>
        </extensions>
      </trkpt>
      <trkpt lat="29.602343269022068" lon="106.31981260548764">
        <ele>255.70989990234375</ele>
        <time>2026-09-08T21:56:45Z</time>
        <extensions>
          <gpxtpx:TrackPointExtension>
            <gpxtpx:hr>130</gpxtpx:hr>
          </gpxtpx:TrackPointExtension>
        </extensions>
      </trkpt>
      <trkpt lat="29.602391288644863" lon="106.31979464700144">
        <ele>253.3212890625</ele>
        <time>2026-09-08T21:56:48Z</time>
        <extensions>
          <gpxtpx:TrackPointExtension>
            <gpxtpx:hr>131</gpxtpx:hr>
          </gpxtpx:TrackPointExtension>
        </extensions>
      </trkpt>
      <trkpt lat="29.602456400283586" lon="106.31972581330021">
        <ele>254.1077880859375</ele>
        <time>2026-09-08T21:56:54Z</time>
        <extensions>
          <gpxtpx:TrackPointExtension>
            <gpxtpx:hr>131</gpxtpx:hr>
          </gpxtpx:TrackPointExtension>
        </extensions>
      </trkpt>
      <trkpt lat="29.602456783121685" lon="106.31965296182305">
        <ele>253.0546875</ele>
        <time>2026-09-08T21:56:57Z</time>
        <extensions>
          <gpxtpx:TrackPointExtension>
            <gpxtpx:hr>132</gpxtpx:hr>
          </gpxtpx:TrackPointExtension>
        </extensions>
      </trkpt>
      <trkpt lat="29.60264643585059" lon="106.31952127411697">
        <ele>256.061767578125</ele>
        <time>2026-09-08T21:57:09Z</time>
        <extensions>
          <gpxtpx:TrackPointExtension>
            <gpxtpx:hr>133</gpxtpx:hr>
          </gpxtpx:TrackPointExtension>
        </extensions>
      </trkpt>
      <trkpt lat="29.602707526877793" lon="106.3195062120976">
        <ele>257.1322021484375</ele>
        <time>2026-09-08T21:57:12Z</time>
        <extensions>
          <gpxtpx:TrackPointExtension>
            <gpxtpx:hr>133</gpxtpx:hr>
          </gpxtpx:TrackPointExtension>
        </extensions>
      </trkpt>
      <trkpt lat="29.60277780140322" lon="106.3194644400675">
        <ele>257.11181640625</ele>
        <time>2026-09-08T21:57:15Z</time>
        <extensions>
          <gpxtpx:TrackPointExtension>
            <gpxtpx:hr>133</gpxtpx:hr>
          </gpxtpx:TrackPointExtension>
        </extensions>
      </trkpt>
      <trkpt lat="29.602825897228822" lon="106.31940658016173">
        <ele>253.55889892578125</ele>
        <time>2026-09-08T21:57:18Z</time>
        <extensions>
          <gpxtpx:TrackPointExtension>
            <gpxtpx:hr>133</gpxtpx:hr>
          </gpxtpx:TrackPointExtension>
        </extensions>
      </trkpt>
      <trkpt lat="29.60289548172344" lon="106.31908935966062">
        <ele>253.662841796875</ele>
        <time>2026-09-08T21:57:30Z</time>
        <extensions>
          <gpxtpx:TrackPointExtension>
            <gpxtpx:hr>134</gpxtpx:hr>
          </gpxtpx:TrackPointExtension>
        </extensions>
      </trkpt>
      <trkpt lat="29.602971100127593" lon="106.31875318501909">
        <ele>250.95684814453125</ele>
        <time>2026-09-08T21:57:42Z</time>
        <extensions>
          <gpxtpx:TrackPointExtension>
            <gpxtpx:hr>134</gpxtpx:hr>
          </gpxtpx:TrackPointExtension>
        </extensions>
      </trkpt>
      <trkpt lat="29.602978271080225" lon="106.31866240857889">
        <ele>248.68682861328125</ele>
        <time>2026-09-08T21:57:45Z</time>
        <extensions>
          <gpxtpx:TrackPointExtension>
            <gpxtpx:hr>134</gpxtpx:hr>
          </gpxtpx:TrackPointExtension>
        </extensions>
      </trkpt>
      <trkpt lat="29.602932604583124" lon="106.31849482472919">
        <ele>246.05181884765625</ele>
        <time>2026-09-08T21:57:51Z</time>
        <extensions>
          <gpxtpx:TrackPointExtension>
            <gpxtpx:hr>135</gpxtpx:hr>
          </gpxtpx:TrackPointExtension>
        </extensions>
      </trkpt>
      <trkpt lat="29.60292017489192" lon="106.31819755834744">
        <ele>251.498046875</ele>
        <time>2026-09-08T21:58:00Z</time>
        <extensions>
          <gpxtpx:TrackPointExtension>
            <gpxtpx:hr>137</gpxtpx:hr>
          </gpxtpx:TrackPointExtension>
        </extensions>
      </trkpt>
      <trkpt lat="29.602898335477352" lon="106.31811675877181">
        <ele>252.804931640625</ele>
        <time>2026-09-08T21:58:03Z</time>
        <extensions>
          <gpxtpx:TrackPointExtension>
            <gpxtpx:hr>137</gpxtpx:hr>
          </gpxtpx:TrackPointExtension>
        </extensions>
      </trkpt>
      <trkpt lat="29.602927945560307" lon="106.3177915579102">
        <ele>247.7149658203125</ele>
        <time>2026-09-08T21:58:15Z</time>
        <extensions>
          <gpxtpx:TrackPointExtension>
            <gpxtpx:hr>139</gpxtpx:hr>
          </gpxtpx:TrackPointExtension>
        </extensions>
      </trkpt>
      <trkpt lat="29.60292567863693" lon="106.3174065054697">
        <ele>248.0460205078125</ele>
        <time>2026-09-08T21:58:30Z</time>
        <extensions>
          <gpxtpx:TrackPointExtension>
            <gpxtpx:hr>136</gpxtpx:hr>
          </gpxtpx:TrackPointExtension>
        </extensions>
      </trkpt>
      <trkpt lat="29.60296320551939" lon="106.31712319961812">
        <ele>246.99444580078125</ele>
        <time>2026-09-08T21:58:42Z</time>
        <extensions>
          <gpxtpx:TrackPointExtension>
            <gpxtpx:hr>136</gpxtpx:hr>
          </gpxtpx:TrackPointExtension>
        </extensions>
      </trkpt>
      <trkpt lat="29.602938773598378" lon="106.3168279263083">
        <ele>242.98779296875</ele>
        <time>2026-09-08T21:58:54Z</time>
        <extensions>
          <gpxtpx:TrackPointExtension>
            <gpxtpx:hr>136</gpxtpx:hr>
          </gpxtpx:TrackPointExtension>
        </extensions>
      </trkpt>
      <trkpt lat="29.602957169189985" lon="106.31661644421276">
        <ele>246.21026611328125</ele>
        <time>2026-09-08T21:59:00Z</time>
        <extensions>
          <gpxtpx:TrackPointExtension>
            <gpxtpx:hr>138</gpxtpx:hr>
          </gpxtpx:TrackPointExtension>
        </extensions>
      </trkpt>
      <trkpt lat="29.60293633066991" lon="106.31653464612681">
        <ele>248.16455078125</ele>
        <time>2026-09-08T21:59:03Z</time>
        <extensions>
          <gpxtpx:TrackPointExtension>
            <gpxtpx:hr>140</gpxtpx:hr>
          </gpxtpx:TrackPointExtension>
        </extensions>
      </trkpt>
      <trkpt lat="29.6028185482061" lon="106.31643888807398">
        <ele>253.595947265625</ele>
        <time>2026-09-08T21:59:09Z</time>
        <extensions>
          <gpxtpx:TrackPointExtension>
            <gpxtpx:hr>141</gpxtpx:hr>
          </gpxtpx:TrackPointExtension>
        </extensions>
      </trkpt>
      <trkpt lat="29.60275461690748" lon="106.3164129555186">
        <ele>254.70440673828125</ele>
        <time>2026-09-08T21:59:12Z</time>
        <extensions>
          <gpxtpx:TrackPointExtension>
            <gpxtpx:hr>140</gpxtpx:hr>
          </gpxtpx:TrackPointExtension>
        </extensions>
      </trkpt>
      <trkpt lat="29.602659594913032" lon="106.31643989520398">
        <ele>258.528076171875</ele>
        <time>2026-09-08T21:59:18Z</time>
        <extensions>
          <gpxtpx:TrackPointExtension>
            <gpxtpx:hr>141</gpxtpx:hr>
          </gpxtpx:TrackPointExtension>
        </extensions>
      </trkpt>
      <trkpt lat="29.602567381046228" lon="106.31656758760845">
        <ele>258.21356201171875</ele>
        <time>2026-09-08T21:59:24Z</time>
        <extensions>
          <gpxtpx:TrackPointExtension>
            <gpxtpx:hr>141</gpxtpx:hr>
          </gpxtpx:TrackPointExtension>
        </extensions>
      </trkpt>
      <trkpt lat="29.60255023872895" lon="106.3166453977531">
        <ele>255.14630126953125</ele>
        <time>2026-09-08T21:59:27Z</time>
        <extensions>
          <gpxtpx:TrackPointExtension>
            <gpxtpx:hr>141</gpxtpx:hr>
          </gpxtpx:TrackPointExtension>
        </extensions>
      </trkpt>
      <trkpt lat="29.60255383259542" lon="106.3168588735812">
        <ele>251.9451904296875</ele>
        <time>2026-09-08T21:59:36Z</time>
        <extensions>
          <gpxtpx:TrackPointExtension>
            <gpxtpx:hr>140</gpxtpx:hr>
          </gpxtpx:TrackPointExtension>
        </extensions>
      </trkpt>
      <trkpt lat="29.602611404001234" lon="106.31707533846412">
        <ele>248.857421875</ele>
        <time>2026-09-08T21:59:45Z</time>
        <extensions>
          <gpxtpx:TrackPointExtension>
            <gpxtpx:hr>139</gpxtpx:hr>
          </gpxtpx:TrackPointExtension>
        </extensions>
      </trkpt>
      <trkpt lat="29.60259224983613" lon="106.3172417814997">
        <ele>249.3045654296875</ele>
        <time>2026-09-08T21:59:51Z</time>
        <extensions>
          <gpxtpx:TrackPointExtension>
            <gpxtpx:hr>138</gpxtpx:hr>
          </gpxtpx:TrackPointExtension>
        </extensions>
      </trkpt>
      <trkpt lat="29.602565987691676" lon="106.31730178468862">
        <ele>248.31591796875</ele>
        <time>2026-09-08T21:59:54Z</time>
        <extensions>
          <gpxtpx:TrackPointExtension>
            <gpxtpx:hr>136</gpxtpx:hr>
          </gpxtpx:TrackPointExtension>
        </extensions>
      </trkpt>
      <trkpt lat="29.602409743492565" lon="106.31745541635252">
        <ele>249.72625732421875</ele>
        <time>2026-09-08T22:00:00Z</time>
        <extensions>
          <gpxtpx:TrackPointExtension>
            <gpxtpx:hr>134</gpxtpx:hr>
          </gpxtpx:TrackPointExtension>
        </extensions>
      </trkpt>
      <trkpt lat="29.602261684509283" lon="106.31751029032473">
        <ele>246.8907470703125</ele>
        <time>2026-09-08T22:00:06Z</time>
        <extensions>
          <gpxtpx:TrackPointExtension>
            <gpxtpx:hr>138</gpxtpx:hr>
          </gpxtpx:TrackPointExtension>
        </extensions>
      </trkpt>
      <trkpt lat="29.602095100388542" lon="106.31752087004311">
        <ele>249.859375</ele>
        <time>2026-09-08T22:00:12Z</time>
        <extensions>
          <gpxtpx:TrackPointExtension>
            <gpxtpx:hr>139</gpxtpx:hr>
          </gpxtpx:TrackPointExtension>
        </extensions>
      </trkpt>
      <trkpt lat="29.60202403619393" lon="106.31755702235438">
        <ele>252.50213623046875</ele>
        <time>2026-09-08T22:00:18Z</time>
        <extensions>
          <gpxtpx:TrackPointExtension>
            <gpxtpx:hr>139</gpxtpx:hr>
          </gpxtpx:TrackPointExtension>
        </extensions>
      </trkpt>
      <trkpt lat="29.601946352324134" lon="106.3177357545891">
        <ele>258.01611328125</ele>
        <time>2026-09-08T22:00:27Z</time>
        <extensions>
          <gpxtpx:TrackPointExtension>
            <gpxtpx:hr>138</gpxtpx:hr>
          </gpxtpx:TrackPointExtension>
        </extensions>
      </trkpt>
      <trkpt lat="29.601913087252246" lon="106.31788040049702">
        <ele>254.8189697265625</ele>
        <time>2026-09-08T22:00:33Z</time>
        <extensions>
          <gpxtpx:TrackPointExtension>
            <gpxtpx:hr>138</gpxtpx:hr>
          </gpxtpx:TrackPointExtension>
        </extensions>
      </trkpt>
      <trkpt lat="29.60193103060562" lon="106.31827034152778">
        <ele>254.67425537109375</ele>
        <time>2026-09-08T22:00:48Z</time>
        <extensions>
          <gpxtpx:TrackPointExtension>
            <gpxtpx:hr>138</gpxtpx:hr>
          </gpxtpx:TrackPointExtension>
        </extensions>
      </trkpt>
      <trkpt lat="29.601945975043765" lon="106.31845897278075">
        <ele>256.97308349609375</ele>
        <time>2026-09-08T22:00:54Z</time>
        <extensions>
          <gpxtpx:TrackPointExtension>
            <gpxtpx:hr>138</gpxtpx:hr>
          </gpxtpx:TrackPointExtension>
        </extensions>
      </trkpt>
      <trkpt lat="29.601891687386885" lon="106.31861858238501">
        <ele>253.3184814453125</ele>
        <time>2026-09-08T22:01:00Z</time>
        <extensions>
          <gpxtpx:TrackPointExtension>
            <gpxtpx:hr>140</gpxtpx:hr>
          </gpxtpx:TrackPointExtension>
        </extensions>
      </trkpt>
      <trkpt lat="29.60185706430928" lon="106.31895076467191">
        <ele>255.13623046875</ele>
        <time>2026-09-08T22:01:12Z</time>
        <extensions>
          <gpxtpx:TrackPointExtension>
            <gpxtpx:hr>140</gpxtpx:hr>
          </gpxtpx:TrackPointExtension>
        </extensions>
      </trkpt>
      <trkpt lat="29.601876466108248" lon="106.31926099730299">
        <ele>255.19287109375</ele>
        <time>2026-09-08T22:01:24Z</time>
        <extensions>
          <gpxtpx:TrackPointExtension>
            <gpxtpx:hr>139</gpxtpx:hr>
          </gpxtpx:TrackPointExtension>
        </extensions>
      </trkpt>
      <trkpt lat="29.60192316599636" lon="106.31941062475198">
        <ele>256.2027587890625</ele>
        <time>2026-09-08T22:01:30Z</time>
        <extensions>
          <gpxtpx:TrackPointExtension>
            <gpxtpx:hr>139</gpxtpx:hr>
          </gpxtpx:TrackPointExtension>
        </extensions>
      </trkpt>
      <trkpt lat="29.601945617788996" lon="106.31969392305129">
        <ele>255.06011962890625</ele>
        <time>2026-09-08T22:01:42Z</time>
        <extensions>
          <gpxtpx:TrackPointExtension>
            <gpxtpx:hr>137</gpxtpx:hr>
          </gpxtpx:TrackPointExtension>
        </extensions>
      </trkpt>
      <trkpt lat="29.601970461446257" lon="106.31977172913363">
        <ele>254.6478271484375</ele>
        <time>2026-09-08T22:01:45Z</time>
        <extensions>
          <gpxtpx:TrackPointExtension>
            <gpxtpx:hr>136</gpxtpx:hr>
          </gpxtpx:TrackPointExtension>
        </extensions>
      </trkpt>
      <trkpt lat="29.601957011642043" lon="106.32000914264017">
        <ele>253.187255859375</ele>
        <time>2026-09-08T22:01:54Z</time>
        <extensions>
          <gpxtpx:TrackPointExtension>
            <gpxtpx:hr>134</gpxtpx:hr>
          </gpxtpx:TrackPointExtension>
        </extensions>
      </trkpt>
      <trkpt lat="29.602040222652498" lon="106.31988544364434">
        <ele>252.108154296875</ele>
        <time>2026-09-08T22:02:00Z</time>
        <extensions>
          <gpxtpx:TrackPointExtension>
            <gpxtpx:hr>134</gpxtpx:hr>
          </gpxtpx:TrackPointExtension>
        </extensions>
      </trkpt>
      <trkpt lat="29.60210325673198" lon="106.31985750893381">
        <ele>251.9532470703125</ele>
        <time>2026-09-08T22:02:03Z</time>
        <extensions>
          <gpxtpx:TrackPointExtension>
            <gpxtpx:hr>134</gpxtpx:hr>
          </gpxtpx:TrackPointExtension>
        </extensions>
      </trkpt>
      <trkpt lat="29.602256253716604" lon="106.31983455645529">
        <ele>251.85101318359375</ele>
        <time>2026-09-08T22:02:09Z</time>
        <extensions>
          <gpxtpx:TrackPointExtension>
            <gpxtpx:hr>136</gpxtpx:hr>
          </gpxtpx:TrackPointExtension>
        </extensions>
      </trkpt>
      <trkpt lat="29.602426350372422" lon="106.31975673863718">
        <ele>249.65155029296875</ele>
        <time>2026-09-08T22:02:18Z</time>
        <extensions>
          <gpxtpx:TrackPointExtension>
            <gpxtpx:hr>136</gpxtpx:hr>
          </gpxtpx:TrackPointExtension>
        </extensions>
      </trkpt>
      <trkpt lat="29.602446456713047" lon="106.31969788297103">
        <ele>247.508056640625</ele>
        <time>2026-09-08T22:02:24Z</time>
        <extensions>
          <gpxtpx:TrackPointExtension>
            <gpxtpx:hr>137</gpxtpx:hr>
          </gpxtpx:TrackPointExtension>
        </extensions>
      </trkpt>
      <trkpt lat="29.602423553329558" lon="106.31965100028451">
        <ele>248.05908203125</ele>
        <time>2026-09-08T22:02:27Z</time>
        <extensions>
          <gpxtpx:TrackPointExtension>
            <gpxtpx:hr>138</gpxtpx:hr>
          </gpxtpx:TrackPointExtension>
        </extensions>
      </trkpt>
      <trkpt lat="29.60255548772636" lon="106.31955201848457">
        <ele>253.6087646484375</ele>
        <time>2026-09-08T22:02:36Z</time>
        <extensions>
          <gpxtpx:TrackPointExtension>
            <gpxtpx:hr>139</gpxtpx:hr>
          </gpxtpx:TrackPointExtension>
        </extensions>
      </trkpt>
      <trkpt lat="29.602714778743557" lon="106.31948638962498">
        <ele>260.597900390625</ele>
        <time>2026-09-08T22:02:42Z</time>
        <extensions>
          <gpxtpx:TrackPointExtension>
            <gpxtpx:hr>138</gpxtpx:hr>
          </gpxtpx:TrackPointExtension>
        </extensions>
      </trkpt>
      <trkpt lat="29.602786855805867" lon="106.31943451348661">
        <ele>257.99072265625</ele>
        <time>2026-09-08T22:02:45Z</time>
        <extensions>
          <gpxtpx:TrackPointExtension>
            <gpxtpx:hr>137</gpxtpx:hr>
          </gpxtpx:TrackPointExtension>
        </extensions>
      </trkpt>
      <trkpt lat="29.602832000161314" lon="106.31935171537664">
        <ele>255.98431396484375</ele>
        <time>2026-09-08T22:02:48Z</time>
        <extensions>
          <gpxtpx:TrackPointExtension>
            <gpxtpx:hr>138</gpxtpx:hr>
          </gpxtpx:TrackPointExtension>
        </extensions>
      </trkpt>
      <trkpt lat="29.602889456904098" lon="106.31910332553305">
        <ele>256.3564453125</ele>
        <time>2026-09-08T22:02:57Z</time>
        <extensions>
          <gpxtpx:TrackPointExtension>
            <gpxtpx:hr>146</gpxtpx:hr>
          </gpxtpx:TrackPointExtension>
        </extensions>
      </trkpt>
      <trkpt lat="29.60292058639826" lon="106.31903050348954">
        <ele>254.67425537109375</ele>
        <time>2026-09-08T22:03:00Z</time>
        <extensions>
          <gpxtpx:TrackPointExtension>
            <gpxtpx:hr>148</gpxtpx:hr>
          </gpxtpx:TrackPointExtension>
        </extensions>
      </trkpt>
      <trkpt lat="29.602925737134115" lon="106.31895070022354">
        <ele>254.7894287109375</ele>
        <time>2026-09-08T22:03:03Z</time>
        <extensions>
          <gpxtpx:TrackPointExtension>
            <gpxtpx:hr>148</gpxtpx:hr>
          </gpxtpx:TrackPointExtension>
        </extensions>
      </trkpt>
      <trkpt lat="29.602955929679727" lon="106.31884495943189">
        <ele>254.4144287109375</ele>
        <time>2026-09-08T22:03:06Z</time>
        <extensions>
          <gpxtpx:TrackPointExtension>
            <gpxtpx:hr>148</gpxtpx:hr>
          </gpxtpx:TrackPointExtension>
        </extensions>
      </trkpt>
      <trkpt lat="29.602965109568878" lon="106.31874919522717">
        <ele>256.50799560546875</ele>
        <time>2026-09-08T22:03:09Z</time>
        <extensions>
          <gpxtpx:TrackPointExtension>
            <gpxtpx:hr>148</gpxtpx:hr>
          </gpxtpx:TrackPointExtension>
        </extensions>
      </trkpt>
      <trkpt lat="29.602926454309532" lon="106.31857462826532">
        <ele>253.96185302734375</ele>
        <time>2026-09-08T22:03:15Z</time>
        <extensions>
          <gpxtpx:TrackPointExtension>
            <gpxtpx:hr>149</gpxtpx:hr>
          </gpxtpx:TrackPointExtension>
        </extensions>
      </trkpt>
      <trkpt lat="29.602889596803816" lon="106.3185058002599">
        <ele>252.99267578125</ele>
        <time>2026-09-08T22:03:18Z</time>
        <extensions>
          <gpxtpx:TrackPointExtension>
            <gpxtpx:hr>149</gpxtpx:hr>
          </gpxtpx:TrackPointExtension>
        </extensions>
      </trkpt>
      <trkpt lat="29.60286918287086" lon="106.31820155158816">
        <ele>255.3057861328125</ele>
        <time>2026-09-08T22:03:30Z</time>
        <extensions>
          <gpxtpx:TrackPointExtension>
            <gpxtpx:hr>150</gpxtpx:hr>
          </gpxtpx:TrackPointExtension>
        </extensions>
      </trkpt>
      <trkpt lat="29.602939510970533" lon="106.31801799958708">
        <ele>253.41912841796875</ele>
        <time>2026-09-08T22:03:36Z</time>
        <extensions>
          <gpxtpx:TrackPointExtension>
            <gpxtpx:hr>149</gpxtpx:hr>
          </gpxtpx:TrackPointExtension>
        </extensions>
      </trkpt>
      <trkpt lat="29.602924741486877" lon="106.31789929284295">
        <ele>251.773193359375</ele>
        <time>2026-09-08T22:03:39Z</time>
        <extensions>
          <gpxtpx:TrackPointExtension>
            <gpxtpx:hr>150</gpxtpx:hr>
          </gpxtpx:TrackPointExtension>
        </extensions>
      </trkpt>
      <trkpt lat="29.60296273731962" lon="106.31751191444812">
        <ele>245.92523193359375</ele>
        <time>2026-09-08T22:03:54Z</time>
        <extensions>
          <gpxtpx:TrackPointExtension>
            <gpxtpx:hr>150</gpxtpx:hr>
          </gpxtpx:TrackPointExtension>
        </extensions>
      </trkpt>
      <trkpt lat="29.602974158591667" lon="106.31714614257997">
        <ele>245.1015625</ele>
        <time>2026-09-08T22:04:06Z</time>
        <extensions>
          <gpxtpx:TrackPointExtension>
            <gpxtpx:hr>150</gpxtpx:hr>
          </gpxtpx:TrackPointExtension>
        </extensions>
      </trkpt>
      <trkpt lat="29.602962784797878" lon="106.31683582094773">
        <ele>245.6258544921875</ele>
        <time>2026-09-08T22:04:18Z</time>
        <extensions>
          <gpxtpx:TrackPointExtension>
            <gpxtpx:hr>148</gpxtpx:hr>
          </gpxtpx:TrackPointExtension>
        </extensions>
      </trkpt>
      <trkpt lat="29.602955131307862" lon="106.31663741696248">
        <ele>249.8280029296875</ele>
        <time>2026-09-08T22:04:24Z</time>
        <extensions>
          <gpxtpx:TrackPointExtension>
            <gpxtpx:hr>147</gpxtpx:hr>
          </gpxtpx:TrackPointExtension>
        </extensions>
      </trkpt>
      <trkpt lat="29.602904419852237" lon="106.31649275080561">
        <ele>251.3106689453125</ele>
        <time>2026-09-08T22:04:30Z</time>
        <extensions>
          <gpxtpx:TrackPointExtension>
            <gpxtpx:hr>147</gpxtpx:hr>
          </gpxtpx:TrackPointExtension>
        </extensions>
      </trkpt>
      <trkpt lat="29.602746634472883" lon="106.31640497556556">
        <ele>252.34063720703125</ele>
        <time>2026-09-08T22:04:36Z</time>
        <extensions>
          <gpxtpx:TrackPointExtension>
            <gpxtpx:hr>146</gpxtpx:hr>
          </gpxtpx:TrackPointExtension>
        </extensions>
      </trkpt>
      <trkpt lat="29.602684662874513" lon="106.31639999152745">
        <ele>253.53680419921875</ele>
        <time>2026-09-08T22:04:39Z</time>
        <extensions>
          <gpxtpx:TrackPointExtension>
            <gpxtpx:hr>147</gpxtpx:hr>
          </gpxtpx:TrackPointExtension>
        </extensions>
      </trkpt>
      <trkpt lat="29.602566351095163" lon="106.31658354851776">
        <ele>254.13177490234375</ele>
        <time>2026-09-08T22:04:48Z</time>
        <extensions>
          <gpxtpx:TrackPointExtension>
            <gpxtpx:hr>146</gpxtpx:hr>
          </gpxtpx:TrackPointExtension>
        </extensions>
      </trkpt>
      <trkpt lat="29.602546075062087" lon="106.31685289648848">
        <ele>250.044921875</ele>
        <time>2026-09-08T22:05:00Z</time>
        <extensions>
          <gpxtpx:TrackPointExtension>
            <gpxtpx:hr>145</gpxtpx:hr>
          </gpxtpx:TrackPointExtension>
        </extensions>
      </trkpt>
      <trkpt lat="29.602581739795287" lon="106.3169194760108">
        <ele>246.5208740234375</ele>
        <time>2026-09-08T22:05:03Z</time>
        <extensions>
          <gpxtpx:TrackPointExtension>
            <gpxtpx:hr>145</gpxtpx:hr>
          </gpxtpx:TrackPointExtension>
        </extensions>
      </trkpt>
      <trkpt lat="29.602595356385944" lon="106.31700197341581">
        <ele>247.185791015625</ele>
        <time>2026-09-08T22:05:06Z</time>
        <extensions>
          <gpxtpx:TrackPointExtension>
            <gpxtpx:hr>145</gpxtpx:hr>
          </gpxtpx:TrackPointExtension>
        </extensions>
      </trkpt>
      <trkpt lat="29.60257933619283" lon="106.31716383174303">
        <ele>247.679931640625</ele>
        <time>2026-09-08T22:05:12Z</time>
        <extensions>
          <gpxtpx:TrackPointExtension>
            <gpxtpx:hr>146</gpxtpx:hr>
          </gpxtpx:TrackPointExtension>
        </extensions>
      </trkpt>
      <trkpt lat="29.60250518839258" lon="106.31734437219117">
        <ele>251.771240234375</ele>
        <time>2026-09-08T22:05:18Z</time>
        <extensions>
          <gpxtpx:TrackPointExtension>
            <gpxtpx:hr>146</gpxtpx:hr>
          </gpxtpx:TrackPointExtension>
        </extensions>
      </trkpt>
      <trkpt lat="29.602434796512462" lon="106.31742349335015">
        <ele>252.7154541015625</ele>
        <time>2026-09-08T22:05:21Z</time>
        <extensions>
          <gpxtpx:TrackPointExtension>
            <gpxtpx:hr>146</gpxtpx:hr>
          </gpxtpx:TrackPointExtension>
        </extensions>
      </trkpt>
      <trkpt lat="29.602288698997448" lon="106.31749831814224">
        <ele>251.69244384765625</ele>
        <time>2026-09-08T22:05:27Z</time>
        <extensions>
          <gpxtpx:TrackPointExtension>
            <gpxtpx:hr>145</gpxtpx:hr>
          </gpxtpx:TrackPointExtension>
        </extensions>
      </trkpt>
      <trkpt lat="29.602218693885014" lon="106.31751228800807">
        <ele>250.38140869140625</ele>
        <time>2026-09-08T22:05:30Z</time>
        <extensions>
          <gpxtpx:TrackPointExtension>
            <gpxtpx:hr>145</gpxtpx:hr>
          </gpxtpx:TrackPointExtension>
        </extensions>
      </trkpt>
      <trkpt lat="29.60208877353193" lon="106.31749134736782">
        <ele>250.39910888671875</ele>
        <time>2026-09-08T22:05:36Z</time>
        <extensions>
          <gpxtpx:TrackPointExtension>
            <gpxtpx:hr>144</gpxtpx:hr>
          </gpxtpx:TrackPointExtension>
        </extensions>
      </trkpt>
      <trkpt lat="29.602044721927673" lon="106.31751055205837">
        <ele>249.78955078125</ele>
        <time>2026-09-08T22:05:39Z</time>
        <extensions>
          <gpxtpx:TrackPointExtension>
            <gpxtpx:hr>144</gpxtpx:hr>
          </gpxtpx:TrackPointExtension>
        </extensions>
      </trkpt>
      <trkpt lat="29.60194253189267" lon="106.31764198559404">
        <ele>257.355224609375</ele>
        <time>2026-09-08T22:05:48Z</time>
        <extensions>
          <gpxtpx:TrackPointExtension>
            <gpxtpx:hr>143</gpxtpx:hr>
          </gpxtpx:TrackPointExtension>
        </extensions>
      </trkpt>
      <trkpt lat="29.60189823610273" lon="106.31780458805348">
        <ele>259.93731689453125</ele>
        <time>2026-09-08T22:05:54Z</time>
        <extensions>
          <gpxtpx:TrackPointExtension>
            <gpxtpx:hr>141</gpxtpx:hr>
          </gpxtpx:TrackPointExtension>
        </extensions>
      </trkpt>
      <trkpt lat="29.601886924583436" lon="106.31802508902705">
        <ele>259.3587646484375</ele>
        <time>2026-09-08T22:06:03Z</time>
        <extensions>
          <gpxtpx:TrackPointExtension>
            <gpxtpx:hr>137</gpxtpx:hr>
          </gpxtpx:TrackPointExtension>
        </extensions>
      </trkpt>
      <trkpt lat="29.601888297366227" lon="106.31828962882132">
        <ele>255.11651611328125</ele>
        <time>2026-09-08T22:06:15Z</time>
        <extensions>
          <gpxtpx:TrackPointExtension>
            <gpxtpx:hr>133</gpxtpx:hr>
          </gpxtpx:TrackPointExtension>
        </extensions>
      </trkpt>
      <trkpt lat="29.601903903161457" lon="106.31836329140683">
        <ele>254.802490234375</ele>
        <time>2026-09-08T22:06:18Z</time>
        <extensions>
          <gpxtpx:TrackPointExtension>
            <gpxtpx:hr>134</gpxtpx:hr>
          </gpxtpx:TrackPointExtension>
        </extensions>
      </trkpt>
      <trkpt lat="29.601881217227714" lon="106.31872004797245">
        <ele>257.3853759765625</ele>
        <time>2026-09-08T22:06:30Z</time>
        <extensions>
          <gpxtpx:TrackPointExtension>
            <gpxtpx:hr>140</gpxtpx:hr>
          </gpxtpx:TrackPointExtension>
        </extensions>
      </trkpt>
      <trkpt lat="29.601863060938157" lon="106.31903894224992">
        <ele>257.91119384765625</ele>
        <time>2026-09-08T22:06:42Z</time>
        <extensions>
          <gpxtpx:TrackPointExtension>
            <gpxtpx:hr>140</gpxtpx:hr>
          </gpxtpx:TrackPointExtension>
        </extensions>
      </trkpt>
      <trkpt lat="29.601883475387705" lon="106.31925501166714">
        <ele>256.5120849609375</ele>
        <time>2026-09-08T22:06:51Z</time>
        <extensions>
          <gpxtpx:TrackPointExtension>
            <gpxtpx:hr>143</gpxtpx:hr>
          </gpxtpx:TrackPointExtension>
        </extensions>
      </trkpt>
      <trkpt lat="29.601911547952174" lon="106.31930165925985">
        <ele>256.509033203125</ele>
        <time>2026-09-08T22:06:54Z</time>
        <extensions>
          <gpxtpx:TrackPointExtension>
            <gpxtpx:hr>143</gpxtpx:hr>
          </gpxtpx:TrackPointExtension>
        </extensions>
      </trkpt>
      <trkpt lat="29.601910766983483" lon="106.31963999996469">
        <ele>258.7447509765625</ele>
        <time>2026-09-08T22:07:06Z</time>
        <extensions>
          <gpxtpx:TrackPointExtension>
            <gpxtpx:hr>141</gpxtpx:hr>
          </gpxtpx:TrackPointExtension>
        </extensions>
      </trkpt>
      <trkpt lat="29.6019441681835" lon="106.31992934085831">
        <ele>262.7708740234375</ele>
        <time>2026-09-08T22:07:15Z</time>
        <extensions>
          <gpxtpx:TrackPointExtension>
            <gpxtpx:hr>141</gpxtpx:hr>
          </gpxtpx:TrackPointExtension>
        </extensions>
      </trkpt>
      <trkpt lat="29.601941010826202" lon="106.32001213620084">
        <ele>261.977783203125</ele>
        <time>2026-09-08T22:07:18Z</time>
        <extensions>
          <gpxtpx:TrackPointExtension>
            <gpxtpx:hr>141</gpxtpx:hr>
          </gpxtpx:TrackPointExtension>
        </extensions>
      </trkpt>
      <trkpt lat="29.602215254833578" lon="106.31984054412416">
        <ele>252.2637939453125</ele>
        <time>2026-09-08T22:07:33Z</time>
        <extensions>
          <gpxtpx:TrackPointExtension>
            <gpxtpx:hr>147</gpxtpx:hr>
          </gpxtpx:TrackPointExtension>
        </extensions>
      </trkpt>
      <trkpt lat="29.60228030927995" lon="106.31980163642598">
        <ele>253.2874755859375</ele>
        <time>2026-09-08T22:07:36Z</time>
        <extensions>
          <gpxtpx:TrackPointExtension>
            <gpxtpx:hr>148</gpxtpx:hr>
          </gpxtpx:TrackPointExtension>
        </extensions>
      </trkpt>
      <trkpt lat="29.602453890295944" lon="106.31978556125652">
        <ele>254.0001220703125</ele>
        <time>2026-09-08T22:07:42Z</time>
        <extensions>
          <gpxtpx:TrackPointExtension>
            <gpxtpx:hr>149</gpxtpx:hr>
          </gpxtpx:TrackPointExtension>
        </extensions>
      </trkpt>
      <trkpt lat="29.60244351480966" lon="106.31966795714881">
        <ele>256.28997802734375</ele>
        <time>2026-09-08T22:07:54Z</time>
        <extensions>
          <gpxtpx:TrackPointExtension>
            <gpxtpx:hr>151</gpxtpx:hr>
          </gpxtpx:TrackPointExtension>
        </extensions>
      </trkpt>
      <trkpt lat="29.602519598282466" lon="106.31961209068115">
        <ele>261.3232421875</ele>
        <time>2026-09-08T22:08:00Z</time>
        <extensions>
          <gpxtpx:TrackPointExtension>
            <gpxtpx:hr>150</gpxtpx:hr>
          </gpxtpx:TrackPointExtension>
        </extensions>
      </trkpt>
      <trkpt lat="29.602613603835024" lon="106.31959412940347">
        <ele>258.1494140625</ele>
        <time>2026-09-08T22:08:06Z</time>
        <extensions>
          <gpxtpx:TrackPointExtension>
            <gpxtpx:hr>147</gpxtpx:hr>
          </gpxtpx:TrackPointExtension>
        </extensions>
      </trkpt>
      <trkpt lat="29.602720723561525" lon="106.31951432022488">
        <ele>257.90118408203125</ele>
        <time>2026-09-08T22:08:12Z</time>
        <extensions>
          <gpxtpx:TrackPointExtension>
            <gpxtpx:hr>146</gpxtpx:hr>
          </gpxtpx:TrackPointExtension>
        </extensions>
      </trkpt>
      <trkpt lat="29.602833986217096" lon="106.3193586980017">
        <ele>253.74102783203125</ele>
        <time>2026-09-08T22:08:18Z</time>
        <extensions>
          <gpxtpx:TrackPointExtension>
            <gpxtpx:hr>146</gpxtpx:hr>
          </gpxtpx:TrackPointExtension>
        </extensions>
      </trkpt>
      <trkpt lat="29.60293144978719" lon="106.31910033039138">
        <ele>252.9876708984375</ele>
        <time>2026-09-08T22:08:27Z</time>
        <extensions>
          <gpxtpx:TrackPointExtension>
            <gpxtpx:hr>144</gpxtpx:hr>
          </gpxtpx:TrackPointExtension>
        </extensions>
      </trkpt>
      <trkpt lat="29.602961885987543" lon="106.31886690490201">
        <ele>252.42181396484375</ele>
        <time>2026-09-08T22:08:36Z</time>
        <extensions>
          <gpxtpx:TrackPointExtension>
            <gpxtpx:hr>141</gpxtpx:hr>
          </gpxtpx:TrackPointExtension>
        </extensions>
      </trkpt>
      <trkpt lat="29.60295218011551" lon="106.31871428216255">
        <ele>247.70977783203125</ele>
        <time>2026-09-08T22:08:42Z</time>
        <extensions>
          <gpxtpx:TrackPointExtension>
            <gpxtpx:hr>140</gpxtpx:hr>
          </gpxtpx:TrackPointExtension>
        </extensions>
      </trkpt>
      <trkpt lat="29.60290055357483" lon="106.31853074143203">
        <ele>249.9560546875</ele>
        <time>2026-09-08T22:08:48Z</time>
        <extensions>
          <gpxtpx:TrackPointExtension>
            <gpxtpx:hr>140</gpxtpx:hr>
          </gpxtpx:TrackPointExtension>
        </extensions>
      </trkpt>
      <trkpt lat="29.602929016346113" lon="106.3182793562068">
        <ele>252.7020263671875</ele>
        <time>2026-09-08T22:08:57Z</time>
        <extensions>
          <gpxtpx:TrackPointExtension>
            <gpxtpx:hr>140</gpxtpx:hr>
          </gpxtpx:TrackPointExtension>
        </extensions>
      </trkpt>
      <trkpt lat="29.60289434619602" lon="106.31811177130156">
        <ele>249.90240478515625</ele>
        <time>2026-09-08T22:09:03Z</time>
        <extensions>
          <gpxtpx:TrackPointExtension>
            <gpxtpx:hr>139</gpxtpx:hr>
          </gpxtpx:TrackPointExtension>
        </extensions>
      </trkpt>
      <trkpt lat="29.602924599098827" lon="106.31797410859822">
        <ele>249.5821533203125</ele>
        <time>2026-09-08T22:09:09Z</time>
        <extensions>
          <gpxtpx:TrackPointExtension>
            <gpxtpx:hr>138</gpxtpx:hr>
          </gpxtpx:TrackPointExtension>
        </extensions>
      </trkpt>
      <trkpt lat="29.60295124780694" lon="106.31762895670614">
        <ele>246.30908203125</ele>
        <time>2026-09-08T22:09:24Z</time>
        <extensions>
          <gpxtpx:TrackPointExtension>
            <gpxtpx:hr>137</gpxtpx:hr>
          </gpxtpx:TrackPointExtension>
        </extensions>
      </trkpt>
      <trkpt lat="29.60294005430957" lon="106.31738107398738">
        <ele>251.241455078125</ele>
        <time>2026-09-08T22:09:33Z</time>
        <extensions>
          <gpxtpx:TrackPointExtension>
            <gpxtpx:hr>136</gpxtpx:hr>
          </gpxtpx:TrackPointExtension>
        </extensions>
      </trkpt>
      <trkpt lat="29.60294805096543" lon="106.31720699461046">
        <ele>252.2373046875</ele>
        <time>2026-09-08T22:09:39Z</time>
        <extensions>
          <gpxtpx:TrackPointExtension>
            <gpxtpx:hr>135</gpxtpx:hr>
          </gpxtpx:TrackPointExtension>
        </extensions>
      </trkpt>
      <trkpt lat="29.602934577963914" lon="106.3169316718281">
        <ele>250.199951171875</ele>
        <time>2026-09-08T22:09:51Z</time>
        <extensions>
          <gpxtpx:TrackPointExtension>
            <gpxtpx:hr>135</gpxtpx:hr>
          </gpxtpx:TrackPointExtension>
        </extensions>
      </trkpt>
      <trkpt lat="29.60290948391451" lon="106.31656013153545">
        <ele>250.84588623046875</ele>
        <time>2026-09-08T22:10:06Z</time>
        <extensions>
          <gpxtpx:TrackPointExtension>
            <gpxtpx:hr>137</gpxtpx:hr>
          </gpxtpx:TrackPointExtension>
        </extensions>
      </trkpt>
      <trkpt lat="29.60290741893591" lon="106.31649275062493">
        <ele>252.5653076171875</ele>
        <time>2026-09-08T22:10:09Z</time>
        <extensions>
          <gpxtpx:TrackPointExtension>
            <gpxtpx:hr>136</gpxtpx:hr>
          </gpxtpx:TrackPointExtension>
        </extensions>
      </trkpt>
      <trkpt lat="29.602865526285754" lon="106.31644287545977">
        <ele>252.8614501953125</ele>
        <time>2026-09-08T22:10:12Z</time>
        <extensions>
          <gpxtpx:TrackPointExtension>
            <gpxtpx:hr>137</gpxtpx:hr>
          </gpxtpx:TrackPointExtension>
        </extensions>
      </trkpt>
      <trkpt lat="29.602728681553494" lon="106.31638303045115">
        <ele>252.4345703125</ele>
        <time>2026-09-08T22:10:18Z</time>
        <extensions>
          <gpxtpx:TrackPointExtension>
            <gpxtpx:hr>137</gpxtpx:hr>
          </gpxtpx:TrackPointExtension>
        </extensions>
      </trkpt>
      <trkpt lat="29.602672694892284" lon="106.31638502893281">
        <ele>251.2606201171875</ele>
        <time>2026-09-08T22:10:21Z</time>
        <extensions>
          <gpxtpx:TrackPointExtension>
            <gpxtpx:hr>137</gpxtpx:hr>
          </gpxtpx:TrackPointExtension>
        </extensions>
      </trkpt>
      <trkpt lat="29.60262966268011" lon="106.31640897282935">
        <ele>250.417236328125</ele>
        <time>2026-09-08T22:10:24Z</time>
        <extensions>
          <gpxtpx:TrackPointExtension>
            <gpxtpx:hr>138</gpxtpx:hr>
          </gpxtpx:TrackPointExtension>
        </extensions>
      </trkpt>
      <trkpt lat="29.602586575648473" lon="106.31646184578918">
        <ele>251.196533203125</ele>
        <time>2026-09-08T22:10:27Z</time>
        <extensions>
          <gpxtpx:TrackPointExtension>
            <gpxtpx:hr>137</gpxtpx:hr>
          </gpxtpx:TrackPointExtension>
        </extensions>
      </trkpt>
      <trkpt lat="29.60255043351919" lon="106.3165426498017">
        <ele>252.77947998046875</ele>
        <time>2026-09-08T22:10:30Z</time>
        <extensions>
          <gpxtpx:TrackPointExtension>
            <gpxtpx:hr>136</gpxtpx:hr>
          </gpxtpx:TrackPointExtension>
        </extensions>
      </trkpt>
      <trkpt lat="29.60254905553403" lon="106.3167421603733">
        <ele>248.7427978515625</ele>
        <time>2026-09-08T22:10:39Z</time>
        <extensions>
          <gpxtpx:TrackPointExtension>
            <gpxtpx:hr>136</gpxtpx:hr>
          </gpxtpx:TrackPointExtension>
        </extensions>
      </trkpt>
      <trkpt lat="29.60260166837199" lon="106.31693767718959">
        <ele>246.80218505859375</ele>
        <time>2026-09-08T22:10:48Z</time>
        <extensions>
          <gpxtpx:TrackPointExtension>
            <gpxtpx:hr>136</gpxtpx:hr>
          </gpxtpx:TrackPointExtension>
        </extensions>
      </trkpt>
      <trkpt lat="29.602608298476802" lon="106.31701346777112">
        <ele>246.96527099609375</ele>
        <time>2026-09-08T22:10:51Z</time>
        <extensions>
          <gpxtpx:TrackPointExtension>
            <gpxtpx:hr>136</gpxtpx:hr>
          </gpxtpx:TrackPointExtension>
        </extensions>
      </trkpt>
      <trkpt lat="29.60257729517079" lon="106.31720648354394">
        <ele>251.3089599609375</ele>
        <time>2026-09-08T22:10:58Z</time>
        <extensions>
          <gpxtpx:TrackPointExtension>
            <gpxtpx:hr>137</gpxtpx:hr>
          </gpxtpx:TrackPointExtension>
        </extensions>
      </trkpt>
      <trkpt lat="29.602512888285474" lon="106.31736263827919">
        <ele>252.29473876953125</ele>
        <time>2026-09-08T22:11:04Z</time>
        <extensions>
          <gpxtpx:TrackPointExtension>
            <gpxtpx:hr>137</gpxtpx:hr>
          </gpxtpx:TrackPointExtension>
        </extensions>
      </trkpt>
      <trkpt lat="29.602348699590994" lon="106.31748833906332">
        <ele>249.32293701171875</ele>
        <time>2026-09-08T22:11:13Z</time>
        <extensions>
          <gpxtpx:TrackPointExtension>
            <gpxtpx:hr>138</gpxtpx:hr>
          </gpxtpx:TrackPointExtension>
        </extensions>
      </trkpt>
      <trkpt lat="29.6020737730455" lon="106.31751024222231">
        <ele>248.802734375</ele>
        <time>2026-09-08T22:11:28Z</time>
        <extensions>
          <gpxtpx:TrackPointExtension>
            <gpxtpx:hr>137</gpxtpx:hr>
          </gpxtpx:TrackPointExtension>
        </extensions>
      </trkpt>
      <trkpt lat="29.601970356642987" lon="106.3175914347116">
        <ele>255.852294921875</ele>
        <time>2026-09-08T22:11:34Z</time>
        <extensions>
          <gpxtpx:TrackPointExtension>
            <gpxtpx:hr>138</gpxtpx:hr>
          </gpxtpx:TrackPointExtension>
        </extensions>
      </trkpt>
      <trkpt lat="29.601925981452755" lon="106.31767207081984">
        <ele>256.288818359375</ele>
        <time>2026-09-08T22:11:37Z</time>
        <extensions>
          <gpxtpx:TrackPointExtension>
            <gpxtpx:hr>138</gpxtpx:hr>
          </gpxtpx:TrackPointExtension>
        </extensions>
      </trkpt>
      <trkpt lat="29.601875105865833" lon="106.31803862586438">
        <ele>254.68072509765625</ele>
        <time>2026-09-08T22:11:52Z</time>
        <extensions>
          <gpxtpx:TrackPointExtension>
            <gpxtpx:hr>138</gpxtpx:hr>
          </gpxtpx:TrackPointExtension>
        </extensions>
      </trkpt>
      <trkpt lat="29.60185205472971" lon="106.31823811357835">
        <ele>255.50787353515625</ele>
        <time>2026-09-08T22:12:01Z</time>
        <extensions>
          <gpxtpx:TrackPointExtension>
            <gpxtpx:hr>136</gpxtpx:hr>
          </gpxtpx:TrackPointExtension>
        </extensions>
      </trkpt>
      <trkpt lat="29.601879995281642" lon="106.31845897675889">
        <ele>256.2935791015625</ele>
        <time>2026-09-08T22:12:10Z</time>
        <extensions>
          <gpxtpx:TrackPointExtension>
            <gpxtpx:hr>134</gpxtpx:hr>
          </gpxtpx:TrackPointExtension>
        </extensions>
      </trkpt>
      <trkpt lat="29.601877655705593" lon="106.31878394105101">
        <ele>256.05560302734375</ele>
        <time>2026-09-08T22:12:22Z</time>
        <extensions>
          <gpxtpx:TrackPointExtension>
            <gpxtpx:hr>136</gpxtpx:hr>
          </gpxtpx:TrackPointExtension>
        </extensions>
      </trkpt>
      <trkpt lat="29.60185567439016" lon="106.31915525976405">
        <ele>256.67138671875</ele>
        <time>2026-09-08T22:12:37Z</time>
        <extensions>
          <gpxtpx:TrackPointExtension>
            <gpxtpx:hr>137</gpxtpx:hr>
          </gpxtpx:TrackPointExtension>
        </extensions>
      </trkpt>
      <trkpt lat="29.601851534713475" lon="106.31922907766796">
        <ele>255.6064453125</ele>
        <time>2026-09-08T22:12:40Z</time>
        <extensions>
          <gpxtpx:TrackPointExtension>
            <gpxtpx:hr>138</gpxtpx:hr>
          </gpxtpx:TrackPointExtension>
        </extensions>
      </trkpt>
      <trkpt lat="29.601898826592855" lon="106.31959217745339">
        <ele>254.913330078125</ele>
        <time>2026-09-08T22:12:55Z</time>
        <extensions>
          <gpxtpx:TrackPointExtension>
            <gpxtpx:hr>138</gpxtpx:hr>
          </gpxtpx:TrackPointExtension>
        </extensions>
      </trkpt>
      <trkpt lat="29.60193216804909" lon="106.31993133664656">
        <ele>258.788818359375</ele>
        <time>2026-09-08T22:13:07Z</time>
        <extensions>
          <gpxtpx:TrackPointExtension>
            <gpxtpx:hr>136</gpxtpx:hr>
          </gpxtpx:TrackPointExtension>
        </extensions>
      </trkpt>
      <trkpt lat="29.60192404083045" lon="106.31999916931143">
        <ele>257.941162109375</ele>
        <time>2026-09-08T22:13:10Z</time>
        <extensions>
          <gpxtpx:TrackPointExtension>
            <gpxtpx:hr>136</gpxtpx:hr>
          </gpxtpx:TrackPointExtension>
        </extensions>
      </trkpt>
      <trkpt lat="29.602021115976722" lon="106.3199442991976">
        <ele>256.74609375</ele>
        <time>2026-09-08T22:13:16Z</time>
        <extensions>
          <gpxtpx:TrackPointExtension>
            <gpxtpx:hr>135</gpxtpx:hr>
          </gpxtpx:TrackPointExtension>
        </extensions>
      </trkpt>
      <trkpt lat="29.602069999434487" lon="106.31986761730434">
        <ele>256.05303955078125</ele>
        <time>2026-09-08T22:13:19Z</time>
        <extensions>
          <gpxtpx:TrackPointExtension>
            <gpxtpx:hr>136</gpxtpx:hr>
          </gpxtpx:TrackPointExtension>
        </extensions>
      </trkpt>
      <trkpt lat="29.602178292857108" lon="106.3198265808977">
        <ele>253.7611083984375</ele>
        <time>2026-09-08T22:13:25Z</time>
        <extensions>
          <gpxtpx:TrackPointExtension>
            <gpxtpx:hr>135</gpxtpx:hr>
          </gpxtpx:TrackPointExtension>
        </extensions>
      </trkpt>
      <trkpt lat="29.602213345048238" lon="106.31979366020367">
        <ele>254.507568359375</ele>
        <time>2026-09-08T22:13:28Z</time>
        <extensions>
          <gpxtpx:TrackPointExtension>
            <gpxtpx:hr>136</gpxtpx:hr>
          </gpxtpx:TrackPointExtension>
        </extensions>
      </trkpt>
      <trkpt lat="29.602398123609905" lon="106.31975522010384">
        <ele>249.0517578125</ele>
        <time>2026-09-08T22:13:37Z</time>
        <extensions>
          <gpxtpx:TrackPointExtension>
            <gpxtpx:hr>136</gpxtpx:hr>
          </gpxtpx:TrackPointExtension>
        </extensions>
      </trkpt>
      <trkpt lat="29.602428157400123" lon="106.31958158763983">
        <ele>254.5789794921875</ele>
        <time>2026-09-08T22:13:46Z</time>
        <extensions>
          <gpxtpx:TrackPointExtension>
            <gpxtpx:hr>137</gpxtpx:hr>
          </gpxtpx:TrackPointExtension>
        </extensions>
      </trkpt>
      <trkpt lat="29.602469731725378" lon="106.31955024659187">
        <ele>259.60235595703125</ele>
        <time>2026-09-08T22:13:52Z</time>
        <extensions>
          <gpxtpx:TrackPointExtension>
            <gpxtpx:hr>137</gpxtpx:hr>
          </gpxtpx:TrackPointExtension>
        </extensions>
      </trkpt>
      <trkpt lat="29.602684667876897" lon="106.31954923609239">
        <ele>257.345947265625</ele>
        <time>2026-09-08T22:14:04Z</time>
        <extensions>
          <gpxtpx:TrackPointExtension>
            <gpxtpx:hr>138</gpxtpx:hr>
          </gpxtpx:TrackPointExtension>
        </extensions>
      </trkpt>
      <trkpt lat="29.602738695195505" lon="106.31952628955035">
        <ele>257.4271240234375</ele>
        <time>2026-09-08T22:14:07Z</time>
        <extensions>
          <gpxtpx:TrackPointExtension>
            <gpxtpx:hr>138</gpxtpx:hr>
          </gpxtpx:TrackPointExtension>
        </extensions>
      </trkpt>
      <trkpt lat="29.602857923645463" lon="106.31938762506947">
        <ele>255.1788330078125</ele>
        <time>2026-09-08T22:14:13Z</time>
        <extensions>
          <gpxtpx:TrackPointExtension>
            <gpxtpx:hr>139</gpxtpx:hr>
          </gpxtpx:TrackPointExtension>
        </extensions>
      </trkpt>
      <trkpt lat="29.60290325461651" lon="106.3192070684491">
        <ele>254.12255859375</ele>
        <time>2026-09-08T22:14:19Z</time>
        <extensions>
          <gpxtpx:TrackPointExtension>
            <gpxtpx:hr>142</gpxtpx:hr>
          </gpxtpx:TrackPointExtension>
        </extensions>
      </trkpt>
      <trkpt lat="29.602897395442398" lon="106.31913424867763">
        <ele>251.26251220703125</ele>
        <time>2026-09-08T22:14:22Z</time>
        <extensions>
          <gpxtpx:TrackPointExtension>
            <gpxtpx:hr>143</gpxtpx:hr>
          </gpxtpx:TrackPointExtension>
        </extensions>
      </trkpt>
      <trkpt lat="29.60294900601862" lon="106.31880605587247">
        <ele>254.826904296875</ele>
        <time>2026-09-08T22:14:34Z</time>
        <extensions>
          <gpxtpx:TrackPointExtension>
            <gpxtpx:hr>136</gpxtpx:hr>
          </gpxtpx:TrackPointExtension>
        </extensions>
      </trkpt>
      <trkpt lat="29.602911770677267" lon="106.3184110326206">
        <ele>251.775146484375</ele>
        <time>2026-09-08T22:14:49Z</time>
        <extensions>
          <gpxtpx:TrackPointExtension>
            <gpxtpx:hr>136</gpxtpx:hr>
          </gpxtpx:TrackPointExtension>
        </extensions>
      </trkpt>
      <trkpt lat="29.602931579872514" lon="106.31798308606454">
        <ele>249.972412109375</ele>
        <time>2026-09-08T22:15:07Z</time>
        <extensions>
          <gpxtpx:TrackPointExtension>
            <gpxtpx:hr>137</gpxtpx:hr>
          </gpxtpx:TrackPointExtension>
        </extensions>
      </trkpt>
      <trkpt lat="29.60295019499573" lon="106.31765688803614">
        <ele>246.09832763671875</ele>
        <time>2026-09-08T22:15:19Z</time>
        <extensions>
          <gpxtpx:TrackPointExtension>
            <gpxtpx:hr>137</gpxtpx:hr>
          </gpxtpx:TrackPointExtension>
        </extensions>
      </trkpt>
      <trkpt lat="29.602953834997983" lon="106.31731971717008">
        <ele>252.1104736328125</ele>
        <time>2026-09-08T22:15:31Z</time>
        <extensions>
          <gpxtpx:TrackPointExtension>
            <gpxtpx:hr>135</gpxtpx:hr>
          </gpxtpx:TrackPointExtension>
        </extensions>
      </trkpt>
      <trkpt lat="29.602923160905885" lon="106.31715312849391">
        <ele>250.4256591796875</ele>
        <time>2026-09-08T22:15:37Z</time>
        <extensions>
          <gpxtpx:TrackPointExtension>
            <gpxtpx:hr>137</gpxtpx:hr>
          </gpxtpx:TrackPointExtension>
        </extensions>
      </trkpt>
      <trkpt lat="29.602928504066004" lon="106.3169715741986">
        <ele>251.1925048828125</ele>
        <time>2026-09-08T22:15:43Z</time>
        <extensions>
          <gpxtpx:TrackPointExtension>
            <gpxtpx:hr>138</gpxtpx:hr>
          </gpxtpx:TrackPointExtension>
        </extensions>
      </trkpt>
      <trkpt lat="29.60289975144316" lon="106.31684588457694">
        <ele>252.5921630859375</ele>
        <time>2026-09-08T22:15:49Z</time>
        <extensions>
          <gpxtpx:TrackPointExtension>
            <gpxtpx:hr>139</gpxtpx:hr>
          </gpxtpx:TrackPointExtension>
        </extensions>
      </trkpt>
      <trkpt lat="29.602918037344605" lon="106.31669226054832">
        <ele>250.7659912109375</ele>
        <time>2026-09-08T22:15:55Z</time>
        <extensions>
          <gpxtpx:TrackPointExtension>
            <gpxtpx:hr>139</gpxtpx:hr>
          </gpxtpx:TrackPointExtension>
        </extensions>
      </trkpt>
      <trkpt lat="29.602892425408196" lon="106.31649175397463">
        <ele>250.2403564453125</ele>
        <time>2026-09-08T22:16:04Z</time>
        <extensions>
          <gpxtpx:TrackPointExtension>
            <gpxtpx:hr>144</gpxtpx:hr>
          </gpxtpx:TrackPointExtension>
        </extensions>
      </trkpt>
      <trkpt lat="29.602782676389083" lon="106.31637704187155">
        <ele>254.4365234375</ele>
        <time>2026-09-08T22:16:10Z</time>
        <extensions>
          <gpxtpx:TrackPointExtension>
            <gpxtpx:hr>143</gpxtpx:hr>
          </gpxtpx:TrackPointExtension>
        </extensions>
      </trkpt>
      <trkpt lat="29.602676708788405" lon="106.3163770482553">
        <ele>251.96356201171875</ele>
        <time>2026-09-08T22:16:16Z</time>
        <extensions>
          <gpxtpx:TrackPointExtension>
            <gpxtpx:hr>142</gpxtpx:hr>
          </gpxtpx:TrackPointExtension>
        </extensions>
      </trkpt>
      <trkpt lat="29.60258249368965" lon="106.31650573839626">
        <ele>251.383056640625</ele>
        <time>2026-09-08T22:16:22Z</time>
        <extensions>
          <gpxtpx:TrackPointExtension>
            <gpxtpx:hr>141</gpxtpx:hr>
          </gpxtpx:TrackPointExtension>
        </extensions>
      </trkpt>
      <trkpt lat="29.602591794474687" lon="106.3168728370044">
        <ele>249.487548828125</ele>
        <time>2026-09-08T22:16:37Z</time>
        <extensions>
          <gpxtpx:TrackPointExtension>
            <gpxtpx:hr>141</gpxtpx:hr>
          </gpxtpx:TrackPointExtension>
        </extensions>
      </trkpt>
      <trkpt lat="29.60261553912858" lon="106.31700351465255">
        <ele>249.25830078125</ele>
        <time>2026-09-08T22:16:43Z</time>
        <extensions>
          <gpxtpx:TrackPointExtension>
            <gpxtpx:hr>141</gpxtpx:hr>
          </gpxtpx:TrackPointExtension>
        </extensions>
      </trkpt>
      <trkpt lat="29.60258314546039" lon="106.3172159945351">
        <ele>250.8162841796875</ele>
        <time>2026-09-08T22:16:52Z</time>
        <extensions>
          <gpxtpx:TrackPointExtension>
            <gpxtpx:hr>141</gpxtpx:hr>
          </gpxtpx:TrackPointExtension>
        </extensions>
      </trkpt>
      <trkpt lat="29.602412797557296" lon="106.31742648731621">
        <ele>250.42156982421875</ele>
        <time>2026-09-08T22:17:01Z</time>
        <extensions>
          <gpxtpx:TrackPointExtension>
            <gpxtpx:hr>141</gpxtpx:hr>
          </gpxtpx:TrackPointExtension>
        </extensions>
      </trkpt>
      <trkpt lat="29.60234274124696" lon="106.31746739094854">
        <ele>250.62188720703125</ele>
        <time>2026-09-08T22:17:04Z</time>
        <extensions>
          <gpxtpx:TrackPointExtension>
            <gpxtpx:hr>140</gpxtpx:hr>
          </gpxtpx:TrackPointExtension>
        </extensions>
      </trkpt>
      <trkpt lat="29.60214377374625" lon="106.31748236613612">
        <ele>249.38671875</ele>
        <time>2026-09-08T22:17:13Z</time>
        <extensions>
          <gpxtpx:TrackPointExtension>
            <gpxtpx:hr>139</gpxtpx:hr>
          </gpxtpx:TrackPointExtension>
        </extensions>
      </trkpt>
      <trkpt lat="29.602032175864426" lon="106.31755602915925">
        <ele>255.70172119140625</ele>
        <time>2026-09-08T22:17:22Z</time>
        <extensions>
          <gpxtpx:TrackPointExtension>
            <gpxtpx:hr>137</gpxtpx:hr>
          </gpxtpx:TrackPointExtension>
        </extensions>
      </trkpt>
      <trkpt lat="29.60195183846929" lon="106.31772921870888">
        <ele>255.5047607421875</ele>
        <time>2026-09-08T22:17:28Z</time>
        <extensions>
          <gpxtpx:TrackPointExtension>
            <gpxtpx:hr>137</gpxtpx:hr>
          </gpxtpx:TrackPointExtension>
        </extensions>
      </trkpt>
      <trkpt lat="29.60188976014086" lon="106.31805596949097">
        <ele>255.845458984375</ele>
        <time>2026-09-08T22:17:40Z</time>
        <extensions>
          <gpxtpx:TrackPointExtension>
            <gpxtpx:hr>143</gpxtpx:hr>
          </gpxtpx:TrackPointExtension>
        </extensions>
      </trkpt>
      <trkpt lat="29.60189505151081" lon="106.31842705456653">
        <ele>257.6134033203125</ele>
        <time>2026-09-08T22:17:55Z</time>
        <extensions>
          <gpxtpx:TrackPointExtension>
            <gpxtpx:hr>144</gpxtpx:hr>
          </gpxtpx:TrackPointExtension>
        </extensions>
      </trkpt>
      <trkpt lat="29.60186534727681" lon="106.31880113353056">
        <ele>257.076904296875</ele>
        <time>2026-09-08T22:18:07Z</time>
        <extensions>
          <gpxtpx:TrackPointExtension>
            <gpxtpx:hr>145</gpxtpx:hr>
          </gpxtpx:TrackPointExtension>
        </extensions>
      </trkpt>
      <trkpt lat="29.60185574102612" lon="106.31912034599438">
        <ele>255.72003173828125</ele>
        <time>2026-09-08T22:18:19Z</time>
        <extensions>
          <gpxtpx:TrackPointExtension>
            <gpxtpx:hr>145</gpxtpx:hr>
          </gpxtpx:TrackPointExtension>
        </extensions>
      </trkpt>
      <trkpt lat="29.601854558548244" lon="106.31921610952142">
        <ele>254.997802734375</ele>
        <time>2026-09-08T22:18:22Z</time>
        <extensions>
          <gpxtpx:TrackPointExtension>
            <gpxtpx:hr>146</gpxtpx:hr>
          </gpxtpx:TrackPointExtension>
        </extensions>
      </trkpt>
      <trkpt lat="29.60192105611619" lon="106.31946848188399">
        <ele>257.132568359375</ele>
        <time>2026-09-08T22:18:31Z</time>
        <extensions>
          <gpxtpx:TrackPointExtension>
            <gpxtpx:hr>145</gpxtpx:hr>
          </gpxtpx:TrackPointExtension>
        </extensions>
      </trkpt>
      <trkpt lat="29.601917418599754" lon="106.31980265585116">
        <ele>258.4661865234375</ele>
        <time>2026-09-08T22:18:43Z</time>
        <extensions>
          <gpxtpx:TrackPointExtension>
            <gpxtpx:hr>147</gpxtpx:hr>
          </gpxtpx:TrackPointExtension>
        </extensions>
      </trkpt>
      <trkpt lat="29.60190806862084" lon="106.31998719989289">
        <ele>257.288330078125</ele>
        <time>2026-09-08T22:18:49Z</time>
        <extensions>
          <gpxtpx:TrackPointExtension>
            <gpxtpx:hr>147</gpxtpx:hr>
          </gpxtpx:TrackPointExtension>
        </extensions>
      </trkpt>
      <trkpt lat="29.60198405294785" lon="106.31998320518105">
        <ele>256.35650634765625</ele>
        <time>2026-09-08T22:18:55Z</time>
        <extensions>
          <gpxtpx:TrackPointExtension>
            <gpxtpx:hr>146</gpxtpx:hr>
          </gpxtpx:TrackPointExtension>
        </extensions>
      </trkpt>
      <trkpt lat="29.60214329595291" lon="106.3198305731395">
        <ele>255.0386962890625</ele>
        <time>2026-09-08T22:19:04Z</time>
        <extensions>
          <gpxtpx:TrackPointExtension>
            <gpxtpx:hr>146</gpxtpx:hr>
          </gpxtpx:TrackPointExtension>
        </extensions>
      </trkpt>
      <trkpt lat="29.602270396218998" lon="106.31975774557844">
        <ele>255.96624755859375</ele>
        <time>2026-09-08T22:19:10Z</time>
        <extensions>
          <gpxtpx:TrackPointExtension>
            <gpxtpx:hr>145</gpxtpx:hr>
          </gpxtpx:TrackPointExtension>
        </extensions>
      </trkpt>
      <trkpt lat="29.602415914012656" lon="106.31973535585233">
        <ele>254.984130859375</ele>
        <time>2026-09-08T22:19:16Z</time>
        <extensions>
          <gpxtpx:TrackPointExtension>
            <gpxtpx:hr>146</gpxtpx:hr>
          </gpxtpx:TrackPointExtension>
        </extensions>
      </trkpt>
      <trkpt lat="29.602440434411378" lon="106.31967372232872">
        <ele>255.14508056640625</ele>
        <time>2026-09-08T22:19:22Z</time>
        <extensions>
          <gpxtpx:TrackPointExtension>
            <gpxtpx:hr>146</gpxtpx:hr>
          </gpxtpx:TrackPointExtension>
        </extensions>
      </trkpt>
      <trkpt lat="29.602432786515426" lon="106.31961556433494">
        <ele>254.7279052734375</ele>
        <time>2026-09-08T22:19:25Z</time>
        <extensions>
          <gpxtpx:TrackPointExtension>
            <gpxtpx:hr>145</gpxtpx:hr>
          </gpxtpx:TrackPointExtension>
        </extensions>
      </trkpt>
      <trkpt lat="29.60246671549387" lon="106.31955922457949">
        <ele>258.1025390625</ele>
        <time>2026-09-08T22:19:31Z</time>
        <extensions>
          <gpxtpx:TrackPointExtension>
            <gpxtpx:hr>144</gpxtpx:hr>
          </gpxtpx:TrackPointExtension>
        </extensions>
      </trkpt>
      <trkpt lat="29.602746687034273" lon="106.31952928167054">
        <ele>256.34735107421875</ele>
        <time>2026-09-08T22:19:46Z</time>
        <extensions>
          <gpxtpx:TrackPointExtension>
            <gpxtpx:hr>142</gpxtpx:hr>
          </gpxtpx:TrackPointExtension>
        </extensions>
      </trkpt>
      <trkpt lat="29.602798726398138" lon="106.31950035004085">
        <ele>255.19476318359375</ele>
        <time>2026-09-08T22:19:49Z</time>
        <extensions>
          <gpxtpx:TrackPointExtension>
            <gpxtpx:hr>141</gpxtpx:hr>
          </gpxtpx:TrackPointExtension>
        </extensions>
      </trkpt>
      <trkpt lat="29.602871970798564" lon="106.31936069078043">
        <ele>252.328125</ele>
        <time>2026-09-08T22:19:55Z</time>
        <extensions>
          <gpxtpx:TrackPointExtension>
            <gpxtpx:hr>140</gpxtpx:hr>
          </gpxtpx:TrackPointExtension>
        </extensions>
      </trkpt>
      <trkpt lat="29.602927557611636" lon="106.31904446858266">
        <ele>256.0369873046875</ele>
        <time>2026-09-08T22:20:07Z</time>
        <extensions>
          <gpxtpx:TrackPointExtension>
            <gpxtpx:hr>137</gpxtpx:hr>
          </gpxtpx:TrackPointExtension>
        </extensions>
      </trkpt>
      <trkpt lat="29.602920824297474" lon="106.31890581134176">
        <ele>254.24462890625</ele>
        <time>2026-09-08T22:20:13Z</time>
        <extensions>
          <gpxtpx:TrackPointExtension>
            <gpxtpx:hr>136</gpxtpx:hr>
          </gpxtpx:TrackPointExtension>
        </extensions>
      </trkpt>
      <trkpt lat="29.60296016435756" lon="106.3187212644505">
        <ele>252.6387939453125</ele>
        <time>2026-09-08T22:20:22Z</time>
        <extensions>
          <gpxtpx:TrackPointExtension>
            <gpxtpx:hr>134</gpxtpx:hr>
          </gpxtpx:TrackPointExtension>
        </extensions>
      </trkpt>
      <trkpt lat="29.602957311726197" lon="106.31864445414321">
        <ele>253.91009521484375</ele>
        <time>2026-09-08T22:20:25Z</time>
        <extensions>
          <gpxtpx:TrackPointExtension>
            <gpxtpx:hr>134</gpxtpx:hr>
          </gpxtpx:TrackPointExtension>
        </extensions>
      </trkpt>
      <trkpt lat="29.602909615410066" lon="106.31849283103574">
        <ele>255.5587158203125</ele>
        <time>2026-09-08T22:20:31Z</time>
        <extensions>
          <gpxtpx:TrackPointExtension>
            <gpxtpx:hr>134</gpxtpx:hr>
          </gpxtpx:TrackPointExtension>
        </extensions>
      </trkpt>
      <trkpt lat="29.602914293530812" lon="106.31827170761683">
        <ele>257.61602783203125</ele>
        <time>2026-09-08T22:20:40Z</time>
        <extensions>
          <gpxtpx:TrackPointExtension>
            <gpxtpx:hr>135</gpxtpx:hr>
          </gpxtpx:TrackPointExtension>
        </extensions>
      </trkpt>
      <trkpt lat="29.602889324930615" lon="106.31812374210982">
        <ele>257.2196044921875</ele>
        <time>2026-09-08T22:20:46Z</time>
        <extensions>
          <gpxtpx:TrackPointExtension>
            <gpxtpx:hr>134</gpxtpx:hr>
          </gpxtpx:TrackPointExtension>
        </extensions>
      </trkpt>
      <trkpt lat="29.60291147774503" lon="106.31803994721632">
        <ele>257.13525390625</ele>
        <time>2026-09-08T22:20:49Z</time>
        <extensions>
          <gpxtpx:TrackPointExtension>
            <gpxtpx:hr>134</gpxtpx:hr>
          </gpxtpx:TrackPointExtension>
        </extensions>
      </trkpt>
      <trkpt lat="29.60294412852938" lon="106.31769280002246">
        <ele>250.9140625</ele>
        <time>2026-09-08T22:21:04Z</time>
        <extensions>
          <gpxtpx:TrackPointExtension>
            <gpxtpx:hr>136</gpxtpx:hr>
          </gpxtpx:TrackPointExtension>
        </extensions>
      </trkpt>
      <trkpt lat="29.602954827111326" lon="106.31732370730008">
        <ele>254.89605712890625</ele>
        <time>2026-09-08T22:21:16Z</time>
        <extensions>
          <gpxtpx:TrackPointExtension>
            <gpxtpx:hr>135</gpxtpx:hr>
          </gpxtpx:TrackPointExtension>
        </extensions>
      </trkpt>
      <trkpt lat="29.602958481650386" lon="106.31697855524179">
        <ele>247.7901611328125</ele>
        <time>2026-09-08T22:21:31Z</time>
        <extensions>
          <gpxtpx:TrackPointExtension>
            <gpxtpx:hr>137</gpxtpx:hr>
          </gpxtpx:TrackPointExtension>
        </extensions>
      </trkpt>
      <trkpt lat="29.602948613443136" lon="106.31691072242529">
        <ele>246.89080810546875</ele>
        <time>2026-09-08T22:21:34Z</time>
        <extensions>
          <gpxtpx:TrackPointExtension>
            <gpxtpx:hr>137</gpxtpx:hr>
          </gpxtpx:TrackPointExtension>
        </extensions>
      </trkpt>
      <trkpt lat="29.60295029877259" lon="106.3166384175263">
        <ele>248.0792236328125</ele>
        <time>2026-09-08T22:21:46Z</time>
        <extensions>
          <gpxtpx:TrackPointExtension>
            <gpxtpx:hr>136</gpxtpx:hr>
          </gpxtpx:TrackPointExtension>
        </extensions>
      </trkpt>
      <trkpt lat="29.602875819089515" lon="106.31647890489616">
        <ele>248.5155029296875</ele>
        <time>2026-09-08T22:21:52Z</time>
        <extensions>
          <gpxtpx:TrackPointExtension>
            <gpxtpx:hr>136</gpxtpx:hr>
          </gpxtpx:TrackPointExtension>
        </extensions>
      </trkpt>
      <trkpt lat="29.60277083846227" lon="106.31633814111568">
        <ele>249.86651611328125</ele>
        <time>2026-09-08T22:21:58Z</time>
        <extensions>
          <gpxtpx:TrackPointExtension>
            <gpxtpx:hr>136</gpxtpx:hr>
          </gpxtpx:TrackPointExtension>
        </extensions>
      </trkpt>
      <trkpt lat="29.602699762229292" lon="106.31634512511863">
        <ele>251.7125244140625</ele>
        <time>2026-09-08T22:22:01Z</time>
        <extensions>
          <gpxtpx:TrackPointExtension>
            <gpxtpx:hr>137</gpxtpx:hr>
          </gpxtpx:TrackPointExtension>
        </extensions>
      </trkpt>
      <trkpt lat="29.60259560314122" lon="106.31644588438299">
        <ele>252.06109619140625</ele>
        <time>2026-09-08T22:22:07Z</time>
        <extensions>
          <gpxtpx:TrackPointExtension>
            <gpxtpx:hr>137</gpxtpx:hr>
          </gpxtpx:TrackPointExtension>
        </extensions>
      </trkpt>
      <trkpt lat="29.602554494690796" lon="106.31650973029699">
        <ele>252.03839111328125</ele>
        <time>2026-09-08T22:22:10Z</time>
        <extensions>
          <gpxtpx:TrackPointExtension>
            <gpxtpx:hr>137</gpxtpx:hr>
          </gpxtpx:TrackPointExtension>
        </extensions>
      </trkpt>
      <trkpt lat="29.602574801566593" lon="106.3168718404776">
        <ele>247.72821044921875</ele>
        <time>2026-09-08T22:22:25Z</time>
        <extensions>
          <gpxtpx:TrackPointExtension>
            <gpxtpx:hr>139</gpxtpx:hr>
          </gpxtpx:TrackPointExtension>
        </extensions>
      </trkpt>
      <trkpt lat="29.60261585136456" lon="106.31699585930876">
        <ele>247.15899658203125</ele>
        <time>2026-09-08T22:22:31Z</time>
        <extensions>
          <gpxtpx:TrackPointExtension>
            <gpxtpx:hr>139</gpxtpx:hr>
          </gpxtpx:TrackPointExtension>
        </extensions>
      </trkpt>
      <trkpt lat="29.60260707180153" lon="106.31725090727606">
        <ele>255.43035888671875</ele>
        <time>2026-09-08T22:22:43Z</time>
        <extensions>
          <gpxtpx:TrackPointExtension>
            <gpxtpx:hr>139</gpxtpx:hr>
          </gpxtpx:TrackPointExtension>
        </extensions>
      </trkpt>
      <trkpt lat="29.602439945899903" lon="106.31741987101681">
        <ele>249.4571533203125</ele>
        <time>2026-09-08T22:22:52Z</time>
        <extensions>
          <gpxtpx:TrackPointExtension>
            <gpxtpx:hr>141</gpxtpx:hr>
          </gpxtpx:TrackPointExtension>
        </extensions>
      </trkpt>
      <trkpt lat="29.602369757631063" lon="106.31745442121588">
        <ele>248.0567626953125</ele>
        <time>2026-09-08T22:22:55Z</time>
        <extensions>
          <gpxtpx:TrackPointExtension>
            <gpxtpx:hr>141</gpxtpx:hr>
          </gpxtpx:TrackPointExtension>
        </extensions>
      </trkpt>
      <trkpt lat="29.602092629865794" lon="106.31749244644682">
        <ele>248.99017333984375</ele>
        <time>2026-09-08T22:23:10Z</time>
        <extensions>
          <gpxtpx:TrackPointExtension>
            <gpxtpx:hr>139</gpxtpx:hr>
          </gpxtpx:TrackPointExtension>
        </extensions>
      </trkpt>
      <trkpt lat="29.601980575254004" lon="106.31761305448556">
        <ele>255.4146728515625</ele>
        <time>2026-09-08T22:23:16Z</time>
        <extensions>
          <gpxtpx:TrackPointExtension>
            <gpxtpx:hr>139</gpxtpx:hr>
          </gpxtpx:TrackPointExtension>
        </extensions>
      </trkpt>
      <trkpt lat="29.601952454839207" lon="106.31768088925618">
        <ele>257.64727783203125</ele>
        <time>2026-09-08T22:23:19Z</time>
        <extensions>
          <gpxtpx:TrackPointExtension>
            <gpxtpx:hr>139</gpxtpx:hr>
          </gpxtpx:TrackPointExtension>
        </extensions>
      </trkpt>
      <trkpt lat="29.601943292521412" lon="106.31776767619849">
        <ele>259.53509521484375</ele>
        <time>2026-09-08T22:23:22Z</time>
        <extensions>
          <gpxtpx:TrackPointExtension>
            <gpxtpx:hr>140</gpxtpx:hr>
          </gpxtpx:TrackPointExtension>
        </extensions>
      </trkpt>
      <trkpt lat="29.60187770304752" lon="106.31808789157608">
        <ele>252.9976806640625</ele>
        <time>2026-09-08T22:23:37Z</time>
        <extensions>
          <gpxtpx:TrackPointExtension>
            <gpxtpx:hr>139</gpxtpx:hr>
          </gpxtpx:TrackPointExtension>
        </extensions>
      </trkpt>
      <trkpt lat="29.601879970568476" lon="106.31847194478047">
        <ele>254.28204345703125</ele>
        <time>2026-09-08T22:23:52Z</time>
        <extensions>
          <gpxtpx:TrackPointExtension>
            <gpxtpx:hr>138</gpxtpx:hr>
          </gpxtpx:TrackPointExtension>
        </extensions>
      </trkpt>
      <trkpt lat="29.601884368084345" lon="106.31878716685048">
        <ele>255.23760986328125</ele>
        <time>2026-09-08T22:24:04Z</time>
        <extensions>
          <gpxtpx:TrackPointExtension>
            <gpxtpx:hr>139</gpxtpx:hr>
          </gpxtpx:TrackPointExtension>
        </extensions>
      </trkpt>
      <trkpt lat="29.601855642022354" lon="106.31917221787836">
        <ele>257.54998779296875</ele>
        <time>2026-09-08T22:24:19Z</time>
        <extensions>
          <gpxtpx:TrackPointExtension>
            <gpxtpx:hr>139</gpxtpx:hr>
          </gpxtpx:TrackPointExtension>
        </extensions>
      </trkpt>
      <trkpt lat="29.601863149339156" lon="106.3192578651265">
        <ele>257.2138671875</ele>
        <time>2026-09-08T22:24:22Z</time>
        <extensions>
          <gpxtpx:TrackPointExtension>
            <gpxtpx:hr>139</gpxtpx:hr>
          </gpxtpx:TrackPointExtension>
        </extensions>
      </trkpt>
      <trkpt lat="29.601910641286114" lon="106.31937067358389">
        <ele>256.758544921875</ele>
        <time>2026-09-08T22:24:28Z</time>
        <extensions>
          <gpxtpx:TrackPointExtension>
            <gpxtpx:hr>139</gpxtpx:hr>
          </gpxtpx:TrackPointExtension>
        </extensions>
      </trkpt>
      <trkpt lat="29.601938955334116" lon="106.3195183575187">
        <ele>259.7354736328125</ele>
        <time>2026-09-08T22:24:34Z</time>
        <extensions>
          <gpxtpx:TrackPointExtension>
            <gpxtpx:hr>140</gpxtpx:hr>
          </gpxtpx:TrackPointExtension>
        </extensions>
      </trkpt>
      <trkpt lat="29.601923273771956" lon="106.31987747044083">
        <ele>254.9036865234375</ele>
        <time>2026-09-08T22:24:49Z</time>
        <extensions>
          <gpxtpx:TrackPointExtension>
            <gpxtpx:hr>138</gpxtpx:hr>
          </gpxtpx:TrackPointExtension>
        </extensions>
      </trkpt>
      <trkpt lat="29.601915098893063" lon="106.31997024142618">
        <ele>256.84393310546875</ele>
        <time>2026-09-08T22:24:52Z</time>
        <extensions>
          <gpxtpx:TrackPointExtension>
            <gpxtpx:hr>137</gpxtpx:hr>
          </gpxtpx:TrackPointExtension>
        </extensions>
      </trkpt>
      <trkpt lat="29.601928997341506" lon="106.32002111471131">
        <ele>255.3614501953125</ele>
        <time>2026-09-08T22:24:55Z</time>
        <extensions>
          <gpxtpx:TrackPointExtension>
            <gpxtpx:hr>136</gpxtpx:hr>
          </gpxtpx:TrackPointExtension>
        </extensions>
      </trkpt>
      <trkpt lat="29.60206118380293" lon="106.31990240042904">
        <ele>252.573486328125</ele>
        <time>2026-09-08T22:25:04Z</time>
        <extensions>
          <gpxtpx:TrackPointExtension>
            <gpxtpx:hr>136</gpxtpx:hr>
          </gpxtpx:TrackPointExtension>
        </extensions>
      </trkpt>
      <trkpt lat="29.6022881576179" lon="106.31977915842953">
        <ele>250.7840576171875</ele>
        <time>2026-09-08T22:25:16Z</time>
        <extensions>
          <gpxtpx:TrackPointExtension>
            <gpxtpx:hr>138</gpxtpx:hr>
          </gpxtpx:TrackPointExtension>
        </extensions>
      </trkpt>
      <trkpt lat="29.602467060914357" lon="106.31976578012906">
        <ele>251.6527099609375</ele>
        <time>2026-09-08T22:25:22Z</time>
        <extensions>
          <gpxtpx:TrackPointExtension>
            <gpxtpx:hr>137</gpxtpx:hr>
          </gpxtpx:TrackPointExtension>
        </extensions>
      </trkpt>
      <trkpt lat="29.60248337719826" lon="106.31970893643557">
        <ele>252.4268798828125</ele>
        <time>2026-09-08T22:25:25Z</time>
        <extensions>
          <gpxtpx:TrackPointExtension>
            <gpxtpx:hr>136</gpxtpx:hr>
          </gpxtpx:TrackPointExtension>
        </extensions>
      </trkpt>
      <trkpt lat="29.602429891792152" lon="106.3196279368627">
        <ele>255.552001953125</ele>
        <time>2026-09-08T22:25:28Z</time>
        <extensions>
          <gpxtpx:TrackPointExtension>
            <gpxtpx:hr>136</gpxtpx:hr>
          </gpxtpx:TrackPointExtension>
        </extensions>
      </trkpt>
      <trkpt lat="29.60245060858596" lon="106.31955197143203">
        <ele>255.46343994140625</ele>
        <time>2026-09-08T22:25:31Z</time>
        <extensions>
          <gpxtpx:TrackPointExtension>
            <gpxtpx:hr>136</gpxtpx:hr>
          </gpxtpx:TrackPointExtension>
        </extensions>
      </trkpt>
      <trkpt lat="29.602509529052824" lon="106.31951292653692">
        <ele>253.372314453125</ele>
        <time>2026-09-08T22:25:37Z</time>
        <extensions>
          <gpxtpx:TrackPointExtension>
            <gpxtpx:hr>137</gpxtpx:hr>
          </gpxtpx:TrackPointExtension>
        </extensions>
      </trkpt>
      <trkpt lat="29.602704488072646" lon="106.31947716647863">
        <ele>253.32269287109375</ele>
        <time>2026-09-08T22:25:46Z</time>
        <extensions>
          <gpxtpx:TrackPointExtension>
            <gpxtpx:hr>135</gpxtpx:hr>
          </gpxtpx:TrackPointExtension>
        </extensions>
      </trkpt>
      <trkpt lat="29.60274774198355" lon="106.31950035311633">
        <ele>252.5738525390625</ele>
        <time>2026-09-08T22:25:49Z</time>
        <extensions>
          <gpxtpx:TrackPointExtension>
            <gpxtpx:hr>135</gpxtpx:hr>
          </gpxtpx:TrackPointExtension>
        </extensions>
      </trkpt>
      <trkpt lat="29.602797740040625" lon="106.31949336736064">
        <ele>251.37945556640625</ele>
        <time>2026-09-08T22:25:52Z</time>
        <extensions>
          <gpxtpx:TrackPointExtension>
            <gpxtpx:hr>135</gpxtpx:hr>
          </gpxtpx:TrackPointExtension>
        </extensions>
      </trkpt>
      <trkpt lat="29.602887899242145" lon="106.31939560353968">
        <ele>248.95574951171875</ele>
        <time>2026-09-08T22:25:58Z</time>
        <extensions>
          <gpxtpx:TrackPointExtension>
            <gpxtpx:hr>135</gpxtpx:hr>
          </gpxtpx:TrackPointExtension>
        </extensions>
      </trkpt>
      <trkpt lat="29.602954486547993" lon="106.3190773856648">
        <ele>250.64483642578125</ele>
        <time>2026-09-08T22:26:10Z</time>
        <extensions>
          <gpxtpx:TrackPointExtension>
            <gpxtpx:hr>137</gpxtpx:hr>
          </gpxtpx:TrackPointExtension>
        </extensions>
      </trkpt>
      <trkpt lat="29.602922956881763" lon="106.31883598358024">
        <ele>251.12921142578125</ele>
        <time>2026-09-08T22:26:19Z</time>
        <extensions>
          <gpxtpx:TrackPointExtension>
            <gpxtpx:hr>135</gpxtpx:hr>
          </gpxtpx:TrackPointExtension>
        </extensions>
      </trkpt>
      <trkpt lat="29.6029441222208" lon="106.31874940780214">
        <ele>254.2486572265625</ele>
        <time>2026-09-08T22:26:22Z</time>
        <extensions>
          <gpxtpx:TrackPointExtension>
            <gpxtpx:hr>136</gpxtpx:hr>
          </gpxtpx:TrackPointExtension>
        </extensions>
      </trkpt>
      <trkpt lat="29.602939132237847" lon="106.31833623222721">
        <ele>252.86907958984375</ele>
        <time>2026-09-08T22:26:37Z</time>
        <extensions>
          <gpxtpx:TrackPointExtension>
            <gpxtpx:hr>137</gpxtpx:hr>
          </gpxtpx:TrackPointExtension>
        </extensions>
      </trkpt>
      <trkpt lat="29.602970005986634" lon="106.31818944361201">
        <ele>251.7203369140625</ele>
        <time>2026-09-08T22:26:43Z</time>
        <extensions>
          <gpxtpx:TrackPointExtension>
            <gpxtpx:hr>137</gpxtpx:hr>
          </gpxtpx:TrackPointExtension>
        </extensions>
      </trkpt>
      <trkpt lat="29.602936701752956" lon="106.31791824544791">
        <ele>249.216552734375</ele>
        <time>2026-09-08T22:26:55Z</time>
        <extensions>
          <gpxtpx:TrackPointExtension>
            <gpxtpx:hr>138</gpxtpx:hr>
          </gpxtpx:TrackPointExtension>
        </extensions>
      </trkpt>
      <trkpt lat="29.602995077537834" lon="106.31760850332967">
        <ele>255.9906005859375</ele>
        <time>2026-09-08T22:27:07Z</time>
        <extensions>
          <gpxtpx:TrackPointExtension>
            <gpxtpx:hr>140</gpxtpx:hr>
          </gpxtpx:TrackPointExtension>
        </extensions>
      </trkpt>
      <trkpt lat="29.602978561967927" lon="106.317459372256">
        <ele>256.69134521484375</ele>
        <time>2026-09-08T22:27:13Z</time>
        <extensions>
          <gpxtpx:TrackPointExtension>
            <gpxtpx:hr>140</gpxtpx:hr>
          </gpxtpx:TrackPointExtension>
        </extensions>
      </trkpt>
      <trkpt lat="29.60299784745448" lon="106.31731471746075">
        <ele>256.398681640625</ele>
        <time>2026-09-08T22:27:19Z</time>
        <extensions>
          <gpxtpx:TrackPointExtension>
            <gpxtpx:hr>140</gpxtpx:hr>
          </gpxtpx:TrackPointExtension>
        </extensions>
      </trkpt>
      <trkpt lat="29.602949243889903" lon="106.3171052445788">
        <ele>254.750244140625</ele>
        <time>2026-09-08T22:27:28Z</time>
        <extensions>
          <gpxtpx:TrackPointExtension>
            <gpxtpx:hr>139</gpxtpx:hr>
          </gpxtpx:TrackPointExtension>
        </extensions>
      </trkpt>
      <trkpt lat="29.602976572710446" lon="106.31692767909652">
        <ele>254.1934814453125</ele>
        <time>2026-09-08T22:27:37Z</time>
        <extensions>
          <gpxtpx:TrackPointExtension>
            <gpxtpx:hr>138</gpxtpx:hr>
          </gpxtpx:TrackPointExtension>
        </extensions>
      </trkpt>
      <trkpt lat="29.602953808759704" lon="106.31680697682913">
        <ele>251.1961669921875</ele>
        <time>2026-09-08T22:27:43Z</time>
        <extensions>
          <gpxtpx:TrackPointExtension>
            <gpxtpx:hr>137</gpxtpx:hr>
          </gpxtpx:TrackPointExtension>
        </extensions>
      </trkpt>
      <trkpt lat="29.602950093779288" lon="106.31665734429043">
        <ele>255.5682373046875</ele>
        <time>2026-09-08T22:27:49Z</time>
        <extensions>
          <gpxtpx:TrackPointExtension>
            <gpxtpx:hr>137</gpxtpx:hr>
          </gpxtpx:TrackPointExtension>
        </extensions>
      </trkpt>
      <trkpt lat="29.602881489262863" lon="106.31645983291453">
        <ele>255.39874267578125</ele>
        <time>2026-09-08T22:27:58Z</time>
        <extensions>
          <gpxtpx:TrackPointExtension>
            <gpxtpx:hr>136</gpxtpx:hr>
          </gpxtpx:TrackPointExtension>
        </extensions>
      </trkpt>
      <trkpt lat="29.602831600938245" lon="106.31640896066392">
        <ele>255.3521728515625</ele>
        <time>2026-09-08T22:28:01Z</time>
        <extensions>
          <gpxtpx:TrackPointExtension>
            <gpxtpx:hr>135</gpxtpx:hr>
          </gpxtpx:TrackPointExtension>
        </extensions>
      </trkpt>
      <trkpt lat="29.602703738330252" lon="106.31635709553551">
        <ele>253.27935791015625</ele>
        <time>2026-09-08T22:28:07Z</time>
        <extensions>
          <gpxtpx:TrackPointExtension>
            <gpxtpx:hr>135</gpxtpx:hr>
          </gpxtpx:TrackPointExtension>
        </extensions>
      </trkpt>
      <trkpt lat="29.602646742528023" lon="106.31636408185143">
        <ele>252.71392822265625</ele>
        <time>2026-09-08T22:28:10Z</time>
        <extensions>
          <gpxtpx:TrackPointExtension>
            <gpxtpx:hr>136</gpxtpx:hr>
          </gpxtpx:TrackPointExtension>
        </extensions>
      </trkpt>
      <trkpt lat="29.602550543178886" lon="106.31648479169606">
        <ele>251.20587158203125</ele>
        <time>2026-09-08T22:28:16Z</time>
        <extensions>
          <gpxtpx:TrackPointExtension>
            <gpxtpx:hr>136</gpxtpx:hr>
          </gpxtpx:TrackPointExtension>
        </extensions>
      </trkpt>
      <trkpt lat="29.60252142726285" lon="106.31655063197464">
        <ele>250.0782470703125</ele>
        <time>2026-09-08T22:28:19Z</time>
        <extensions>
          <gpxtpx:TrackPointExtension>
            <gpxtpx:hr>137</gpxtpx:hr>
          </gpxtpx:TrackPointExtension>
        </extensions>
      </trkpt>
      <trkpt lat="29.602547876069206" lon="106.3168369278205">
        <ele>251.203125</ele>
        <time>2026-09-08T22:28:31Z</time>
        <extensions>
          <gpxtpx:TrackPointExtension>
            <gpxtpx:hr>137</gpxtpx:hr>
          </gpxtpx:TrackPointExtension>
        </extensions>
      </trkpt>
      <trkpt lat="29.60259560394209" lon="106.31697259180835">
        <ele>252.32781982421875</ele>
        <time>2026-09-08T22:28:37Z</time>
        <extensions>
          <gpxtpx:TrackPointExtension>
            <gpxtpx:hr>138</gpxtpx:hr>
          </gpxtpx:TrackPointExtension>
        </extensions>
      </trkpt>
      <trkpt lat="29.60255403874053" lon="106.31727684671658">
        <ele>255.30926513671875</ele>
        <time>2026-09-08T22:28:49Z</time>
        <extensions>
          <gpxtpx:TrackPointExtension>
            <gpxtpx:hr>137</gpxtpx:hr>
          </gpxtpx:TrackPointExtension>
        </extensions>
      </trkpt>
      <trkpt lat="29.602529913413075" lon="106.3173466764975">
        <ele>256.58001708984375</ele>
        <time>2026-09-08T22:28:52Z</time>
        <extensions>
          <gpxtpx:TrackPointExtension>
            <gpxtpx:hr>138</gpxtpx:hr>
          </gpxtpx:TrackPointExtension>
        </extensions>
      </trkpt>
      <trkpt lat="29.602492829952517" lon="106.31739655608786">
        <ele>253.5404052734375</ele>
        <time>2026-09-08T22:28:55Z</time>
        <extensions>
          <gpxtpx:TrackPointExtension>
            <gpxtpx:hr>137</gpxtpx:hr>
          </gpxtpx:TrackPointExtension>
        </extensions>
      </trkpt>
      <trkpt lat="29.602369715917085" lon="106.31747636724054">
        <ele>249.068115234375</ele>
        <time>2026-09-08T22:29:01Z</time>
        <extensions>
          <gpxtpx:TrackPointExtension>
            <gpxtpx:hr>137</gpxtpx:hr>
          </gpxtpx:TrackPointExtension>
        </extensions>
      </trkpt>
      <trkpt lat="29.602090767230376" lon="106.3174943398865">
        <ele>250.19451904296875</ele>
        <time>2026-09-08T22:29:13Z</time>
        <extensions>
          <gpxtpx:TrackPointExtension>
            <gpxtpx:hr>136</gpxtpx:hr>
          </gpxtpx:TrackPointExtension>
        </extensions>
      </trkpt>
      <trkpt lat="29.602025745431717" lon="106.31751628982158">
        <ele>249.67071533203125</ele>
        <time>2026-09-08T22:29:19Z</time>
        <extensions>
          <gpxtpx:TrackPointExtension>
            <gpxtpx:hr>137</gpxtpx:hr>
          </gpxtpx:TrackPointExtension>
        </extensions>
      </trkpt>
      <trkpt lat="29.601955617060977" lon="106.31759510017045">
        <ele>253.7001953125</ele>
        <time>2026-09-08T22:29:25Z</time>
        <extensions>
          <gpxtpx:TrackPointExtension>
            <gpxtpx:hr>136</gpxtpx:hr>
          </gpxtpx:TrackPointExtension>
        </extensions>
      </trkpt>
      <trkpt lat="29.60192952449639" lon="106.3176479716495">
        <ele>254.871826171875</ele>
        <time>2026-09-08T22:29:28Z</time>
        <extensions>
          <gpxtpx:TrackPointExtension>
            <gpxtpx:hr>136</gpxtpx:hr>
          </gpxtpx:TrackPointExtension>
        </extensions>
      </trkpt>
      <trkpt lat="29.60187889453993" lon="106.31798713969496">
        <ele>253.4266357421875</ele>
        <time>2026-09-08T22:29:43Z</time>
        <extensions>
          <gpxtpx:TrackPointExtension>
            <gpxtpx:hr>136</gpxtpx:hr>
          </gpxtpx:TrackPointExtension>
        </extensions>
      </trkpt>
      <trkpt lat="29.601866248564868" lon="106.31832829978963">
        <ele>252.5733642578125</ele>
        <time>2026-09-08T22:29:58Z</time>
        <extensions>
          <gpxtpx:TrackPointExtension>
            <gpxtpx:hr>136</gpxtpx:hr>
          </gpxtpx:TrackPointExtension>
        </extensions>
      </trkpt>
      <trkpt lat="29.601867624381246" lon="106.31865549277852">
        <ele>256.5518798828125</ele>
        <time>2026-09-08T22:30:10Z</time>
        <extensions>
          <gpxtpx:TrackPointExtension>
            <gpxtpx:hr>137</gpxtpx:hr>
          </gpxtpx:TrackPointExtension>
        </extensions>
      </trkpt>
      <trkpt lat="29.601863946064327" lon="106.31901161401521">
        <ele>257.1075439453125</ele>
        <time>2026-09-08T22:30:25Z</time>
        <extensions>
          <gpxtpx:TrackPointExtension>
            <gpxtpx:hr>137</gpxtpx:hr>
          </gpxtpx:TrackPointExtension>
        </extensions>
      </trkpt>
      <trkpt lat="29.601855543007844" lon="106.31922408974779">
        <ele>257.42584228515625</ele>
        <time>2026-09-08T22:30:34Z</time>
        <extensions>
          <gpxtpx:TrackPointExtension>
            <gpxtpx:hr>137</gpxtpx:hr>
          </gpxtpx:TrackPointExtension>
        </extensions>
      </trkpt>
      <trkpt lat="29.60192184240748" lon="106.31958020565921">
        <ele>259.9378662109375</ele>
        <time>2026-09-08T22:30:49Z</time>
        <extensions>
          <gpxtpx:TrackPointExtension>
            <gpxtpx:hr>137</gpxtpx:hr>
          </gpxtpx:TrackPointExtension>
        </extensions>
      </trkpt>
      <trkpt lat="29.601936429931317" lon="106.3197936769093">
        <ele>258.99334716796875</ele>
        <time>2026-09-08T22:30:58Z</time>
        <extensions>
          <gpxtpx:TrackPointExtension>
            <gpxtpx:hr>139</gpxtpx:hr>
          </gpxtpx:TrackPointExtension>
        </extensions>
      </trkpt>
      <trkpt lat="29.601911014303397" lon="106.32001513060588">
        <ele>259.24853515625</ele>
        <time>2026-09-08T22:31:07Z</time>
        <extensions>
          <gpxtpx:TrackPointExtension>
            <gpxtpx:hr>140</gpxtpx:hr>
          </gpxtpx:TrackPointExtension>
        </extensions>
      </trkpt>
      <trkpt lat="29.60202215571362" lon="106.3199233509603">
        <ele>258.6376953125</ele>
        <time>2026-09-08T22:31:16Z</time>
        <extensions>
          <gpxtpx:TrackPointExtension>
            <gpxtpx:hr>140</gpxtpx:hr>
          </gpxtpx:TrackPointExtension>
        </extensions>
      </trkpt>
      <trkpt lat="29.602136787956702" lon="106.31988509092061">
        <ele>258.26470947265625</ele>
        <time>2026-09-08T22:31:22Z</time>
        <extensions>
          <gpxtpx:TrackPointExtension>
            <gpxtpx:hr>142</gpxtpx:hr>
          </gpxtpx:TrackPointExtension>
        </extensions>
      </trkpt>
      <trkpt lat="29.602201270560442" lon="106.31983455977236">
        <ele>258.4603271484375</ele>
        <time>2026-09-08T22:31:25Z</time>
        <extensions>
          <gpxtpx:TrackPointExtension>
            <gpxtpx:hr>141</gpxtpx:hr>
          </gpxtpx:TrackPointExtension>
        </extensions>
      </trkpt>
      <trkpt lat="29.60238130886249" lon="106.3197856698083">
        <ele>254.29510498046875</ele>
        <time>2026-09-08T22:31:34Z</time>
        <extensions>
          <gpxtpx:TrackPointExtension>
            <gpxtpx:hr>141</gpxtpx:hr>
          </gpxtpx:TrackPointExtension>
        </extensions>
      </trkpt>
      <trkpt lat="29.60244632702611" lon="106.31975274393395">
        <ele>256.093994140625</ele>
        <time>2026-09-08T22:31:37Z</time>
        <extensions>
          <gpxtpx:TrackPointExtension>
            <gpxtpx:hr>141</gpxtpx:hr>
          </gpxtpx:TrackPointExtension>
        </extensions>
      </trkpt>
      <trkpt lat="29.60247209318725" lon="106.31969546143289">
        <ele>258.57574462890625</ele>
        <time>2026-09-08T22:31:40Z</time>
        <extensions>
          <gpxtpx:TrackPointExtension>
            <gpxtpx:hr>141</gpxtpx:hr>
          </gpxtpx:TrackPointExtension>
        </extensions>
      </trkpt>
      <trkpt lat="29.60243459951406" lon="106.31962506374597">
        <ele>259.60888671875</ele>
        <time>2026-09-08T22:31:43Z</time>
        <extensions>
          <gpxtpx:TrackPointExtension>
            <gpxtpx:hr>141</gpxtpx:hr>
          </gpxtpx:TrackPointExtension>
        </extensions>
      </trkpt>
      <trkpt lat="29.60243346353618" lon="106.31956907456792">
        <ele>256.8138427734375</ele>
        <time>2026-09-08T22:31:46Z</time>
        <extensions>
          <gpxtpx:TrackPointExtension>
            <gpxtpx:hr>141</gpxtpx:hr>
          </gpxtpx:TrackPointExtension>
        </extensions>
      </trkpt>
      <trkpt lat="29.602498663011655" lon="106.31949929382964">
        <ele>258.4532470703125</ele>
        <time>2026-09-08T22:31:49Z</time>
        <extensions>
          <gpxtpx:TrackPointExtension>
            <gpxtpx:hr>141</gpxtpx:hr>
          </gpxtpx:TrackPointExtension>
        </extensions>
      </trkpt>
      <trkpt lat="29.602675562240663" lon="106.31947673658254">
        <ele>258.6768798828125</ele>
        <time>2026-09-08T22:31:55Z</time>
        <extensions>
          <gpxtpx:TrackPointExtension>
            <gpxtpx:hr>141</gpxtpx:hr>
          </gpxtpx:TrackPointExtension>
        </extensions>
      </trkpt>
      <trkpt lat="29.602823730191034" lon="106.31949436332712">
        <ele>255.85906982421875</ele>
        <time>2026-09-08T22:32:04Z</time>
        <extensions>
          <gpxtpx:TrackPointExtension>
            <gpxtpx:hr>139</gpxtpx:hr>
          </gpxtpx:TrackPointExtension>
        </extensions>
      </trkpt>
      <trkpt lat="29.602879762618578" lon="106.3194684240547">
        <ele>256.7236328125</ele>
        <time>2026-09-08T22:32:07Z</time>
        <extensions>
          <gpxtpx:TrackPointExtension>
            <gpxtpx:hr>139</gpxtpx:hr>
          </gpxtpx:TrackPointExtension>
        </extensions>
      </trkpt>
      <trkpt lat="29.60292283711834" lon="106.31942253486902">
        <ele>256.12188720703125</ele>
        <time>2026-09-08T22:32:10Z</time>
        <extensions>
          <gpxtpx:TrackPointExtension>
            <gpxtpx:hr>139</gpxtpx:hr>
          </gpxtpx:TrackPointExtension>
        </extensions>
      </trkpt>
      <trkpt lat="29.602954227615587" lon="106.31921305058916">
        <ele>250.12652587890625</ele>
        <time>2026-09-08T22:32:19Z</time>
        <extensions>
          <gpxtpx:TrackPointExtension>
            <gpxtpx:hr>139</gpxtpx:hr>
          </gpxtpx:TrackPointExtension>
        </extensions>
      </trkpt>
      <trkpt lat="29.602936737384887" lon="106.31903440443004">
        <ele>251.46478271484375</ele>
        <time>2026-09-08T22:32:25Z</time>
        <extensions>
          <gpxtpx:TrackPointExtension>
            <gpxtpx:hr>139</gpxtpx:hr>
          </gpxtpx:TrackPointExtension>
        </extensions>
      </trkpt>
      <trkpt lat="29.602906720099433" lon="106.318962671816">
        <ele>250.0706787109375</ele>
        <time>2026-09-08T22:32:28Z</time>
        <extensions>
          <gpxtpx:TrackPointExtension>
            <gpxtpx:hr>139</gpxtpx:hr>
          </gpxtpx:TrackPointExtension>
        </extensions>
      </trkpt>
      <trkpt lat="29.602920849035268" lon="106.3188928433534">
        <ele>250.26251220703125</ele>
        <time>2026-09-08T22:32:31Z</time>
        <extensions>
          <gpxtpx:TrackPointExtension>
            <gpxtpx:hr>140</gpxtpx:hr>
          </gpxtpx:TrackPointExtension>
        </extensions>
      </trkpt>
      <trkpt lat="29.602921117299346" lon="106.31875219049492">
        <ele>248.97918701171875</ele>
        <time>2026-09-08T22:32:37Z</time>
        <extensions>
          <gpxtpx:TrackPointExtension>
            <gpxtpx:hr>140</gpxtpx:hr>
          </gpxtpx:TrackPointExtension>
        </extensions>
      </trkpt>
      <trkpt lat="29.602954192819464" lon="106.31870729927147">
        <ele>246.6661376953125</ele>
        <time>2026-09-08T22:32:40Z</time>
        <extensions>
          <gpxtpx:TrackPointExtension>
            <gpxtpx:hr>141</gpxtpx:hr>
          </gpxtpx:TrackPointExtension>
        </extensions>
      </trkpt>
      <trkpt lat="29.60297281287036" lon="106.31837910764712">
        <ele>247.6895751953125</ele>
        <time>2026-09-08T22:32:52Z</time>
        <extensions>
          <gpxtpx:TrackPointExtension>
            <gpxtpx:hr>148</gpxtpx:hr>
          </gpxtpx:TrackPointExtension>
        </extensions>
      </trkpt>
      <trkpt lat="29.602977916399013" lon="106.31814082218588">
        <ele>247.2994384765625</ele>
        <time>2026-09-08T22:33:01Z</time>
        <extensions>
          <gpxtpx:TrackPointExtension>
            <gpxtpx:hr>148</gpxtpx:hr>
          </gpxtpx:TrackPointExtension>
        </extensions>
      </trkpt>
      <trkpt lat="29.602950560778705" lon="106.31799006772107">
        <ele>246.91815185546875</ele>
        <time>2026-09-08T22:33:07Z</time>
        <extensions>
          <gpxtpx:TrackPointExtension>
            <gpxtpx:hr>148</gpxtpx:hr>
          </gpxtpx:TrackPointExtension>
        </extensions>
      </trkpt>
      <trkpt lat="29.60295118470682" lon="106.31765096550289">
        <ele>251.73968505859375</ele>
        <time>2026-09-08T22:33:19Z</time>
        <extensions>
          <gpxtpx:TrackPointExtension>
            <gpxtpx:hr>146</gpxtpx:hr>
          </gpxtpx:TrackPointExtension>
        </extensions>
      </trkpt>
      <trkpt lat="29.602973470581485" lon="106.31750825233246">
        <ele>249.91558837890625</ele>
        <time>2026-09-08T22:33:25Z</time>
        <extensions>
          <gpxtpx:TrackPointExtension>
            <gpxtpx:hr>145</gpxtpx:hr>
          </gpxtpx:TrackPointExtension>
        </extensions>
      </trkpt>
      <trkpt lat="29.60303878076878" lon="106.31736954569756">
        <ele>249.6727294921875</ele>
        <time>2026-09-08T22:33:31Z</time>
        <extensions>
          <gpxtpx:TrackPointExtension>
            <gpxtpx:hr>144</gpxtpx:hr>
          </gpxtpx:TrackPointExtension>
        </extensions>
      </trkpt>
      <trkpt lat="29.60296123454292" lon="106.31710823650316">
        <ele>251.7047119140625</ele>
        <time>2026-09-08T22:33:40Z</time>
        <extensions>
          <gpxtpx:TrackPointExtension>
            <gpxtpx:hr>144</gpxtpx:hr>
          </gpxtpx:TrackPointExtension>
        </extensions>
      </trkpt>
      <trkpt lat="29.602944737699204" lon="106.31684588186629">
        <ele>250.95947265625</ele>
        <time>2026-09-08T22:33:52Z</time>
        <extensions>
          <gpxtpx:TrackPointExtension>
            <gpxtpx:hr>144</gpxtpx:hr>
          </gpxtpx:TrackPointExtension>
        </extensions>
      </trkpt>
      <trkpt lat="29.602940155468293" lon="106.31662642076373">
        <ele>254.68572998046875</ele>
        <time>2026-09-08T22:34:01Z</time>
        <extensions>
          <gpxtpx:TrackPointExtension>
            <gpxtpx:hr>144</gpxtpx:hr>
          </gpxtpx:TrackPointExtension>
        </extensions>
      </trkpt>
      <trkpt lat="29.60288247005351" lon="106.31646980839348">
        <ele>257.41046142578125</ele>
        <time>2026-09-08T22:34:07Z</time>
        <extensions>
          <gpxtpx:TrackPointExtension>
            <gpxtpx:hr>140</gpxtpx:hr>
          </gpxtpx:TrackPointExtension>
        </extensions>
      </trkpt>
      <trkpt lat="29.602773716935232" lon="106.31635709131986">
        <ele>254.35394287109375</ele>
        <time>2026-09-08T22:34:16Z</time>
        <extensions>
          <gpxtpx:TrackPointExtension>
            <gpxtpx:hr>141</gpxtpx:hr>
          </gpxtpx:TrackPointExtension>
        </extensions>
      </trkpt>
      <trkpt lat="29.602720763368634" lon="106.31634113363445">
        <ele>254.0135498046875</ele>
        <time>2026-09-08T22:34:19Z</time>
        <extensions>
          <gpxtpx:TrackPointExtension>
            <gpxtpx:hr>140</gpxtpx:hr>
          </gpxtpx:TrackPointExtension>
        </extensions>
      </trkpt>
      <trkpt lat="29.602671759451052" lon="106.31635111213392">
        <ele>252.9854736328125</ele>
        <time>2026-09-08T22:34:22Z</time>
        <extensions>
          <gpxtpx:TrackPointExtension>
            <gpxtpx:hr>140</gpxtpx:hr>
          </gpxtpx:TrackPointExtension>
        </extensions>
      </trkpt>
      <trkpt lat="29.602585630772463" lon="106.31643291678165">
        <ele>252.20892333984375</ele>
        <time>2026-09-08T22:34:28Z</time>
        <extensions>
          <gpxtpx:TrackPointExtension>
            <gpxtpx:hr>139</gpxtpx:hr>
          </gpxtpx:TrackPointExtension>
        </extensions>
      </trkpt>
      <trkpt lat="29.602524439581344" lon="106.31654364892094">
        <ele>250.533935546875</ele>
        <time>2026-09-08T22:34:34Z</time>
        <extensions>
          <gpxtpx:TrackPointExtension>
            <gpxtpx:hr>139</gpxtpx:hr>
          </gpxtpx:TrackPointExtension>
        </extensions>
      </trkpt>
      <trkpt lat="29.6025527723311" lon="106.31689079526717">
        <ele>249.172119140625</ele>
        <time>2026-09-08T22:34:49Z</time>
        <extensions>
          <gpxtpx:TrackPointExtension>
            <gpxtpx:hr>139</gpxtpx:hr>
          </gpxtpx:TrackPointExtension>
        </extensions>
      </trkpt>
      <trkpt lat="29.60257834401281" lon="106.31711224977242">
        <ele>251.76434326171875</ele>
        <time>2026-09-08T22:34:58Z</time>
        <extensions>
          <gpxtpx:TrackPointExtension>
            <gpxtpx:hr>138</gpxtpx:hr>
          </gpxtpx:TrackPointExtension>
        </extensions>
      </trkpt>
      <trkpt lat="29.602540007015335" lon="106.31729580096865">
        <ele>253.24932861328125</ele>
        <time>2026-09-08T22:35:07Z</time>
        <extensions>
          <gpxtpx:TrackPointExtension>
            <gpxtpx:hr>138</gpxtpx:hr>
          </gpxtpx:TrackPointExtension>
        </extensions>
      </trkpt>
      <trkpt lat="29.602468820233646" lon="106.317405535457">
        <ele>249.4244384765625</ele>
        <time>2026-09-08T22:35:13Z</time>
        <extensions>
          <gpxtpx:TrackPointExtension>
            <gpxtpx:hr>138</gpxtpx:hr>
          </gpxtpx:TrackPointExtension>
        </extensions>
      </trkpt>
      <trkpt lat="29.602343714394916" lon="106.31748135653949">
        <ele>248.13720703125</ele>
        <time>2026-09-08T22:35:19Z</time>
        <extensions>
          <gpxtpx:TrackPointExtension>
            <gpxtpx:hr>140</gpxtpx:hr>
          </gpxtpx:TrackPointExtension>
        </extensions>
      </trkpt>
      <trkpt lat="29.602066784065997" lon="106.31748935360051">
        <ele>250.5074462890625</ele>
        <time>2026-09-08T22:35:37Z</time>
        <extensions>
          <gpxtpx:TrackPointExtension>
            <gpxtpx:hr>138</gpxtpx:hr>
          </gpxtpx:TrackPointExtension>
        </extensions>
      </trkpt>
      <trkpt lat="29.60197060108162" lon="106.31760108454071">
        <ele>254.1063232421875</ele>
        <time>2026-09-08T22:35:43Z</time>
        <extensions>
          <gpxtpx:TrackPointExtension>
            <gpxtpx:hr>139</gpxtpx:hr>
          </gpxtpx:TrackPointExtension>
        </extensions>
      </trkpt>
      <trkpt lat="29.601930467276066" lon="106.31767789794642">
        <ele>256.1763916015625</ele>
        <time>2026-09-08T22:35:46Z</time>
        <extensions>
          <gpxtpx:TrackPointExtension>
            <gpxtpx:hr>139</gpxtpx:hr>
          </gpxtpx:TrackPointExtension>
        </extensions>
      </trkpt>
      <trkpt lat="29.60189307630095" lon="106.31788937959612">
        <ele>253.40380859375</ele>
        <time>2026-09-08T22:35:55Z</time>
        <extensions>
          <gpxtpx:TrackPointExtension>
            <gpxtpx:hr>140</gpxtpx:hr>
          </gpxtpx:TrackPointExtension>
        </extensions>
      </trkpt>
      <trkpt lat="29.601887485335517" lon="106.318200613231">
        <ele>253.71624755859375</ele>
        <time>2026-09-08T22:36:10Z</time>
        <extensions>
          <gpxtpx:TrackPointExtension>
            <gpxtpx:hr>139</gpxtpx:hr>
          </gpxtpx:TrackPointExtension>
        </extensions>
      </trkpt>
      <trkpt lat="29.601862874646432" lon="106.31853470958913">
        <ele>257.82025146484375</ele>
        <time>2026-09-08T22:36:22Z</time>
        <extensions>
          <gpxtpx:TrackPointExtension>
            <gpxtpx:hr>138</gpxtpx:hr>
          </gpxtpx:TrackPointExtension>
        </extensions>
      </trkpt>
      <trkpt lat="29.601868270253718" lon="106.31884103487121">
        <ele>259.312744140625</ele>
        <time>2026-09-08T22:36:34Z</time>
        <extensions>
          <gpxtpx:TrackPointExtension>
            <gpxtpx:hr>137</gpxtpx:hr>
          </gpxtpx:TrackPointExtension>
        </extensions>
      </trkpt>
      <trkpt lat="29.601885158484603" lon="106.31889689596125">
        <ele>259.6405029296875</ele>
        <time>2026-09-08T22:36:37Z</time>
        <extensions>
          <gpxtpx:TrackPointExtension>
            <gpxtpx:hr>137</gpxtpx:hr>
          </gpxtpx:TrackPointExtension>
        </extensions>
      </trkpt>
      <trkpt lat="29.601883016368998" lon="106.31897171138662">
        <ele>259.8267822265625</ele>
        <time>2026-09-08T22:36:40Z</time>
        <extensions>
          <gpxtpx:TrackPointExtension>
            <gpxtpx:hr>138</gpxtpx:hr>
          </gpxtpx:TrackPointExtension>
        </extensions>
      </trkpt>
      <trkpt lat="29.601853777811282" lon="106.31910139292293">
        <ele>259.268798828125</ele>
        <time>2026-09-08T22:36:46Z</time>
        <extensions>
          <gpxtpx:TrackPointExtension>
            <gpxtpx:hr>140</gpxtpx:hr>
          </gpxtpx:TrackPointExtension>
        </extensions>
      </trkpt>
      <trkpt lat="29.60188420843419" lon="106.31939466654573">
        <ele>254.5462646484375</ele>
        <time>2026-09-08T22:37:01Z</time>
        <extensions>
          <gpxtpx:TrackPointExtension>
            <gpxtpx:hr>141</gpxtpx:hr>
          </gpxtpx:TrackPointExtension>
        </extensions>
      </trkpt>
      <trkpt lat="29.6019160709854" lon="106.31946149944363">
        <ele>255.76470947265625</ele>
        <time>2026-09-08T22:37:04Z</time>
        <extensions>
          <gpxtpx:TrackPointExtension>
            <gpxtpx:hr>140</gpxtpx:hr>
          </gpxtpx:TrackPointExtension>
        </extensions>
      </trkpt>
      <trkpt lat="29.601933440382822" lon="106.31978868942562">
        <ele>256.731201171875</ele>
        <time>2026-09-08T22:37:16Z</time>
        <extensions>
          <gpxtpx:TrackPointExtension>
            <gpxtpx:hr>140</gpxtpx:hr>
          </gpxtpx:TrackPointExtension>
        </extensions>
      </trkpt>
      <trkpt lat="29.60191610240033" lon="106.31996824630171">
        <ele>258.127197265625</ele>
        <time>2026-09-08T22:37:22Z</time>
        <extensions>
          <gpxtpx:TrackPointExtension>
            <gpxtpx:hr>138</gpxtpx:hr>
          </gpxtpx:TrackPointExtension>
        </extensions>
      </trkpt>
      <trkpt lat="29.601983032277253" lon="106.31999417809317">
        <ele>256.92242431640625</ele>
        <time>2026-09-08T22:37:28Z</time>
        <extensions>
          <gpxtpx:TrackPointExtension>
            <gpxtpx:hr>140</gpxtpx:hr>
          </gpxtpx:TrackPointExtension>
        </extensions>
      </trkpt>
      <trkpt lat="29.602087206342663" lon="106.31988643834215">
        <ele>258.3126220703125</ele>
        <time>2026-09-08T22:37:34Z</time>
        <extensions>
          <gpxtpx:TrackPointExtension>
            <gpxtpx:hr>140</gpxtpx:hr>
          </gpxtpx:TrackPointExtension>
        </extensions>
      </trkpt>
      <trkpt lat="29.602190287274983" lon="106.31982757770672">
        <ele>259.9459228515625</ele>
        <time>2026-09-08T22:37:40Z</time>
        <extensions>
          <gpxtpx:TrackPointExtension>
            <gpxtpx:hr>142</gpxtpx:hr>
          </gpxtpx:TrackPointExtension>
        </extensions>
      </trkpt>
      <trkpt lat="29.60238930890876" lon="106.31984236461099">
        <ele>256.07672119140625</ele>
        <time>2026-09-08T22:37:49Z</time>
        <extensions>
          <gpxtpx:TrackPointExtension>
            <gpxtpx:hr>143</gpxtpx:hr>
          </gpxtpx:TrackPointExtension>
        </extensions>
      </trkpt>
      <trkpt lat="29.602433339225396" lon="106.31978765541618">
        <ele>256.66552734375</ele>
        <time>2026-09-08T22:37:52Z</time>
        <extensions>
          <gpxtpx:TrackPointExtension>
            <gpxtpx:hr>143</gpxtpx:hr>
          </gpxtpx:TrackPointExtension>
        </extensions>
      </trkpt>
      <trkpt lat="29.602459817815323" lon="106.31965652564784">
        <ele>257.0093994140625</ele>
        <time>2026-09-08T22:37:58Z</time>
        <extensions>
          <gpxtpx:TrackPointExtension>
            <gpxtpx:hr>144</gpxtpx:hr>
          </gpxtpx:TrackPointExtension>
        </extensions>
      </trkpt>
      <trkpt lat="29.60244870956834" lon="106.3195652108692">
        <ele>256.974609375</ele>
        <time>2026-09-08T22:38:01Z</time>
        <extensions>
          <gpxtpx:TrackPointExtension>
            <gpxtpx:hr>144</gpxtpx:hr>
          </gpxtpx:TrackPointExtension>
        </extensions>
      </trkpt>
      <trkpt lat="29.602494857554674" lon="106.3194949344887">
        <ele>257.24713134765625</ele>
        <time>2026-09-08T22:38:04Z</time>
        <extensions>
          <gpxtpx:TrackPointExtension>
            <gpxtpx:hr>144</gpxtpx:hr>
          </gpxtpx:TrackPointExtension>
        </extensions>
      </trkpt>
      <trkpt lat="29.60254014499" lon="106.31947033476239">
        <ele>257.47900390625</ele>
        <time>2026-09-08T22:38:07Z</time>
        <extensions>
          <gpxtpx:TrackPointExtension>
            <gpxtpx:hr>144</gpxtpx:hr>
          </gpxtpx:TrackPointExtension>
        </extensions>
      </trkpt>
      <trkpt lat="29.602726818895075" lon="106.31946344560839">
        <ele>254.4002685546875</ele>
        <time>2026-09-08T22:38:16Z</time>
        <extensions>
          <gpxtpx:TrackPointExtension>
            <gpxtpx:hr>142</gpxtpx:hr>
          </gpxtpx:TrackPointExtension>
        </extensions>
      </trkpt>
      <trkpt lat="29.6027967689247" lon="106.31947840440465">
        <ele>250.9864501953125</ele>
        <time>2026-09-08T22:38:19Z</time>
        <extensions>
          <gpxtpx:TrackPointExtension>
            <gpxtpx:hr>142</gpxtpx:hr>
          </gpxtpx:TrackPointExtension>
        </extensions>
      </trkpt>
      <trkpt lat="29.602869841877048" lon="106.31942852327339">
        <ele>251.89971923828125</ele>
        <time>2026-09-08T22:38:25Z</time>
        <extensions>
          <gpxtpx:TrackPointExtension>
            <gpxtpx:hr>142</gpxtpx:hr>
          </gpxtpx:TrackPointExtension>
        </extensions>
      </trkpt>
      <trkpt lat="29.60291799865166" lon="106.319338742234">
        <ele>250.29412841796875</ele>
        <time>2026-09-08T22:38:28Z</time>
        <extensions>
          <gpxtpx:TrackPointExtension>
            <gpxtpx:hr>142</gpxtpx:hr>
          </gpxtpx:TrackPointExtension>
        </extensions>
      </trkpt>
      <trkpt lat="29.602942981955" lon="106.31910826477129">
        <ele>252.0552978515625</ele>
        <time>2026-09-08T22:38:37Z</time>
        <extensions>
          <gpxtpx:TrackPointExtension>
            <gpxtpx:hr>143</gpxtpx:hr>
          </gpxtpx:TrackPointExtension>
        </extensions>
      </trkpt>
      <trkpt lat="29.602900700996937" lon="106.31897364508674">
        <ele>249.0855712890625</ele>
        <time>2026-09-08T22:38:43Z</time>
        <extensions>
          <gpxtpx:TrackPointExtension>
            <gpxtpx:hr>144</gpxtpx:hr>
          </gpxtpx:TrackPointExtension>
        </extensions>
      </trkpt>
      <trkpt lat="29.602908033760414" lon="106.31879807803924">
        <ele>244.64263916015625</ele>
        <time>2026-09-08T22:38:52Z</time>
        <extensions>
          <gpxtpx:TrackPointExtension>
            <gpxtpx:hr>144</gpxtpx:hr>
          </gpxtpx:TrackPointExtension>
        </extensions>
      </trkpt>
      <trkpt lat="29.602893203841482" lon="106.31871129310339">
        <ele>247.1385498046875</ele>
        <time>2026-09-08T22:38:55Z</time>
        <extensions>
          <gpxtpx:TrackPointExtension>
            <gpxtpx:hr>145</gpxtpx:hr>
          </gpxtpx:TrackPointExtension>
        </extensions>
      </trkpt>
      <trkpt lat="29.60292289853418" lon="106.3183425164312">
        <ele>251.587646484375</ele>
        <time>2026-09-08T22:39:07Z</time>
        <extensions>
          <gpxtpx:TrackPointExtension>
            <gpxtpx:hr>145</gpxtpx:hr>
          </gpxtpx:TrackPointExtension>
        </extensions>
      </trkpt>
      <trkpt lat="29.60296853889736" lon="106.3180777731491">
        <ele>256.070068359375</ele>
        <time>2026-09-08T22:39:16Z</time>
        <extensions>
          <gpxtpx:TrackPointExtension>
            <gpxtpx:hr>145</gpxtpx:hr>
          </gpxtpx:TrackPointExtension>
        </extensions>
      </trkpt>
      <trkpt lat="29.602930557392742" lon="106.31799505664158">
        <ele>257.17413330078125</ele>
        <time>2026-09-08T22:39:19Z</time>
        <extensions>
          <gpxtpx:TrackPointExtension>
            <gpxtpx:hr>145</gpxtpx:hr>
          </gpxtpx:TrackPointExtension>
        </extensions>
      </trkpt>
      <trkpt lat="29.602935288734347" lon="106.31761000430564">
        <ele>257.862548828125</ele>
        <time>2026-09-08T22:39:34Z</time>
        <extensions>
          <gpxtpx:TrackPointExtension>
            <gpxtpx:hr>143</gpxtpx:hr>
          </gpxtpx:TrackPointExtension>
        </extensions>
      </trkpt>
      <trkpt lat="29.602949565135454" lon="106.31746236664307">
        <ele>255.83587646484375</ele>
        <time>2026-09-08T22:39:40Z</time>
        <extensions>
          <gpxtpx:TrackPointExtension>
            <gpxtpx:hr>143</gpxtpx:hr>
          </gpxtpx:TrackPointExtension>
        </extensions>
      </trkpt>
      <trkpt lat="29.602991102998473" lon="106.3173833995493">
        <ele>252.7664794921875</ele>
        <time>2026-09-08T22:39:46Z</time>
        <extensions>
          <gpxtpx:TrackPointExtension>
            <gpxtpx:hr>143</gpxtpx:hr>
          </gpxtpx:TrackPointExtension>
        </extensions>
      </trkpt>
      <trkpt lat="29.602951400472413" lon="106.31702244785764">
        <ele>243.5809326171875</ele>
        <time>2026-09-08T22:40:04Z</time>
        <extensions>
          <gpxtpx:TrackPointExtension>
            <gpxtpx:hr>143</gpxtpx:hr>
          </gpxtpx:TrackPointExtension>
        </extensions>
      </trkpt>
      <trkpt lat="29.6029608917753" lon="106.31676208659138">
        <ele>244.58575439453125</ele>
        <time>2026-09-08T22:40:13Z</time>
        <extensions>
          <gpxtpx:TrackPointExtension>
            <gpxtpx:hr>139</gpxtpx:hr>
          </gpxtpx:TrackPointExtension>
        </extensions>
      </trkpt>
      <trkpt lat="29.602917889090268" lon="106.31648394296545">
        <ele>253.639404296875</ele>
        <time>2026-09-08T22:40:22Z</time>
        <extensions>
          <gpxtpx:TrackPointExtension>
            <gpxtpx:hr>139</gpxtpx:hr>
          </gpxtpx:TrackPointExtension>
        </extensions>
      </trkpt>
      <trkpt lat="29.60288856462415" lon="106.31641893277423">
        <ele>253.75042724609375</ele>
        <time>2026-09-08T22:40:25Z</time>
        <extensions>
          <gpxtpx:TrackPointExtension>
            <gpxtpx:hr>139</gpxtpx:hr>
          </gpxtpx:TrackPointExtension>
        </extensions>
      </trkpt>
      <trkpt lat="29.60282665916457" lon="106.31637903433086">
        <ele>253.31280517578125</ele>
        <time>2026-09-08T22:40:28Z</time>
        <extensions>
          <gpxtpx:TrackPointExtension>
            <gpxtpx:hr>139</gpxtpx:hr>
          </gpxtpx:TrackPointExtension>
        </extensions>
      </trkpt>
      <trkpt lat="29.602698737968964" lon="106.31635809339139">
        <ele>253.5587158203125</ele>
        <time>2026-09-08T22:40:34Z</time>
        <extensions>
          <gpxtpx:TrackPointExtension>
            <gpxtpx:hr>143</gpxtpx:hr>
          </gpxtpx:TrackPointExtension>
        </extensions>
      </trkpt>
      <trkpt lat="29.6025945939956" lon="106.31645087221347">
        <ele>253.89434814453125</ele>
        <time>2026-09-08T22:40:40Z</time>
        <extensions>
          <gpxtpx:TrackPointExtension>
            <gpxtpx:hr>143</gpxtpx:hr>
          </gpxtpx:TrackPointExtension>
        </extensions>
      </trkpt>
      <trkpt lat="29.602550484570195" lon="106.31651571585921">
        <ele>250.9888916015625</ele>
        <time>2026-09-08T22:40:43Z</time>
        <extensions>
          <gpxtpx:TrackPointExtension>
            <gpxtpx:hr>144</gpxtpx:hr>
          </gpxtpx:TrackPointExtension>
        </extensions>
      </trkpt>
      <trkpt lat="29.602518135018293" lon="106.3167052528188">
        <ele>250.01708984375</ele>
        <time>2026-09-08T22:40:52Z</time>
        <extensions>
          <gpxtpx:TrackPointExtension>
            <gpxtpx:hr>141</gpxtpx:hr>
          </gpxtpx:TrackPointExtension>
        </extensions>
      </trkpt>
      <trkpt lat="29.602582541646058" lon="106.31700750683981">
        <ele>251.24847412109375</ele>
        <time>2026-09-08T22:41:04Z</time>
        <extensions>
          <gpxtpx:TrackPointExtension>
            <gpxtpx:hr>142</gpxtpx:hr>
          </gpxtpx:TrackPointExtension>
        </extensions>
      </trkpt>
      <trkpt lat="29.602580155851516" lon="106.31721100697416">
        <ele>254.32769775390625</ele>
        <time>2026-09-08T22:41:13Z</time>
        <extensions>
          <gpxtpx:TrackPointExtension>
            <gpxtpx:hr>142</gpxtpx:hr>
          </gpxtpx:TrackPointExtension>
        </extensions>
      </trkpt>
      <trkpt lat="29.602504921060778" lon="106.3173466780037">
        <ele>251.103271484375</ele>
        <time>2026-09-08T22:41:22Z</time>
        <extensions>
          <gpxtpx:TrackPointExtension>
            <gpxtpx:hr>141</gpxtpx:hr>
          </gpxtpx:TrackPointExtension>
        </extensions>
      </trkpt>
      <trkpt lat="29.602445808313217" lon="106.31741551231228">
        <ele>250.3681640625</ele>
        <time>2026-09-08T22:41:25Z</time>
        <extensions>
          <gpxtpx:TrackPointExtension>
            <gpxtpx:hr>141</gpxtpx:hr>
          </gpxtpx:TrackPointExtension>
        </extensions>
      </trkpt>
      <trkpt lat="29.602379741297916" lon="106.31746140343976">
        <ele>250.7562255859375</ele>
        <time>2026-09-08T22:41:28Z</time>
        <extensions>
          <gpxtpx:TrackPointExtension>
            <gpxtpx:hr>141</gpxtpx:hr>
          </gpxtpx:TrackPointExtension>
        </extensions>
      </trkpt>
      <trkpt lat="29.602104785695126" lon="106.3174823684859">
        <ele>247.5028076171875</ele>
        <time>2026-09-08T22:41:43Z</time>
        <extensions>
          <gpxtpx:TrackPointExtension>
            <gpxtpx:hr>141</gpxtpx:hr>
          </gpxtpx:TrackPointExtension>
        </extensions>
      </trkpt>
      <trkpt lat="29.602030781825356" lon="106.31749633859428">
        <ele>251.00238037109375</ele>
        <time>2026-09-08T22:41:49Z</time>
        <extensions>
          <gpxtpx:TrackPointExtension>
            <gpxtpx:hr>141</gpxtpx:hr>
          </gpxtpx:TrackPointExtension>
        </extensions>
      </trkpt>
      <trkpt lat="29.601937527734616" lon="106.31764497853142">
        <ele>255.41143798828125</ele>
        <time>2026-09-08T22:41:55Z</time>
        <extensions>
          <gpxtpx:TrackPointExtension>
            <gpxtpx:hr>142</gpxtpx:hr>
          </gpxtpx:TrackPointExtension>
        </extensions>
      </trkpt>
      <trkpt lat="29.601883847435037" lon="106.31801108042629">
        <ele>254.614990234375</ele>
        <time>2026-09-08T22:42:10Z</time>
        <extensions>
          <gpxtpx:TrackPointExtension>
            <gpxtpx:hr>142</gpxtpx:hr>
          </gpxtpx:TrackPointExtension>
        </extensions>
      </trkpt>
      <trkpt lat="29.601872119388698" lon="106.31839513465837">
        <ele>256.28765869140625</ele>
        <time>2026-09-08T22:42:25Z</time>
        <extensions>
          <gpxtpx:TrackPointExtension>
            <gpxtpx:hr>141</gpxtpx:hr>
          </gpxtpx:TrackPointExtension>
        </extensions>
      </trkpt>
      <trkpt lat="29.60187042183958" lon="106.31876123169849">
        <ele>258.4381103515625</ele>
        <time>2026-09-08T22:42:40Z</time>
        <extensions>
          <gpxtpx:TrackPointExtension>
            <gpxtpx:hr>141</gpxtpx:hr>
          </gpxtpx:TrackPointExtension>
        </extensions>
      </trkpt>
      <trkpt lat="29.601853794944763" lon="106.31909241509445">
        <ele>257.022705078125</ele>
        <time>2026-09-08T22:42:55Z</time>
        <extensions>
          <gpxtpx:TrackPointExtension>
            <gpxtpx:hr>141</gpxtpx:hr>
          </gpxtpx:TrackPointExtension>
        </extensions>
      </trkpt>
      <trkpt lat="29.601851557564164" lon="106.31921710723816">
        <ele>255.783203125</ele>
        <time>2026-09-08T22:43:01Z</time>
        <extensions>
          <gpxtpx:TrackPointExtension>
            <gpxtpx:hr>137</gpxtpx:hr>
          </gpxtpx:TrackPointExtension>
        </extensions>
      </trkpt>
      <trkpt lat="29.601906827916896" lon="106.31956322044506">
        <ele>255.61456298828125</ele>
        <time>2026-09-08T22:43:16Z</time>
        <extensions>
          <gpxtpx:TrackPointExtension>
            <gpxtpx:hr>138</gpxtpx:hr>
          </gpxtpx:TrackPointExtension>
        </extensions>
      </trkpt>
      <trkpt lat="29.601910142378344" lon="106.31994829602105">
        <ele>258.1026611328125</ele>
        <time>2026-09-08T22:43:31Z</time>
        <extensions>
          <gpxtpx:TrackPointExtension>
            <gpxtpx:hr>137</gpxtpx:hr>
          </gpxtpx:TrackPointExtension>
        </extensions>
      </trkpt>
      <trkpt lat="29.60191002223841" lon="106.32001114053871">
        <ele>258.198486328125</ele>
        <time>2026-09-08T22:43:34Z</time>
        <extensions>
          <gpxtpx:TrackPointExtension>
            <gpxtpx:hr>137</gpxtpx:hr>
          </gpxtpx:TrackPointExtension>
        </extensions>
      </trkpt>
      <trkpt lat="29.60201208250426" lon="106.3199632528512">
        <ele>255.88214111328125</ele>
        <time>2026-09-08T22:43:40Z</time>
        <extensions>
          <gpxtpx:TrackPointExtension>
            <gpxtpx:hr>140</gpxtpx:hr>
          </gpxtpx:TrackPointExtension>
        </extensions>
      </trkpt>
      <trkpt lat="29.60205816946841" lon="106.3199103808689">
        <ele>255.436279296875</ele>
        <time>2026-09-08T22:43:43Z</time>
        <extensions>
          <gpxtpx:TrackPointExtension>
            <gpxtpx:hr>140</gpxtpx:hr>
          </gpxtpx:TrackPointExtension>
        </extensions>
      </trkpt>
      <trkpt lat="29.602161229429758" lon="106.31986249309871">
        <ele>255.7335205078125</ele>
        <time>2026-09-08T22:43:49Z</time>
        <extensions>
          <gpxtpx:TrackPointExtension>
            <gpxtpx:hr>140</gpxtpx:hr>
          </gpxtpx:TrackPointExtension>
        </extensions>
      </trkpt>
      <trkpt lat="29.602345710888816" lon="106.31985689255127">
        <ele>253.32318115234375</ele>
        <time>2026-09-08T22:43:58Z</time>
        <extensions>
          <gpxtpx:TrackPointExtension>
            <gpxtpx:hr>140</gpxtpx:hr>
          </gpxtpx:TrackPointExtension>
        </extensions>
      </trkpt>
      <trkpt lat="29.60242036830673" lon="106.31982329317731">
        <ele>252.91815185546875</ele>
        <time>2026-09-08T22:44:01Z</time>
        <extensions>
          <gpxtpx:TrackPointExtension>
            <gpxtpx:hr>140</gpxtpx:hr>
          </gpxtpx:TrackPointExtension>
        </extensions>
      </trkpt>
      <trkpt lat="29.602480254732754" lon="106.3197767771009">
        <ele>254.40985107421875</ele>
        <time>2026-09-08T22:44:04Z</time>
        <extensions>
          <gpxtpx:TrackPointExtension>
            <gpxtpx:hr>139</gpxtpx:hr>
          </gpxtpx:TrackPointExtension>
        </extensions>
      </trkpt>
      <trkpt lat="29.602502248677727" lon="106.31954736742863">
        <ele>250.6553955078125</ele>
        <time>2026-09-08T22:44:16Z</time>
        <extensions>
          <gpxtpx:TrackPointExtension>
            <gpxtpx:hr>140</gpxtpx:hr>
          </gpxtpx:TrackPointExtension>
        </extensions>
      </trkpt>
      <trkpt lat="29.602642840763803" lon="106.31946544574284">
        <ele>250.80841064453125</ele>
        <time>2026-09-08T22:44:25Z</time>
        <extensions>
          <gpxtpx:TrackPointExtension>
            <gpxtpx:hr>140</gpxtpx:hr>
          </gpxtpx:TrackPointExtension>
        </extensions>
      </trkpt>
      <trkpt lat="29.602812783087636" lon="106.31946842809499">
        <ele>246.83099365234375</ele>
        <time>2026-09-08T22:44:34Z</time>
        <extensions>
          <gpxtpx:TrackPointExtension>
            <gpxtpx:hr>141</gpxtpx:hr>
          </gpxtpx:TrackPointExtension>
        </extensions>
      </trkpt>
      <trkpt lat="29.6028548235989" lon="106.31944049459408">
        <ele>246.590087890625</ele>
        <time>2026-09-08T22:44:37Z</time>
        <extensions>
          <gpxtpx:TrackPointExtension>
            <gpxtpx:hr>141</gpxtpx:hr>
          </gpxtpx:TrackPointExtension>
        </extensions>
      </trkpt>
      <trkpt lat="29.60296827856011" lon="106.31918412120334">
        <ele>245.73291015625</ele>
        <time>2026-09-08T22:44:49Z</time>
        <extensions>
          <gpxtpx:TrackPointExtension>
            <gpxtpx:hr>143</gpxtpx:hr>
          </gpxtpx:TrackPointExtension>
        </extensions>
      </trkpt>
      <trkpt lat="29.60298061450197" lon="106.31909965845306">
        <ele>245.64093017578125</ele>
        <time>2026-09-08T22:44:52Z</time>
        <extensions>
          <gpxtpx:TrackPointExtension>
            <gpxtpx:hr>144</gpxtpx:hr>
          </gpxtpx:TrackPointExtension>
        </extensions>
      </trkpt>
      <trkpt lat="29.602914577821085" lon="106.31899450773881">
        <ele>246.522705078125</ele>
        <time>2026-09-08T22:44:55Z</time>
        <extensions>
          <gpxtpx:TrackPointExtension>
            <gpxtpx:hr>144</gpxtpx:hr>
          </gpxtpx:TrackPointExtension>
        </extensions>
      </trkpt>
      <trkpt lat="29.602897797068945" lon="106.31892376840307">
        <ele>244.74810791015625</ele>
        <time>2026-09-08T22:44:58Z</time>
        <extensions>
          <gpxtpx:TrackPointExtension>
            <gpxtpx:hr>143</gpxtpx:hr>
          </gpxtpx:TrackPointExtension>
        </extensions>
      </trkpt>
      <trkpt lat="29.602934143764948" lon="106.31873622909599">
        <ele>246.78021240234375</ele>
        <time>2026-09-08T22:45:07Z</time>
        <extensions>
          <gpxtpx:TrackPointExtension>
            <gpxtpx:hr>142</gpxtpx:hr>
          </gpxtpx:TrackPointExtension>
        </extensions>
      </trkpt>
      <trkpt lat="29.60292328787634" lon="106.31866241189442">
        <ele>247.3255615234375</ele>
        <time>2026-09-08T22:45:10Z</time>
        <extensions>
          <gpxtpx:TrackPointExtension>
            <gpxtpx:hr>141</gpxtpx:hr>
          </gpxtpx:TrackPointExtension>
        </extensions>
      </trkpt>
      <trkpt lat="29.602961584319896" lon="106.31850080822052">
        <ele>249.35748291015625</ele>
        <time>2026-09-08T22:45:16Z</time>
        <extensions>
          <gpxtpx:TrackPointExtension>
            <gpxtpx:hr>141</gpxtpx:hr>
          </gpxtpx:TrackPointExtension>
        </extensions>
      </trkpt>
      <trkpt lat="29.602943850235015" lon="106.31836414628515">
        <ele>250.9599609375</ele>
        <time>2026-09-08T22:45:22Z</time>
        <extensions>
          <gpxtpx:TrackPointExtension>
            <gpxtpx:hr>140</gpxtpx:hr>
          </gpxtpx:TrackPointExtension>
        </extensions>
      </trkpt>
      <trkpt lat="29.602949645945223" lon="106.31806188163173">
        <ele>251.9073486328125</ele>
        <time>2026-09-08T22:45:34Z</time>
        <extensions>
          <gpxtpx:TrackPointExtension>
            <gpxtpx:hr>137</gpxtpx:hr>
          </gpxtpx:TrackPointExtension>
        </extensions>
      </trkpt>
      <trkpt lat="29.602914697081506" lon="106.31792423203473">
        <ele>254.1646728515625</ele>
        <time>2026-09-08T22:45:40Z</time>
        <extensions>
          <gpxtpx:TrackPointExtension>
            <gpxtpx:hr>138</gpxtpx:hr>
          </gpxtpx:TrackPointExtension>
        </extensions>
      </trkpt>
      <trkpt lat="29.602919160828776" lon="106.31767983344318">
        <ele>254.858642578125</ele>
        <time>2026-09-08T22:45:49Z</time>
        <extensions>
          <gpxtpx:TrackPointExtension>
            <gpxtpx:hr>138</gpxtpx:hr>
          </gpxtpx:TrackPointExtension>
        </extensions>
      </trkpt>
      <trkpt lat="29.602988809147693" lon="106.31732769544175">
        <ele>253.56964111328125</ele>
        <time>2026-09-08T22:46:01Z</time>
        <extensions>
          <gpxtpx:TrackPointExtension>
            <gpxtpx:hr>140</gpxtpx:hr>
          </gpxtpx:TrackPointExtension>
        </extensions>
      </trkpt>
      <trkpt lat="29.602981438651156" lon="106.31699750730547">
        <ele>235.72857666015625</ele>
        <time>2026-09-08T22:46:16Z</time>
        <extensions>
          <gpxtpx:TrackPointExtension>
            <gpxtpx:hr>144</gpxtpx:hr>
          </gpxtpx:TrackPointExtension>
        </extensions>
      </trkpt>
      <trkpt lat="29.60296628108656" lon="106.31661680632465">
        <ele>246.67578125</ele>
        <time>2026-09-08T22:46:28Z</time>
        <extensions>
          <gpxtpx:TrackPointExtension>
            <gpxtpx:hr>148</gpxtpx:hr>
          </gpxtpx:TrackPointExtension>
        </extensions>
      </trkpt>
      <trkpt lat="29.602916351904543" lon="106.31652666690415">
        <ele>246.59503173828125</ele>
        <time>2026-09-08T22:46:31Z</time>
        <extensions>
          <gpxtpx:TrackPointExtension>
            <gpxtpx:hr>149</gpxtpx:hr>
          </gpxtpx:TrackPointExtension>
        </extensions>
      </trkpt>
      <trkpt lat="29.60275753093123" lon="106.31645784527467">
        <ele>246.158203125</ele>
        <time>2026-09-08T22:46:37Z</time>
        <extensions>
          <gpxtpx:TrackPointExtension>
            <gpxtpx:hr>150</gpxtpx:hr>
          </gpxtpx:TrackPointExtension>
        </extensions>
      </trkpt>
      <trkpt lat="29.60268456080605" lon="106.31645385945521">
        <ele>247.62115478515625</ele>
        <time>2026-09-08T22:46:40Z</time>
        <extensions>
          <gpxtpx:TrackPointExtension>
            <gpxtpx:hr>150</gpxtpx:hr>
          </gpxtpx:TrackPointExtension>
        </extensions>
      </trkpt>
      <trkpt lat="29.602611530194583" lon="106.31648179536091">
        <ele>249.38079833984375</ele>
        <time>2026-09-08T22:46:43Z</time>
        <extensions>
          <gpxtpx:TrackPointExtension>
            <gpxtpx:hr>151</gpxtpx:hr>
          </gpxtpx:TrackPointExtension>
        </extensions>
      </trkpt>
      <trkpt lat="29.602564423564527" lon="106.31654564161843">
        <ele>247.7584228515625</ele>
        <time>2026-09-08T22:46:46Z</time>
        <extensions>
          <gpxtpx:TrackPointExtension>
            <gpxtpx:hr>151</gpxtpx:hr>
          </gpxtpx:TrackPointExtension>
        </extensions>
      </trkpt>
      <trkpt lat="29.602544320000867" lon="106.31660350090138">
        <ele>247.62286376953125</ele>
        <time>2026-09-08T22:46:49Z</time>
        <extensions>
          <gpxtpx:TrackPointExtension>
            <gpxtpx:hr>151</gpxtpx:hr>
          </gpxtpx:TrackPointExtension>
        </extensions>
      </trkpt>
      <trkpt lat="29.602547957445605" lon="106.31679403311686">
        <ele>247.9093017578125</ele>
        <time>2026-09-08T22:46:55Z</time>
        <extensions>
          <gpxtpx:TrackPointExtension>
            <gpxtpx:hr>152</gpxtpx:hr>
          </gpxtpx:TrackPointExtension>
        </extensions>
      </trkpt>
      <trkpt lat="29.60258949973892" lon="106.31702845496287">
        <ele>250.13079833984375</ele>
        <time>2026-09-08T22:47:04Z</time>
        <extensions>
          <gpxtpx:TrackPointExtension>
            <gpxtpx:hr>154</gpxtpx:hr>
          </gpxtpx:TrackPointExtension>
        </extensions>
      </trkpt>
      <trkpt lat="29.602576181705675" lon="106.31719803908591">
        <ele>252.28009033203125</ele>
        <time>2026-09-08T22:47:10Z</time>
        <extensions>
          <gpxtpx:TrackPointExtension>
            <gpxtpx:hr>155</gpxtpx:hr>
          </gpxtpx:TrackPointExtension>
        </extensions>
      </trkpt>
      <trkpt lat="29.602553046626646" lon="106.31727285658522">
        <ele>252.8809814453125</ele>
        <time>2026-09-08T22:47:13Z</time>
        <extensions>
          <gpxtpx:TrackPointExtension>
            <gpxtpx:hr>155</gpxtpx:hr>
          </gpxtpx:TrackPointExtension>
        </extensions>
      </trkpt>
      <trkpt lat="29.602447822867656" lon="106.31740753181622">
        <ele>252.1004638671875</ele>
        <time>2026-09-08T22:47:19Z</time>
        <extensions>
          <gpxtpx:TrackPointExtension>
            <gpxtpx:hr>155</gpxtpx:hr>
          </gpxtpx:TrackPointExtension>
        </extensions>
      </trkpt>
      <trkpt lat="29.602378737811843" lon="106.31746339859322">
        <ele>252.0206298828125</ele>
        <time>2026-09-08T22:47:22Z</time>
        <extensions>
          <gpxtpx:TrackPointExtension>
            <gpxtpx:hr>154</gpxtpx:hr>
          </gpxtpx:TrackPointExtension>
        </extensions>
      </trkpt>
      <trkpt lat="29.60230308298974" lon="106.31749353342862">
        <ele>251.62884521484375</ele>
        <time>2026-09-08T22:47:25Z</time>
        <extensions>
          <gpxtpx:TrackPointExtension>
            <gpxtpx:hr>154</gpxtpx:hr>
          </gpxtpx:TrackPointExtension>
        </extensions>
      </trkpt>
      <trkpt lat="29.602068760698113" lon="106.31750132403651">
        <ele>249.27032470703125</ele>
        <time>2026-09-08T22:47:37Z</time>
        <extensions>
          <gpxtpx:TrackPointExtension>
            <gpxtpx:hr>154</gpxtpx:hr>
          </gpxtpx:TrackPointExtension>
        </extensions>
      </trkpt>
      <trkpt lat="29.60200071706283" lon="106.31753524470507">
        <ele>252.75982666015625</ele>
        <time>2026-09-08T22:47:40Z</time>
        <extensions>
          <gpxtpx:TrackPointExtension>
            <gpxtpx:hr>154</gpxtpx:hr>
          </gpxtpx:TrackPointExtension>
        </extensions>
      </trkpt>
      <trkpt lat="29.601941592901117" lon="106.31761006419869">
        <ele>255.84063720703125</ele>
        <time>2026-09-08T22:47:43Z</time>
        <extensions>
          <gpxtpx:TrackPointExtension>
            <gpxtpx:hr>153</gpxtpx:hr>
          </gpxtpx:TrackPointExtension>
        </extensions>
      </trkpt>
      <trkpt lat="29.60190743448618" lon="106.31769884777871">
        <ele>256.56866455078125</ele>
        <time>2026-09-08T22:47:46Z</time>
        <extensions>
          <gpxtpx:TrackPointExtension>
            <gpxtpx:hr>152</gpxtpx:hr>
          </gpxtpx:TrackPointExtension>
        </extensions>
      </trkpt>
      <trkpt lat="29.601882798369385" lon="106.3180370166011">
        <ele>255.44451904296875</ele>
        <time>2026-09-08T22:47:58Z</time>
        <extensions>
          <gpxtpx:TrackPointExtension>
            <gpxtpx:hr>150</gpxtpx:hr>
          </gpxtpx:TrackPointExtension>
        </extensions>
      </trkpt>
      <trkpt lat="29.601871138702073" lon="106.31838515931288">
        <ele>257.378662109375</ele>
        <time>2026-09-08T22:48:10Z</time>
        <extensions>
          <gpxtpx:TrackPointExtension>
            <gpxtpx:hr>148</gpxtpx:hr>
          </gpxtpx:TrackPointExtension>
        </extensions>
      </trkpt>
      <trkpt lat="29.601870475102842" lon="106.31873330062157">
        <ele>259.05517578125</ele>
        <time>2026-09-08T22:48:22Z</time>
        <extensions>
          <gpxtpx:TrackPointExtension>
            <gpxtpx:hr>147</gpxtpx:hr>
          </gpxtpx:TrackPointExtension>
        </extensions>
      </trkpt>
      <trkpt lat="29.60185876485527" lon="106.31910737784021">
        <ele>253.0294189453125</ele>
        <time>2026-09-08T22:48:37Z</time>
        <extensions>
          <gpxtpx:TrackPointExtension>
            <gpxtpx:hr>146</gpxtpx:hr>
          </gpxtpx:TrackPointExtension>
        </extensions>
      </trkpt>
      <trkpt lat="29.6018623079105" lon="106.31927162068361">
        <ele>253.620361328125</ele>
        <time>2026-09-08T22:48:43Z</time>
        <extensions>
          <gpxtpx:TrackPointExtension>
            <gpxtpx:hr>146</gpxtpx:hr>
          </gpxtpx:TrackPointExtension>
        </extensions>
      </trkpt>
      <trkpt lat="29.60188928309337" lon="106.31935476484358">
        <ele>254.0491943359375</ele>
        <time>2026-09-08T22:48:46Z</time>
        <extensions>
          <gpxtpx:TrackPointExtension>
            <gpxtpx:hr>146</gpxtpx:hr>
          </gpxtpx:TrackPointExtension>
        </extensions>
      </trkpt>
      <trkpt lat="29.601919621948824" lon="106.31969591968603">
        <ele>252.5994873046875</ele>
        <time>2026-09-08T22:48:58Z</time>
        <extensions>
          <gpxtpx:TrackPointExtension>
            <gpxtpx:hr>149</gpxtpx:hr>
          </gpxtpx:TrackPointExtension>
        </extensions>
      </trkpt>
      <trkpt lat="29.601938011746" lon="106.32001213638179">
        <ele>254.48876953125</ele>
        <time>2026-09-08T22:49:10Z</time>
        <extensions>
          <gpxtpx:TrackPointExtension>
            <gpxtpx:hr>148</gpxtpx:hr>
          </gpxtpx:TrackPointExtension>
        </extensions>
      </trkpt>
      <trkpt lat="29.60201914900593" lon="106.31992734127033">
        <ele>255.95330810546875</ele>
        <time>2026-09-08T22:49:16Z</time>
        <extensions>
          <gpxtpx:TrackPointExtension>
            <gpxtpx:hr>147</gpxtpx:hr>
          </gpxtpx:TrackPointExtension>
        </extensions>
      </trkpt>
      <trkpt lat="29.602161174137343" lon="106.31989142154134">
        <ele>254.83660888671875</ele>
        <time>2026-09-08T22:49:22Z</time>
        <extensions>
          <gpxtpx:TrackPointExtension>
            <gpxtpx:hr>147</gpxtpx:hr>
          </gpxtpx:TrackPointExtension>
        </extensions>
      </trkpt>
      <trkpt lat="29.60222122821108" lon="106.31985351168669">
        <ele>255.58612060546875</ele>
        <time>2026-09-08T22:49:25Z</time>
        <extensions>
          <gpxtpx:TrackPointExtension>
            <gpxtpx:hr>147</gpxtpx:hr>
          </gpxtpx:TrackPointExtension>
        </extensions>
      </trkpt>
      <trkpt lat="29.60234120290773" lon="106.3198475192536">
        <ele>251.40869140625</ele>
        <time>2026-09-08T22:49:31Z</time>
        <extensions>
          <gpxtpx:TrackPointExtension>
            <gpxtpx:hr>146</gpxtpx:hr>
          </gpxtpx:TrackPointExtension>
        </extensions>
      </trkpt>
      <trkpt lat="29.602458388234925" lon="106.31973179837888">
        <ele>251.617431640625</ele>
        <time>2026-09-08T22:49:37Z</time>
        <extensions>
          <gpxtpx:TrackPointExtension>
            <gpxtpx:hr>147</gpxtpx:hr>
          </gpxtpx:TrackPointExtension>
        </extensions>
      </trkpt>
      <trkpt lat="29.60254666873799" lon="106.31949024085156">
        <ele>248.79345703125</ele>
        <time>2026-09-08T22:49:49Z</time>
        <extensions>
          <gpxtpx:TrackPointExtension>
            <gpxtpx:hr>146</gpxtpx:hr>
          </gpxtpx:TrackPointExtension>
        </extensions>
      </trkpt>
      <trkpt lat="29.602612865178088" lon="106.31945746727551">
        <ele>248.73583984375</ele>
        <time>2026-09-08T22:49:52Z</time>
        <extensions>
          <gpxtpx:TrackPointExtension>
            <gpxtpx:hr>146</gpxtpx:hr>
          </gpxtpx:TrackPointExtension>
        </extensions>
      </trkpt>
      <trkpt lat="29.602752200836466" lon="106.31948531613182">
        <ele>245.303466796875</ele>
        <time>2026-09-08T22:49:58Z</time>
        <extensions>
          <gpxtpx:TrackPointExtension>
            <gpxtpx:hr>146</gpxtpx:hr>
          </gpxtpx:TrackPointExtension>
        </extensions>
      </trkpt>
      <trkpt lat="29.602812821190255" lon="106.31944847740381">
        <ele>245.9656982421875</ele>
        <time>2026-09-08T22:50:01Z</time>
        <extensions>
          <gpxtpx:TrackPointExtension>
            <gpxtpx:hr>145</gpxtpx:hr>
          </gpxtpx:TrackPointExtension>
        </extensions>
      </trkpt>
      <trkpt lat="29.602939190303378" lon="106.31923499728086">
        <ele>241.44805908203125</ele>
        <time>2026-09-08T22:50:10Z</time>
        <extensions>
          <gpxtpx:TrackPointExtension>
            <gpxtpx:hr>147</gpxtpx:hr>
          </gpxtpx:TrackPointExtension>
        </extensions>
      </trkpt>
      <trkpt lat="29.602961362569033" lon="106.31914122757252">
        <ele>239.9818115234375</ele>
        <time>2026-09-08T22:50:13Z</time>
        <extensions>
          <gpxtpx:TrackPointExtension>
            <gpxtpx:hr>148</gpxtpx:hr>
          </gpxtpx:TrackPointExtension>
        </extensions>
      </trkpt>
      <trkpt lat="29.602938519988385" lon="106.3190624235802">
        <ele>239.618408203125</ele>
        <time>2026-09-08T22:50:16Z</time>
        <extensions>
          <gpxtpx:TrackPointExtension>
            <gpxtpx:hr>148</gpxtpx:hr>
          </gpxtpx:TrackPointExtension>
        </extensions>
      </trkpt>
      <trkpt lat="29.60295523055496" lon="106.31868734843674">
        <ele>244.35821533203125</ele>
        <time>2026-09-08T22:50:28Z</time>
        <extensions>
          <gpxtpx:TrackPointExtension>
            <gpxtpx:hr>148</gpxtpx:hr>
          </gpxtpx:TrackPointExtension>
        </extensions>
      </trkpt>
      <trkpt lat="29.602971854988226" lon="106.31835716181234">
        <ele>246.502197265625</ele>
        <time>2026-09-08T22:50:37Z</time>
        <extensions>
          <gpxtpx:TrackPointExtension>
            <gpxtpx:hr>149</gpxtpx:hr>
          </gpxtpx:TrackPointExtension>
        </extensions>
      </trkpt>
      <trkpt lat="29.602994022054656" lon="106.3182559049771">
        <ele>247.9456787109375</ele>
        <time>2026-09-08T22:50:40Z</time>
        <extensions>
          <gpxtpx:TrackPointExtension>
            <gpxtpx:hr>149</gpxtpx:hr>
          </gpxtpx:TrackPointExtension>
        </extensions>
      </trkpt>
      <trkpt lat="29.60299608932609" lon="106.31817824719789">
        <ele>247.2117919921875</ele>
        <time>2026-09-08T22:50:43Z</time>
        <extensions>
          <gpxtpx:TrackPointExtension>
            <gpxtpx:hr>149</gpxtpx:hr>
          </gpxtpx:TrackPointExtension>
        </extensions>
      </trkpt>
      <trkpt lat="29.602917696165225" lon="106.31792423185394">
        <ele>249.32379150390625</ele>
        <time>2026-09-08T22:50:52Z</time>
        <extensions>
          <gpxtpx:TrackPointExtension>
            <gpxtpx:hr>150</gpxtpx:hr>
          </gpxtpx:TrackPointExtension>
        </extensions>
      </trkpt>
      <trkpt lat="29.60291397830236" lon="106.31777659558776">
        <ele>252.6298828125</ele>
        <time>2026-09-08T22:50:58Z</time>
        <extensions>
          <gpxtpx:TrackPointExtension>
            <gpxtpx:hr>149</gpxtpx:hr>
          </gpxtpx:TrackPointExtension>
        </extensions>
      </trkpt>
      <trkpt lat="29.60296534765914" lon="106.3174495751071">
        <ele>252.3082275390625</ele>
        <time>2026-09-08T22:51:07Z</time>
        <extensions>
          <gpxtpx:TrackPointExtension>
            <gpxtpx:hr>149</gpxtpx:hr>
          </gpxtpx:TrackPointExtension>
        </extensions>
      </trkpt>
      <trkpt lat="29.60297728079695" lon="106.3170813017114">
        <ele>245.53656005859375</ele>
        <time>2026-09-08T22:51:22Z</time>
        <extensions>
          <gpxtpx:TrackPointExtension>
            <gpxtpx:hr>148</gpxtpx:hr>
          </gpxtpx:TrackPointExtension>
        </extensions>
      </trkpt>
      <trkpt lat="29.602970883045096" lon="106.31676507864391">
        <ele>245.028076171875</ele>
        <time>2026-09-08T22:51:34Z</time>
        <extensions>
          <gpxtpx:TrackPointExtension>
            <gpxtpx:hr>148</gpxtpx:hr>
          </gpxtpx:TrackPointExtension>
        </extensions>
      </trkpt>
      <trkpt lat="29.602963025493374" lon="106.31669126028568">
        <ele>246.1080322265625</ele>
        <time>2026-09-08T22:51:37Z</time>
        <extensions>
          <gpxtpx:TrackPointExtension>
            <gpxtpx:hr>147</gpxtpx:hr>
          </gpxtpx:TrackPointExtension>
        </extensions>
      </trkpt>
      <trkpt lat="29.60298307106444" lon="106.31663432302007">
        <ele>248.1329345703125</ele>
        <time>2026-09-08T22:51:40Z</time>
        <extensions>
          <gpxtpx:TrackPointExtension>
            <gpxtpx:hr>147</gpxtpx:hr>
          </gpxtpx:TrackPointExtension>
        </extensions>
      </trkpt>
      <trkpt lat="29.602947257346397" lon="106.31657155493384">
        <ele>248.04583740234375</ele>
        <time>2026-09-08T22:51:43Z</time>
        <extensions>
          <gpxtpx:TrackPointExtension>
            <gpxtpx:hr>147</gpxtpx:hr>
          </gpxtpx:TrackPointExtension>
        </extensions>
      </trkpt>
      <trkpt lat="29.60278453780249" lon="106.31644986321652">
        <ele>246.921875</ele>
        <time>2026-09-08T22:51:49Z</time>
        <extensions>
          <gpxtpx:TrackPointExtension>
            <gpxtpx:hr>146</gpxtpx:hr>
          </gpxtpx:TrackPointExtension>
        </extensions>
      </trkpt>
      <trkpt lat="29.60271056798042" lon="106.31644587745703">
        <ele>246.7550048828125</ele>
        <time>2026-09-08T22:51:52Z</time>
        <extensions>
          <gpxtpx:TrackPointExtension>
            <gpxtpx:hr>146</gpxtpx:hr>
          </gpxtpx:TrackPointExtension>
        </extensions>
      </trkpt>
      <trkpt lat="29.602634521271096" lon="106.31648279152948">
        <ele>246.5712890625</ele>
        <time>2026-09-08T22:51:55Z</time>
        <extensions>
          <gpxtpx:TrackPointExtension>
            <gpxtpx:hr>147</gpxtpx:hr>
          </gpxtpx:TrackPointExtension>
        </extensions>
      </trkpt>
      <trkpt lat="29.60256941068991" lon="106.31655162663694">
        <ele>247.9473876953125</ele>
        <time>2026-09-08T22:51:58Z</time>
        <extensions>
          <gpxtpx:TrackPointExtension>
            <gpxtpx:hr>146</gpxtpx:hr>
          </gpxtpx:TrackPointExtension>
        </extensions>
      </trkpt>
      <trkpt lat="29.602574812923294" lon="106.31686585517251">
        <ele>249.55804443359375</ele>
        <time>2026-09-08T22:52:10Z</time>
        <extensions>
          <gpxtpx:TrackPointExtension>
            <gpxtpx:hr>150</gpxtpx:hr>
          </gpxtpx:TrackPointExtension>
        </extensions>
      </trkpt>
      <trkpt lat="29.602570626734675" lon="106.31696461291344">
        <ele>250.01263427734375</ele>
        <time>2026-09-08T22:52:13Z</time>
        <extensions>
          <gpxtpx:TrackPointExtension>
            <gpxtpx:hr>150</gpxtpx:hr>
          </gpxtpx:TrackPointExtension>
        </extensions>
      </trkpt>
      <trkpt lat="29.602586301787454" lon="106.31713319781925">
        <ele>251.75994873046875</ele>
        <time>2026-09-08T22:52:19Z</time>
        <extensions>
          <gpxtpx:TrackPointExtension>
            <gpxtpx:hr>153</gpxtpx:hr>
          </gpxtpx:TrackPointExtension>
        </extensions>
      </trkpt>
      <trkpt lat="29.60254999827103" lon="106.31729879300941">
        <ele>253.67193603515625</ele>
        <time>2026-09-08T22:52:25Z</time>
        <extensions>
          <gpxtpx:TrackPointExtension>
            <gpxtpx:hr>152</gpxtpx:hr>
          </gpxtpx:TrackPointExtension>
        </extensions>
      </trkpt>
      <trkpt lat="29.602435792414713" lon="106.31742548838362">
        <ele>251.1805419921875</ele>
        <time>2026-09-08T22:52:31Z</time>
        <extensions>
          <gpxtpx:TrackPointExtension>
            <gpxtpx:hr>152</gpxtpx:hr>
          </gpxtpx:TrackPointExtension>
        </extensions>
      </trkpt>
      <trkpt lat="29.60230572033969" lon="106.31748435146838">
        <ele>246.09857177734375</ele>
        <time>2026-09-08T22:52:37Z</time>
        <extensions>
          <gpxtpx:TrackPointExtension>
            <gpxtpx:hr>151</gpxtpx:hr>
          </gpxtpx:TrackPointExtension>
        </extensions>
      </trkpt>
      <trkpt lat="29.602115750088924" lon="106.31749932611204">
        <ele>248.19769287109375</ele>
        <time>2026-09-08T22:52:46Z</time>
        <extensions>
          <gpxtpx:TrackPointExtension>
            <gpxtpx:hr>150</gpxtpx:hr>
          </gpxtpx:TrackPointExtension>
        </extensions>
      </trkpt>
      <trkpt lat="29.602058729628766" lon="106.31751928047196">
        <ele>250.13897705078125</ele>
        <time>2026-09-08T22:52:49Z</time>
        <extensions>
          <gpxtpx:TrackPointExtension>
            <gpxtpx:hr>150</gpxtpx:hr>
          </gpxtpx:TrackPointExtension>
        </extensions>
      </trkpt>
      <trkpt lat="29.60197484593528" lon="106.31757905061212">
        <ele>253.40667724609375</ele>
        <time>2026-09-08T22:52:52Z</time>
        <extensions>
          <gpxtpx:TrackPointExtension>
            <gpxtpx:hr>151</gpxtpx:hr>
          </gpxtpx:TrackPointExtension>
        </extensions>
      </trkpt>
      <trkpt lat="29.601910462025305" lon="106.31768388442224">
        <ele>254.84185791015625</ele>
        <time>2026-09-08T22:52:55Z</time>
        <extensions>
          <gpxtpx:TrackPointExtension>
            <gpxtpx:hr>151</gpxtpx:hr>
          </gpxtpx:TrackPointExtension>
        </extensions>
      </trkpt>
      <trkpt lat="29.60188777784581" lon="106.31804699172727">
        <ele>254.72705078125</ele>
        <time>2026-09-08T22:53:07Z</time>
        <extensions>
          <gpxtpx:TrackPointExtension>
            <gpxtpx:hr>154</gpxtpx:hr>
          </gpxtpx:TrackPointExtension>
        </extensions>
      </trkpt>
      <trkpt lat="29.601863120248208" lon="106.3183961327414">
        <ele>256.29229736328125</ele>
        <time>2026-09-08T22:53:19Z</time>
        <extensions>
          <gpxtpx:TrackPointExtension>
            <gpxtpx:hr>154</gpxtpx:hr>
          </gpxtpx:TrackPointExtension>
        </extensions>
      </trkpt>
      <trkpt lat="29.601880403554095" lon="106.31876921140251">
        <ele>255.3341064453125</ele>
        <time>2026-09-08T22:53:31Z</time>
        <extensions>
          <gpxtpx:TrackPointExtension>
            <gpxtpx:hr>153</gpxtpx:hr>
          </gpxtpx:TrackPointExtension>
        </extensions>
      </trkpt>
      <trkpt lat="29.601861135345995" lon="106.31913832623512">
        <ele>254.39166259765625</ele>
        <time>2026-09-08T22:53:43Z</time>
        <extensions>
          <gpxtpx:TrackPointExtension>
            <gpxtpx:hr>154</gpxtpx:hr>
          </gpxtpx:TrackPointExtension>
        </extensions>
      </trkpt>
      <trkpt lat="29.60186998678453" lon="106.31930718386744">
        <ele>256.2503662109375</ele>
        <time>2026-09-08T22:53:49Z</time>
        <extensions>
          <gpxtpx:TrackPointExtension>
            <gpxtpx:hr>153</gpxtpx:hr>
          </gpxtpx:TrackPointExtension>
        </extensions>
      </trkpt>
      <trkpt lat="29.601927044750585" lon="106.31947346919478">
        <ele>254.663818359375</ele>
        <time>2026-09-08T22:53:55Z</time>
        <extensions>
          <gpxtpx:TrackPointExtension>
            <gpxtpx:hr>154</gpxtpx:hr>
          </gpxtpx:TrackPointExtension>
        </extensions>
      </trkpt>
      <trkpt lat="29.601936445181977" lon="106.31978569664587">
        <ele>253.0498046875</ele>
        <time>2026-09-08T22:54:07Z</time>
        <extensions>
          <gpxtpx:TrackPointExtension>
            <gpxtpx:hr>153</gpxtpx:hr>
          </gpxtpx:TrackPointExtension>
        </extensions>
      </trkpt>
      <trkpt lat="29.601916153510178" lon="106.32001116806715">
        <ele>256.2548828125</ele>
        <time>2026-09-08T22:54:16Z</time>
        <extensions>
          <gpxtpx:TrackPointExtension>
            <gpxtpx:hr>152</gpxtpx:hr>
          </gpxtpx:TrackPointExtension>
        </extensions>
      </trkpt>
      <trkpt lat="29.602006135829185" lon="106.31993631984464">
        <ele>256.6795654296875</ele>
        <time>2026-09-08T22:54:22Z</time>
        <extensions>
          <gpxtpx:TrackPointExtension>
            <gpxtpx:hr>151</gpxtpx:hr>
          </gpxtpx:TrackPointExtension>
        </extensions>
      </trkpt>
      <trkpt lat="29.602052243761182" lon="106.31987247499814">
        <ele>257.7103271484375</ele>
        <time>2026-09-08T22:54:28Z</time>
        <extensions>
          <gpxtpx:TrackPointExtension>
            <gpxtpx:hr>149</gpxtpx:hr>
          </gpxtpx:TrackPointExtension>
        </extensions>
      </trkpt>
      <trkpt lat="29.60209719946516" lon="106.31988843280395">
        <ele>257.153564453125</ele>
        <time>2026-09-08T22:54:34Z</time>
        <extensions>
          <gpxtpx:TrackPointExtension>
            <gpxtpx:hr>146</gpxtpx:hr>
          </gpxtpx:TrackPointExtension>
        </extensions>
      </trkpt>
    </trkseg>
  </trk>
</gpx>