<?xml version="1.0" encoding="UTF-8"?>
<gpx xmlns="http://www.topografix.com/GPX/1/1" xmlns:gpxtpx="http://www.garmin.com/xmlschemas/TrackPointExtension/v1" xmlns:xsi="http://www.w3.org/2001/XMLSchema-instance" xsi:schemaLocation="http://www.topografix.com/GPX/1/1 http://www.topografix.com/GPX/1/1/gpx.xsd" version="1.1" creator="gpx.py -- https://github.com/tkrajina/gpxpy">
  <trk>
    <name>gpx from keep</name>
    <type>Run</type>
    <trkseg>
      <trkpt lat="29.601991172842858" lon="106.31991936270077">
        <ele>250.52239990234375</ele>
        <time>2026-09-25T22:31:24Z</time>
        <extensions>
          <gpxtpx:TrackPointExtension>
            <gpxtpx:hr>79</gpxtpx:hr>
          </gpxtpx:TrackPointExtension>
        </extensions>
      </trkpt>
      <trkpt lat="29.60205720028242" lon="106.31989442041106">
        <ele>250.184814453125</ele>
        <time>2026-09-25T22:31:27Z</time>
        <extensions>
          <gpxtpx:TrackPointExtension>
            <gpxtpx:hr>80</gpxtpx:hr>
          </gpxtpx:TrackPointExtension>
        </extensions>
      </trkpt>
      <trkpt lat="29.60219713069601" lon="106.31990837742082">
        <ele>248.50067138671875</ele>
        <time>2026-09-25T22:31:33Z</time>
        <extensions>
          <gpxtpx:TrackPointExtension>
            <gpxtpx:hr>84</gpxtpx:hr>
          </gpxtpx:TrackPointExtension>
        </extensions>
      </trkpt>
      <trkpt lat="29.602280175825257" lon="106.3198714637146">
        <ele>250.97418212890625</ele>
        <time>2026-09-25T22:31:39Z</time>
        <extensions>
          <gpxtpx:TrackPointExtension>
            <gpxtpx:hr>89</gpxtpx:hr>
          </gpxtpx:TrackPointExtension>
        </extensions>
      </trkpt>
      <trkpt lat="29.602355150957806" lon="106.31987245672376">
        <ele>251.32965087890625</ele>
        <time>2026-09-25T22:31:42Z</time>
        <extensions>
          <gpxtpx:TrackPointExtension>
            <gpxtpx:hr>91</gpxtpx:hr>
          </gpxtpx:TrackPointExtension>
        </extensions>
      </trkpt>
      <trkpt lat="29.602411168136733" lon="106.31985449776016">
        <ele>251.70904541015625</ele>
        <time>2026-09-25T22:31:45Z</time>
        <extensions>
          <gpxtpx:TrackPointExtension>
            <gpxtpx:hr>95</gpxtpx:hr>
          </gpxtpx:TrackPointExtension>
        </extensions>
      </trkpt>
      <trkpt lat="29.60246023893423" lon="106.31980960583287">
        <ele>255.25592041015625</ele>
        <time>2026-09-25T22:31:51Z</time>
        <extensions>
          <gpxtpx:TrackPointExtension>
            <gpxtpx:hr>100</gpxtpx:hr>
          </gpxtpx:TrackPointExtension>
        </extensions>
      </trkpt>
      <trkpt lat="29.60245936696132" lon="106.31974277118346">
        <ele>255.8297119140625</ele>
        <time>2026-09-25T22:31:54Z</time>
        <extensions>
          <gpxtpx:TrackPointExtension>
            <gpxtpx:hr>103</gpxtpx:hr>
          </gpxtpx:TrackPointExtension>
        </extensions>
      </trkpt>
      <trkpt lat="29.6025576095272" lon="106.31960011798374">
        <ele>253.93408203125</ele>
        <time>2026-09-25T22:32:03Z</time>
        <extensions>
          <gpxtpx:TrackPointExtension>
            <gpxtpx:hr>109</gpxtpx:hr>
          </gpxtpx:TrackPointExtension>
        </extensions>
      </trkpt>
      <trkpt lat="29.602614689279047" lon="106.31954924031369">
        <ele>256.19635009765625</ele>
        <time>2026-09-25T22:32:06Z</time>
        <extensions>
          <gpxtpx:TrackPointExtension>
            <gpxtpx:hr>111</gpxtpx:hr>
          </gpxtpx:TrackPointExtension>
        </extensions>
      </trkpt>
      <trkpt lat="29.60274474861628" lon="106.31949736069419">
        <ele>257.7144775390625</ele>
        <time>2026-09-25T22:32:12Z</time>
        <extensions>
          <gpxtpx:TrackPointExtension>
            <gpxtpx:hr>116</gpxtpx:hr>
          </gpxtpx:TrackPointExtension>
        </extensions>
      </trkpt>
      <trkpt lat="29.602799735618966" lon="106.31949536230877">
        <ele>255.535888671875</ele>
        <time>2026-09-25T22:32:15Z</time>
        <extensions>
          <gpxtpx:TrackPointExtension>
            <gpxtpx:hr>119</gpxtpx:hr>
          </gpxtpx:TrackPointExtension>
        </extensions>
      </trkpt>
      <trkpt lat="29.60285577376048" lon="106.31946643043294">
        <ele>253.3746337890625</ele>
        <time>2026-09-25T22:32:18Z</time>
        <extensions>
          <gpxtpx:TrackPointExtension>
            <gpxtpx:hr>122</gpxtpx:hr>
          </gpxtpx:TrackPointExtension>
        </extensions>
      </trkpt>
      <trkpt lat="29.602890953566078" lon="106.31936667484503">
        <ele>251.70751953125</ele>
        <time>2026-09-25T22:32:24Z</time>
        <extensions>
          <gpxtpx:TrackPointExtension>
            <gpxtpx:hr>127</gpxtpx:hr>
          </gpxtpx:TrackPointExtension>
        </extensions>
      </trkpt>
      <trkpt lat="29.602894055502396" lon="106.31931280776479">
        <ele>251.906005859375</ele>
        <time>2026-09-25T22:32:27Z</time>
        <extensions>
          <gpxtpx:TrackPointExtension>
            <gpxtpx:hr>129</gpxtpx:hr>
          </gpxtpx:TrackPointExtension>
        </extensions>
      </trkpt>
      <trkpt lat="29.602960265770353" lon="106.3191921019735">
        <ele>250.32476806640625</ele>
        <time>2026-09-25T22:32:33Z</time>
        <extensions>
          <gpxtpx:TrackPointExtension>
            <gpxtpx:hr>131</gpxtpx:hr>
          </gpxtpx:TrackPointExtension>
        </extensions>
      </trkpt>
      <trkpt lat="29.602967560624084" lon="106.31903648587674">
        <ele>249.425048828125</ele>
        <time>2026-09-25T22:32:39Z</time>
        <extensions>
          <gpxtpx:TrackPointExtension>
            <gpxtpx:hr>132</gpxtpx:hr>
          </gpxtpx:TrackPointExtension>
        </extensions>
      </trkpt>
      <trkpt lat="29.603008803134" lon="106.31890281342376">
        <ele>246.72869873046875</ele>
        <time>2026-09-25T22:32:45Z</time>
        <extensions>
          <gpxtpx:TrackPointExtension>
            <gpxtpx:hr>133</gpxtpx:hr>
          </gpxtpx:TrackPointExtension>
        </extensions>
      </trkpt>
      <trkpt lat="29.602980156348202" lon="106.3187222607834">
        <ele>248.640869140625</ele>
        <time>2026-09-25T22:32:51Z</time>
        <extensions>
          <gpxtpx:TrackPointExtension>
            <gpxtpx:hr>135</gpxtpx:hr>
          </gpxtpx:TrackPointExtension>
        </extensions>
      </trkpt>
      <trkpt lat="29.60292009869215" lon="106.31859400726272">
        <ele>244.65887451171875</ele>
        <time>2026-09-25T22:32:57Z</time>
        <extensions>
          <gpxtpx:TrackPointExtension>
            <gpxtpx:hr>136</gpxtpx:hr>
          </gpxtpx:TrackPointExtension>
        </extensions>
      </trkpt>
      <trkpt lat="29.602890527531247" lon="106.31849830449475">
        <ele>242.83477783203125</ele>
        <time>2026-09-25T22:33:00Z</time>
        <extensions>
          <gpxtpx:TrackPointExtension>
            <gpxtpx:hr>137</gpxtpx:hr>
          </gpxtpx:TrackPointExtension>
        </extensions>
      </trkpt>
      <trkpt lat="29.602870055276316" lon="106.31828446399552">
        <ele>243.575439453125</ele>
        <time>2026-09-25T22:33:06Z</time>
        <extensions>
          <gpxtpx:TrackPointExtension>
            <gpxtpx:hr>140</gpxtpx:hr>
          </gpxtpx:TrackPointExtension>
        </extensions>
      </trkpt>
      <trkpt lat="29.602920719928335" lon="106.3179112636073">
        <ele>247.5384521484375</ele>
        <time>2026-09-25T22:33:18Z</time>
        <extensions>
          <gpxtpx:TrackPointExtension>
            <gpxtpx:hr>143</gpxtpx:hr>
          </gpxtpx:TrackPointExtension>
        </extensions>
      </trkpt>
      <trkpt lat="29.602947315418525" lon="106.31759404285256">
        <ele>246.6986083984375</ele>
        <time>2026-09-25T22:33:30Z</time>
        <extensions>
          <gpxtpx:TrackPointExtension>
            <gpxtpx:hr>146</gpxtpx:hr>
          </gpxtpx:TrackPointExtension>
        </extensions>
      </trkpt>
      <trkpt lat="29.602935102260776" lon="106.31723405036685">
        <ele>246.25054931640625</ele>
        <time>2026-09-25T22:33:42Z</time>
        <extensions>
          <gpxtpx:TrackPointExtension>
            <gpxtpx:hr>148</gpxtpx:hr>
          </gpxtpx:TrackPointExtension>
        </extensions>
      </trkpt>
      <trkpt lat="29.602927108533557" lon="106.31718006206688">
        <ele>247.6826171875</ele>
        <time>2026-09-25T22:33:45Z</time>
        <extensions>
          <gpxtpx:TrackPointExtension>
            <gpxtpx:hr>148</gpxtpx:hr>
          </gpxtpx:TrackPointExtension>
        </extensions>
      </trkpt>
      <trkpt lat="29.60295652770142" lon="106.31695461415949">
        <ele>243.5615234375</ele>
        <time>2026-09-25T22:33:57Z</time>
        <extensions>
          <gpxtpx:TrackPointExtension>
            <gpxtpx:hr>147</gpxtpx:hr>
          </gpxtpx:TrackPointExtension>
        </extensions>
      </trkpt>
      <trkpt lat="29.602924968991704" lon="106.31672717444788">
        <ele>247.92755126953125</ele>
        <time>2026-09-25T22:34:03Z</time>
        <extensions>
          <gpxtpx:TrackPointExtension>
            <gpxtpx:hr>147</gpxtpx:hr>
          </gpxtpx:TrackPointExtension>
        </extensions>
      </trkpt>
      <trkpt lat="29.602935198603824" lon="106.31660447490435">
        <ele>247.520751953125</ele>
        <time>2026-09-25T22:34:09Z</time>
        <extensions>
          <gpxtpx:TrackPointExtension>
            <gpxtpx:hr>145</gpxtpx:hr>
          </gpxtpx:TrackPointExtension>
        </extensions>
      </trkpt>
      <trkpt lat="29.602843523555485" lon="106.3164478645551">
        <ele>249.059326171875</ele>
        <time>2026-09-25T22:34:18Z</time>
        <extensions>
          <gpxtpx:TrackPointExtension>
            <gpxtpx:hr>145</gpxtpx:hr>
          </gpxtpx:TrackPointExtension>
        </extensions>
      </trkpt>
      <trkpt lat="29.60279960126555" lon="106.3164139503628">
        <ele>248.11651611328125</ele>
        <time>2026-09-25T22:34:21Z</time>
        <extensions>
          <gpxtpx:TrackPointExtension>
            <gpxtpx:hr>145</gpxtpx:hr>
          </gpxtpx:TrackPointExtension>
        </extensions>
      </trkpt>
      <trkpt lat="29.602678679828518" lon="106.31639201145312">
        <ele>248.28692626953125</ele>
        <time>2026-09-25T22:34:27Z</time>
        <extensions>
          <gpxtpx:TrackPointExtension>
            <gpxtpx:hr>144</gpxtpx:hr>
          </gpxtpx:TrackPointExtension>
        </extensions>
      </trkpt>
      <trkpt lat="29.60261263196645" lon="106.31642792738461">
        <ele>247.85455322265625</ele>
        <time>2026-09-25T22:34:30Z</time>
        <extensions>
          <gpxtpx:TrackPointExtension>
            <gpxtpx:hr>145</gpxtpx:hr>
          </gpxtpx:TrackPointExtension>
        </extensions>
      </trkpt>
      <trkpt lat="29.60257055785697" lon="106.3164738173996">
        <ele>247.69464111328125</ele>
        <time>2026-09-25T22:34:33Z</time>
        <extensions>
          <gpxtpx:TrackPointExtension>
            <gpxtpx:hr>145</gpxtpx:hr>
          </gpxtpx:TrackPointExtension>
        </extensions>
      </trkpt>
      <trkpt lat="29.602531301282244" lon="106.31661547231806">
        <ele>249.29656982421875</ele>
        <time>2026-09-25T22:34:39Z</time>
        <extensions>
          <gpxtpx:TrackPointExtension>
            <gpxtpx:hr>145</gpxtpx:hr>
          </gpxtpx:TrackPointExtension>
        </extensions>
      </trkpt>
      <trkpt lat="29.602545857754674" lon="106.31684690345146">
        <ele>249.54168701171875</ele>
        <time>2026-09-25T22:34:48Z</time>
        <extensions>
          <gpxtpx:TrackPointExtension>
            <gpxtpx:hr>146</gpxtpx:hr>
          </gpxtpx:TrackPointExtension>
        </extensions>
      </trkpt>
      <trkpt lat="29.60259459478094" lon="106.31697757961891">
        <ele>247.60394287109375</ele>
        <time>2026-09-25T22:34:54Z</time>
        <extensions>
          <gpxtpx:TrackPointExtension>
            <gpxtpx:hr>148</gpxtpx:hr>
          </gpxtpx:TrackPointExtension>
        </extensions>
      </trkpt>
      <trkpt lat="29.60259834547297" lon="106.31710825837126">
        <ele>245.3406982421875</ele>
        <time>2026-09-25T22:35:00Z</time>
        <extensions>
          <gpxtpx:TrackPointExtension>
            <gpxtpx:hr>149</gpxtpx:hr>
          </gpxtpx:TrackPointExtension>
        </extensions>
      </trkpt>
      <trkpt lat="29.602555036539588" lon="106.31727784420423">
        <ele>249.74273681640625</ele>
        <time>2026-09-25T22:35:09Z</time>
        <extensions>
          <gpxtpx:TrackPointExtension>
            <gpxtpx:hr>148</gpxtpx:hr>
          </gpxtpx:TrackPointExtension>
        </extensions>
      </trkpt>
      <trkpt lat="29.60247184396032" lon="106.31739256716483">
        <ele>248.4190673828125</ele>
        <time>2026-09-25T22:35:15Z</time>
        <extensions>
          <gpxtpx:TrackPointExtension>
            <gpxtpx:hr>148</gpxtpx:hr>
          </gpxtpx:TrackPointExtension>
        </extensions>
      </trkpt>
      <trkpt lat="29.60230836649381" lon="106.31749278372935">
        <ele>245.9029541015625</ele>
        <time>2026-09-25T22:35:24Z</time>
        <extensions>
          <gpxtpx:TrackPointExtension>
            <gpxtpx:hr>146</gpxtpx:hr>
          </gpxtpx:TrackPointExtension>
        </extensions>
      </trkpt>
      <trkpt lat="29.602073713653652" lon="106.31752526484534">
        <ele>254.15972900390625</ele>
        <time>2026-09-25T22:35:36Z</time>
        <extensions>
          <gpxtpx:TrackPointExtension>
            <gpxtpx:hr>144</gpxtpx:hr>
          </gpxtpx:TrackPointExtension>
        </extensions>
      </trkpt>
      <trkpt lat="29.601988631601937" lon="106.31758213008747">
        <ele>255.42578125</ele>
        <time>2026-09-25T22:35:42Z</time>
        <extensions>
          <gpxtpx:TrackPointExtension>
            <gpxtpx:hr>145</gpxtpx:hr>
          </gpxtpx:TrackPointExtension>
        </extensions>
      </trkpt>
      <trkpt lat="29.601928316096878" lon="106.31775770165662">
        <ele>261.31640625</ele>
        <time>2026-09-25T22:35:48Z</time>
        <extensions>
          <gpxtpx:TrackPointExtension>
            <gpxtpx:hr>144</gpxtpx:hr>
          </gpxtpx:TrackPointExtension>
        </extensions>
      </trkpt>
      <trkpt lat="29.601917681285094" lon="106.31809287687769">
        <ele>255.013427734375</ele>
        <time>2026-09-25T22:36:00Z</time>
        <extensions>
          <gpxtpx:TrackPointExtension>
            <gpxtpx:hr>145</gpxtpx:hr>
          </gpxtpx:TrackPointExtension>
        </extensions>
      </trkpt>
      <trkpt lat="29.60190096983169" lon="106.31846895089443">
        <ele>256.9561767578125</ele>
        <time>2026-09-25T22:36:15Z</time>
        <extensions>
          <gpxtpx:TrackPointExtension>
            <gpxtpx:hr>148</gpxtpx:hr>
          </gpxtpx:TrackPointExtension>
        </extensions>
      </trkpt>
      <trkpt lat="29.60188737287162" lon="106.31878417405491">
        <ele>251.82537841796875</ele>
        <time>2026-09-25T22:36:27Z</time>
        <extensions>
          <gpxtpx:TrackPointExtension>
            <gpxtpx:hr>149</gpxtpx:hr>
          </gpxtpx:TrackPointExtension>
        </extensions>
      </trkpt>
      <trkpt lat="29.601890718869317" lon="106.3191263291023">
        <ele>247.95965576171875</ele>
        <time>2026-09-25T22:36:42Z</time>
        <extensions>
          <gpxtpx:TrackPointExtension>
            <gpxtpx:hr>148</gpxtpx:hr>
          </gpxtpx:TrackPointExtension>
        </extensions>
      </trkpt>
      <trkpt lat="29.601886569680268" lon="106.31920513469731">
        <ele>248.0572509765625</ele>
        <time>2026-09-25T22:36:45Z</time>
        <extensions>
          <gpxtpx:TrackPointExtension>
            <gpxtpx:hr>149</gpxtpx:hr>
          </gpxtpx:TrackPointExtension>
        </extensions>
      </trkpt>
      <trkpt lat="29.601922267259972" lon="106.31935775545911">
        <ele>249.87054443359375</ele>
        <time>2026-09-25T22:36:51Z</time>
        <extensions>
          <gpxtpx:TrackPointExtension>
            <gpxtpx:hr>149</gpxtpx:hr>
          </gpxtpx:TrackPointExtension>
        </extensions>
      </trkpt>
      <trkpt lat="29.601924769072873" lon="106.31961811176528">
        <ele>255.46124267578125</ele>
        <time>2026-09-25T22:37:00Z</time>
        <extensions>
          <gpxtpx:TrackPointExtension>
            <gpxtpx:hr>150</gpxtpx:hr>
          </gpxtpx:TrackPointExtension>
        </extensions>
      </trkpt>
      <trkpt lat="29.601957368207394" lon="106.31982260409517">
        <ele>254.9986572265625</ele>
        <time>2026-09-25T22:37:09Z</time>
        <extensions>
          <gpxtpx:TrackPointExtension>
            <gpxtpx:hr>149</gpxtpx:hr>
          </gpxtpx:TrackPointExtension>
        </extensions>
      </trkpt>
      <trkpt lat="29.601947106243966" lon="106.31996126170732">
        <ele>252.8555908203125</ele>
        <time>2026-09-25T22:37:15Z</time>
        <extensions>
          <gpxtpx:TrackPointExtension>
            <gpxtpx:hr>148</gpxtpx:hr>
          </gpxtpx:TrackPointExtension>
        </extensions>
      </trkpt>
      <trkpt lat="29.60197300864402" lon="106.32000814414326">
        <ele>254.78277587890625</ele>
        <time>2026-09-25T22:37:18Z</time>
        <extensions>
          <gpxtpx:TrackPointExtension>
            <gpxtpx:hr>148</gpxtpx:hr>
          </gpxtpx:TrackPointExtension>
        </extensions>
      </trkpt>
      <trkpt lat="29.60210914430688" lon="106.31991536545466">
        <ele>250.9742431640625</ele>
        <time>2026-09-25T22:37:27Z</time>
        <extensions>
          <gpxtpx:TrackPointExtension>
            <gpxtpx:hr>148</gpxtpx:hr>
          </gpxtpx:TrackPointExtension>
        </extensions>
      </trkpt>
      <trkpt lat="29.60226817949962" lon="106.31987146443834">
        <ele>252.22515869140625</ele>
        <time>2026-09-25T22:37:36Z</time>
        <extensions>
          <gpxtpx:TrackPointExtension>
            <gpxtpx:hr>150</gpxtpx:hr>
          </gpxtpx:TrackPointExtension>
        </extensions>
      </trkpt>
      <trkpt lat="29.60234313747137" lon="106.31988143523999">
        <ele>252.9268798828125</ele>
        <time>2026-09-25T22:37:39Z</time>
        <extensions>
          <gpxtpx:TrackPointExtension>
            <gpxtpx:hr>151</gpxtpx:hr>
          </gpxtpx:TrackPointExtension>
        </extensions>
      </trkpt>
      <trkpt lat="29.602400171503156" lon="106.3198544984236">
        <ele>251.91802978515625</ele>
        <time>2026-09-25T22:37:42Z</time>
        <extensions>
          <gpxtpx:TrackPointExtension>
            <gpxtpx:hr>151</gpxtpx:hr>
          </gpxtpx:TrackPointExtension>
        </extensions>
      </trkpt>
      <trkpt lat="29.602460106883257" lon="106.31979795194789">
        <ele>254.986083984375</ele>
        <time>2026-09-25T22:37:45Z</time>
        <extensions>
          <gpxtpx:TrackPointExtension>
            <gpxtpx:hr>151</gpxtpx:hr>
          </gpxtpx:TrackPointExtension>
        </extensions>
      </trkpt>
      <trkpt lat="29.60248661028357" lon="106.31961109513745">
        <ele>252.679931640625</ele>
        <time>2026-09-25T22:37:54Z</time>
        <extensions>
          <gpxtpx:TrackPointExtension>
            <gpxtpx:hr>150</gpxtpx:hr>
          </gpxtpx:TrackPointExtension>
        </extensions>
      </trkpt>
      <trkpt lat="29.602519695468374" lon="106.31956121645146">
        <ele>252.65484619140625</ele>
        <time>2026-09-25T22:37:57Z</time>
        <extensions>
          <gpxtpx:TrackPointExtension>
            <gpxtpx:hr>150</gpxtpx:hr>
          </gpxtpx:TrackPointExtension>
        </extensions>
      </trkpt>
      <trkpt lat="29.602782725571462" lon="106.31950334360873">
        <ele>254.32171630859375</ele>
        <time>2026-09-25T22:38:09Z</time>
        <extensions>
          <gpxtpx:TrackPointExtension>
            <gpxtpx:hr>150</gpxtpx:hr>
          </gpxtpx:TrackPointExtension>
        </extensions>
      </trkpt>
      <trkpt lat="29.602852767056305" lon="106.31947042075188">
        <ele>252.36822509765625</ele>
        <time>2026-09-25T22:38:15Z</time>
        <extensions>
          <gpxtpx:TrackPointExtension>
            <gpxtpx:hr>150</gpxtpx:hr>
          </gpxtpx:TrackPointExtension>
        </extensions>
      </trkpt>
      <trkpt lat="29.60294044703858" lon="106.31910032984874">
        <ele>247.78204345703125</ele>
        <time>2026-09-25T22:38:30Z</time>
        <extensions>
          <gpxtpx:TrackPointExtension>
            <gpxtpx:hr>150</gpxtpx:hr>
          </gpxtpx:TrackPointExtension>
        </extensions>
      </trkpt>
      <trkpt lat="29.60297082425134" lon="106.31889782802693">
        <ele>242.8729248046875</ele>
        <time>2026-09-25T22:38:39Z</time>
        <extensions>
          <gpxtpx:TrackPointExtension>
            <gpxtpx:hr>149</gpxtpx:hr>
          </gpxtpx:TrackPointExtension>
        </extensions>
      </trkpt>
      <trkpt lat="29.60295814024002" lon="106.31873423257217">
        <ele>245.087890625</ele>
        <time>2026-09-25T22:38:45Z</time>
        <extensions>
          <gpxtpx:TrackPointExtension>
            <gpxtpx:hr>147</gpxtpx:hr>
          </gpxtpx:TrackPointExtension>
        </extensions>
      </trkpt>
      <trkpt lat="29.602904375456763" lon="106.3186195188605">
        <ele>241.7315673828125</ele>
        <time>2026-09-25T22:38:51Z</time>
        <extensions>
          <gpxtpx:TrackPointExtension>
            <gpxtpx:hr>146</gpxtpx:hr>
          </gpxtpx:TrackPointExtension>
        </extensions>
      </trkpt>
      <trkpt lat="29.602871915937847" lon="106.31834120718696">
        <ele>243.3924560546875</ele>
        <time>2026-09-25T22:39:00Z</time>
        <extensions>
          <gpxtpx:TrackPointExtension>
            <gpxtpx:hr>146</gpxtpx:hr>
          </gpxtpx:TrackPointExtension>
        </extensions>
      </trkpt>
      <trkpt lat="29.60289431200674" lon="106.3181297270616">
        <ele>243.30322265625</ele>
        <time>2026-09-25T22:39:06Z</time>
        <extensions>
          <gpxtpx:TrackPointExtension>
            <gpxtpx:hr>146</gpxtpx:hr>
          </gpxtpx:TrackPointExtension>
        </extensions>
      </trkpt>
      <trkpt lat="29.60292443009591" lon="106.31806288991415">
        <ele>243.117919921875</ele>
        <time>2026-09-25T22:39:09Z</time>
        <extensions>
          <gpxtpx:TrackPointExtension>
            <gpxtpx:hr>147</gpxtpx:hr>
          </gpxtpx:TrackPointExtension>
        </extensions>
      </trkpt>
      <trkpt lat="29.602946749954423" lon="106.3178913111678">
        <ele>244.14031982421875</ele>
        <time>2026-09-25T22:39:15Z</time>
        <extensions>
          <gpxtpx:TrackPointExtension>
            <gpxtpx:hr>148</gpxtpx:hr>
          </gpxtpx:TrackPointExtension>
        </extensions>
      </trkpt>
      <trkpt lat="29.602906289689184" lon="106.3176329416318">
        <ele>246.35699462890625</ele>
        <time>2026-09-25T22:39:24Z</time>
        <extensions>
          <gpxtpx:TrackPointExtension>
            <gpxtpx:hr>147</gpxtpx:hr>
          </gpxtpx:TrackPointExtension>
        </extensions>
      </trkpt>
      <trkpt lat="29.602943947970637" lon="106.31726186000132">
        <ele>244.82061767578125</ele>
        <time>2026-09-25T22:39:36Z</time>
        <extensions>
          <gpxtpx:TrackPointExtension>
            <gpxtpx:hr>151</gpxtpx:hr>
          </gpxtpx:TrackPointExtension>
        </extensions>
      </trkpt>
      <trkpt lat="29.602958693676854" lon="106.31686682959253">
        <ele>246.14923095703125</ele>
        <time>2026-09-25T22:39:51Z</time>
        <extensions>
          <gpxtpx:TrackPointExtension>
            <gpxtpx:hr>153</gpxtpx:hr>
          </gpxtpx:TrackPointExtension>
        </extensions>
      </trkpt>
      <trkpt lat="29.60295385417624" lon="106.31678303559575">
        <ele>247.22381591796875</ele>
        <time>2026-09-25T22:39:54Z</time>
        <extensions>
          <gpxtpx:TrackPointExtension>
            <gpxtpx:hr>153</gpxtpx:hr>
          </gpxtpx:TrackPointExtension>
        </extensions>
      </trkpt>
      <trkpt lat="29.602970835210055" lon="106.31669427980464">
        <ele>247.798583984375</ele>
        <time>2026-09-25T22:39:57Z</time>
        <extensions>
          <gpxtpx:TrackPointExtension>
            <gpxtpx:hr>152</gpxtpx:hr>
          </gpxtpx:TrackPointExtension>
        </extensions>
      </trkpt>
      <trkpt lat="29.602918336167388" lon="106.31653464721093">
        <ele>249.56243896484375</ele>
        <time>2026-09-25T22:40:03Z</time>
        <extensions>
          <gpxtpx:TrackPointExtension>
            <gpxtpx:hr>154</gpxtpx:hr>
          </gpxtpx:TrackPointExtension>
        </extensions>
      </trkpt>
      <trkpt lat="29.602879438831934" lon="106.31648676698896">
        <ele>248.20166015625</ele>
        <time>2026-09-25T22:40:06Z</time>
        <extensions>
          <gpxtpx:TrackPointExtension>
            <gpxtpx:hr>154</gpxtpx:hr>
          </gpxtpx:TrackPointExtension>
        </extensions>
      </trkpt>
      <trkpt lat="29.60269468060703" lon="106.31638901782601">
        <ele>248.75604248046875</ele>
        <time>2026-09-25T22:40:15Z</time>
        <extensions>
          <gpxtpx:TrackPointExtension>
            <gpxtpx:hr>154</gpxtpx:hr>
          </gpxtpx:TrackPointExtension>
        </extensions>
      </trkpt>
      <trkpt lat="29.602637662123993" lon="106.3164079747932">
        <ele>250.551513671875</ele>
        <time>2026-09-25T22:40:18Z</time>
        <extensions>
          <gpxtpx:TrackPointExtension>
            <gpxtpx:hr>154</gpxtpx:hr>
          </gpxtpx:TrackPointExtension>
        </extensions>
      </trkpt>
      <trkpt lat="29.602582588213895" lon="106.31645586070626">
        <ele>250.513427734375</ele>
        <time>2026-09-25T22:40:21Z</time>
        <extensions>
          <gpxtpx:TrackPointExtension>
            <gpxtpx:hr>155</gpxtpx:hr>
          </gpxtpx:TrackPointExtension>
        </extensions>
      </trkpt>
      <trkpt lat="29.602550478898078" lon="106.31651870851975">
        <ele>251.4520263671875</ele>
        <time>2026-09-25T22:40:24Z</time>
        <extensions>
          <gpxtpx:TrackPointExtension>
            <gpxtpx:hr>155</gpxtpx:hr>
          </gpxtpx:TrackPointExtension>
        </extensions>
      </trkpt>
      <trkpt lat="29.602568835578438" lon="106.3168548824739">
        <ele>253.0645751953125</ele>
        <time>2026-09-25T22:40:36Z</time>
        <extensions>
          <gpxtpx:TrackPointExtension>
            <gpxtpx:hr>153</gpxtpx:hr>
          </gpxtpx:TrackPointExtension>
        </extensions>
      </trkpt>
      <trkpt lat="29.60258543467943" lon="106.3170633694379">
        <ele>247.41754150390625</ele>
        <time>2026-09-25T22:40:45Z</time>
        <extensions>
          <gpxtpx:TrackPointExtension>
            <gpxtpx:hr>152</gpxtpx:hr>
          </gpxtpx:TrackPointExtension>
        </extensions>
      </trkpt>
      <trkpt lat="29.60252898763757" lon="106.31730777220392">
        <ele>250.9583740234375</ele>
        <time>2026-09-25T22:40:54Z</time>
        <extensions>
          <gpxtpx:TrackPointExtension>
            <gpxtpx:hr>151</gpxtpx:hr>
          </gpxtpx:TrackPointExtension>
        </extensions>
      </trkpt>
      <trkpt lat="29.602442820606054" lon="106.3174095272114">
        <ele>250.75689697265625</ele>
        <time>2026-09-25T22:41:00Z</time>
        <extensions>
          <gpxtpx:TrackPointExtension>
            <gpxtpx:hr>151</gpxtpx:hr>
          </gpxtpx:TrackPointExtension>
        </extensions>
      </trkpt>
      <trkpt lat="29.602255771676" lon="106.31746540109721">
        <ele>245.955078125</ele>
        <time>2026-09-25T22:41:09Z</time>
        <extensions>
          <gpxtpx:TrackPointExtension>
            <gpxtpx:hr>150</gpxtpx:hr>
          </gpxtpx:TrackPointExtension>
        </extensions>
      </trkpt>
      <trkpt lat="29.60220872539223" lon="106.31749732541599">
        <ele>246.72796630859375</ele>
        <time>2026-09-25T22:41:12Z</time>
        <extensions>
          <gpxtpx:TrackPointExtension>
            <gpxtpx:hr>150</gpxtpx:hr>
          </gpxtpx:TrackPointExtension>
        </extensions>
      </trkpt>
      <trkpt lat="29.60200868047352" lon="106.31755320005183">
        <ele>253.41717529296875</ele>
        <time>2026-09-25T22:41:21Z</time>
        <extensions>
          <gpxtpx:TrackPointExtension>
            <gpxtpx:hr>150</gpxtpx:hr>
          </gpxtpx:TrackPointExtension>
        </extensions>
      </trkpt>
      <trkpt lat="29.601948607826372" lon="106.31760108586627">
        <ele>253.7379150390625</ele>
        <time>2026-09-25T22:41:24Z</time>
        <extensions>
          <gpxtpx:TrackPointExtension>
            <gpxtpx:hr>150</gpxtpx:hr>
          </gpxtpx:TrackPointExtension>
        </extensions>
      </trkpt>
      <trkpt lat="29.60191144843792" lon="106.3176908671775">
        <ele>255.54339599609375</ele>
        <time>2026-09-25T22:41:27Z</time>
        <extensions>
          <gpxtpx:TrackPointExtension>
            <gpxtpx:hr>150</gpxtpx:hr>
          </gpxtpx:TrackPointExtension>
        </extensions>
      </trkpt>
      <trkpt lat="29.601910808772796" lon="106.31802703948554">
        <ele>254.47906494140625</ele>
        <time>2026-09-25T22:41:39Z</time>
        <extensions>
          <gpxtpx:TrackPointExtension>
            <gpxtpx:hr>151</gpxtpx:hr>
          </gpxtpx:TrackPointExtension>
        </extensions>
      </trkpt>
      <trkpt lat="29.601897090814095" lon="106.3184061060972">
        <ele>252.91766357421875</ele>
        <time>2026-09-25T22:41:54Z</time>
        <extensions>
          <gpxtpx:TrackPointExtension>
            <gpxtpx:hr>151</gpxtpx:hr>
          </gpxtpx:TrackPointExtension>
        </extensions>
      </trkpt>
      <trkpt lat="29.601902446267324" lon="106.31874327407766">
        <ele>252.1578369140625</ele>
        <time>2026-09-25T22:42:06Z</time>
        <extensions>
          <gpxtpx:TrackPointExtension>
            <gpxtpx:hr>152</gpxtpx:hr>
          </gpxtpx:TrackPointExtension>
        </extensions>
      </trkpt>
      <trkpt lat="29.601906847221752" lon="106.3190565005807">
        <ele>253.43994140625</ele>
        <time>2026-09-25T22:42:18Z</time>
        <extensions>
          <gpxtpx:TrackPointExtension>
            <gpxtpx:hr>151</gpxtpx:hr>
          </gpxtpx:TrackPointExtension>
        </extensions>
      </trkpt>
      <trkpt lat="29.601894525334668" lon="106.31922708000373">
        <ele>255.01434326171875</ele>
        <time>2026-09-25T22:42:24Z</time>
        <extensions>
          <gpxtpx:TrackPointExtension>
            <gpxtpx:hr>148</gpxtpx:hr>
          </gpxtpx:TrackPointExtension>
        </extensions>
      </trkpt>
      <trkpt lat="29.601910847914667" lon="106.31929698006482">
        <ele>253.6402587890625</ele>
        <time>2026-09-25T22:42:27Z</time>
        <extensions>
          <gpxtpx:TrackPointExtension>
            <gpxtpx:hr>147</gpxtpx:hr>
          </gpxtpx:TrackPointExtension>
        </extensions>
      </trkpt>
      <trkpt lat="29.60190092125628" lon="106.31954230063134">
        <ele>251.6842041015625</ele>
        <time>2026-09-25T22:42:36Z</time>
        <extensions>
          <gpxtpx:TrackPointExtension>
            <gpxtpx:hr>147</gpxtpx:hr>
          </gpxtpx:TrackPointExtension>
        </extensions>
      </trkpt>
      <trkpt lat="29.601946567925363" lon="106.31971985885762">
        <ele>252.2064208984375</ele>
        <time>2026-09-25T22:42:42Z</time>
        <extensions>
          <gpxtpx:TrackPointExtension>
            <gpxtpx:hr>148</gpxtpx:hr>
          </gpxtpx:TrackPointExtension>
        </extensions>
      </trkpt>
      <trkpt lat="29.60194112715258" lon="106.31995128674787">
        <ele>252.5302734375</ele>
        <time>2026-09-25T22:42:51Z</time>
        <extensions>
          <gpxtpx:TrackPointExtension>
            <gpxtpx:hr>147</gpxtpx:hr>
          </gpxtpx:TrackPointExtension>
        </extensions>
      </trkpt>
      <trkpt lat="29.602011082810773" lon="106.3199632529115">
        <ele>252.2947998046875</ele>
        <time>2026-09-25T22:42:57Z</time>
        <extensions>
          <gpxtpx:TrackPointExtension>
            <gpxtpx:hr>146</gpxtpx:hr>
          </gpxtpx:TrackPointExtension>
        </extensions>
      </trkpt>
      <trkpt lat="29.602133661963343" lon="106.31988465232403">
        <ele>257.3619384765625</ele>
        <time>2026-09-25T22:43:03Z</time>
        <extensions>
          <gpxtpx:TrackPointExtension>
            <gpxtpx:hr>146</gpxtpx:hr>
          </gpxtpx:TrackPointExtension>
        </extensions>
      </trkpt>
      <trkpt lat="29.602250202170893" lon="106.31986248773102">
        <ele>259.3902587890625</ele>
        <time>2026-09-25T22:43:09Z</time>
        <extensions>
          <gpxtpx:TrackPointExtension>
            <gpxtpx:hr>146</gpxtpx:hr>
          </gpxtpx:TrackPointExtension>
        </extensions>
      </trkpt>
      <trkpt lat="29.60233616821357" lon="106.31986647267448">
        <ele>259.98388671875</ele>
        <time>2026-09-25T22:43:12Z</time>
        <extensions>
          <gpxtpx:TrackPointExtension>
            <gpxtpx:hr>145</gpxtpx:hr>
          </gpxtpx:TrackPointExtension>
        </extensions>
      </trkpt>
      <trkpt lat="29.6024011826364" lon="106.31984851316756">
        <ele>257.46856689453125</ele>
        <time>2026-09-25T22:43:15Z</time>
        <extensions>
          <gpxtpx:TrackPointExtension>
            <gpxtpx:hr>145</gpxtpx:hr>
          </gpxtpx:TrackPointExtension>
        </extensions>
      </trkpt>
      <trkpt lat="29.602452239475646" lon="106.31981060384818">
        <ele>257.157958984375</ele>
        <time>2026-09-25T22:43:18Z</time>
        <extensions>
          <gpxtpx:TrackPointExtension>
            <gpxtpx:hr>146</gpxtpx:hr>
          </gpxtpx:TrackPointExtension>
        </extensions>
      </trkpt>
      <trkpt lat="29.60251356772049" lon="106.31962904911666">
        <ele>249.0384521484375</ele>
        <time>2026-09-25T22:43:27Z</time>
        <extensions>
          <gpxtpx:TrackPointExtension>
            <gpxtpx:hr>146</gpxtpx:hr>
          </gpxtpx:TrackPointExtension>
        </extensions>
      </trkpt>
      <trkpt lat="29.60255865876715" lon="106.31957418204172">
        <ele>249.224853515625</ele>
        <time>2026-09-25T22:43:30Z</time>
        <extensions>
          <gpxtpx:TrackPointExtension>
            <gpxtpx:hr>146</gpxtpx:hr>
          </gpxtpx:TrackPointExtension>
        </extensions>
      </trkpt>
      <trkpt lat="29.60269671565486" lon="106.31952230194621">
        <ele>252.81671142578125</ele>
        <time>2026-09-25T22:43:36Z</time>
        <extensions>
          <gpxtpx:TrackPointExtension>
            <gpxtpx:hr>145</gpxtpx:hr>
          </gpxtpx:TrackPointExtension>
        </extensions>
      </trkpt>
      <trkpt lat="29.602822658093803" lon="106.31953226969">
        <ele>252.9815673828125</ele>
        <time>2026-09-25T22:43:42Z</time>
        <extensions>
          <gpxtpx:TrackPointExtension>
            <gpxtpx:hr>143</gpxtpx:hr>
          </gpxtpx:TrackPointExtension>
        </extensions>
      </trkpt>
      <trkpt lat="29.602859789684803" lon="106.31945745238087">
        <ele>250.64959716796875</ele>
        <time>2026-09-25T22:43:49Z</time>
        <extensions>
          <gpxtpx:TrackPointExtension>
            <gpxtpx:hr>138</gpxtpx:hr>
          </gpxtpx:TrackPointExtension>
        </extensions>
      </trkpt>
      <trkpt lat="29.60295048776952" lon="106.31907738590597">
        <ele>244.0943603515625</ele>
        <time>2026-09-25T22:44:01Z</time>
        <extensions>
          <gpxtpx:TrackPointExtension>
            <gpxtpx:hr>137</gpxtpx:hr>
          </gpxtpx:TrackPointExtension>
        </extensions>
      </trkpt>
      <trkpt lat="29.60300381417514" lon="106.31889782603741">
        <ele>241.76739501953125</ele>
        <time>2026-09-25T22:44:10Z</time>
        <extensions>
          <gpxtpx:TrackPointExtension>
            <gpxtpx:hr>137</gpxtpx:hr>
          </gpxtpx:TrackPointExtension>
        </extensions>
      </trkpt>
      <trkpt lat="29.60296412128778" lon="106.3187432100568">
        <ele>238.57708740234375</ele>
        <time>2026-09-25T22:44:16Z</time>
        <extensions>
          <gpxtpx:TrackPointExtension>
            <gpxtpx:hr>138</gpxtpx:hr>
          </gpxtpx:TrackPointExtension>
        </extensions>
      </trkpt>
      <trkpt lat="29.602910261416042" lon="106.31867837330019">
        <ele>235.27911376953125</ele>
        <time>2026-09-25T22:44:19Z</time>
        <extensions>
          <gpxtpx:TrackPointExtension>
            <gpxtpx:hr>138</gpxtpx:hr>
          </gpxtpx:TrackPointExtension>
        </extensions>
      </trkpt>
      <trkpt lat="29.60288012355428" lon="106.31832380535867">
        <ele>243.9219970703125</ele>
        <time>2026-09-25T22:44:28Z</time>
        <extensions>
          <gpxtpx:TrackPointExtension>
            <gpxtpx:hr>138</gpxtpx:hr>
          </gpxtpx:TrackPointExtension>
        </extensions>
      </trkpt>
      <trkpt lat="29.602927630459636" lon="106.31795715018275">
        <ele>243.77777099609375</ele>
        <time>2026-09-25T22:44:40Z</time>
        <extensions>
          <gpxtpx:TrackPointExtension>
            <gpxtpx:hr>136</gpxtpx:hr>
          </gpxtpx:TrackPointExtension>
        </extensions>
      </trkpt>
      <trkpt lat="29.602942743582823" lon="106.31789530158358">
        <ele>242.212890625</ele>
        <time>2026-09-25T22:44:43Z</time>
        <extensions>
          <gpxtpx:TrackPointExtension>
            <gpxtpx:hr>133</gpxtpx:hr>
          </gpxtpx:TrackPointExtension>
        </extensions>
      </trkpt>
      <trkpt lat="29.602897055603997" lon="106.31773868991814">
        <ele>243.20489501953125</ele>
        <time>2026-09-25T22:44:49Z</time>
        <extensions>
          <gpxtpx:TrackPointExtension>
            <gpxtpx:hr>133</gpxtpx:hr>
          </gpxtpx:TrackPointExtension>
        </extensions>
      </trkpt>
      <trkpt lat="29.602893185844895" lon="106.3176708571037">
        <ele>241.72705078125</ele>
        <time>2026-09-25T22:44:52Z</time>
        <extensions>
          <gpxtpx:TrackPointExtension>
            <gpxtpx:hr>133</gpxtpx:hr>
          </gpxtpx:TrackPointExtension>
        </extensions>
      </trkpt>
      <trkpt lat="29.602943824784575" lon="106.31732670060542">
        <ele>246.65594482421875</ele>
        <time>2026-09-25T22:45:01Z</time>
        <extensions>
          <gpxtpx:TrackPointExtension>
            <gpxtpx:hr>133</gpxtpx:hr>
          </gpxtpx:TrackPointExtension>
        </extensions>
      </trkpt>
      <trkpt lat="29.60294754370268" lon="106.31694763185004">
        <ele>242.6282958984375</ele>
        <time>2026-09-25T22:45:16Z</time>
        <extensions>
          <gpxtpx:TrackPointExtension>
            <gpxtpx:hr>136</gpxtpx:hr>
          </gpxtpx:TrackPointExtension>
        </extensions>
      </trkpt>
      <trkpt lat="29.6029517525951" lon="106.31683690348524">
        <ele>245.68109130859375</ele>
        <time>2026-09-25T22:45:19Z</time>
        <extensions>
          <gpxtpx:TrackPointExtension>
            <gpxtpx:hr>137</gpxtpx:hr>
          </gpxtpx:TrackPointExtension>
        </extensions>
      </trkpt>
      <trkpt lat="29.602982873704256" lon="106.31676807057592">
        <ele>245.0462646484375</ele>
        <time>2026-09-25T22:45:22Z</time>
        <extensions>
          <gpxtpx:TrackPointExtension>
            <gpxtpx:hr>137</gpxtpx:hr>
          </gpxtpx:TrackPointExtension>
        </extensions>
      </trkpt>
      <trkpt lat="29.60298802542638" lon="106.31668726857112">
        <ele>247.90478515625</ele>
        <time>2026-09-25T22:45:25Z</time>
        <extensions>
          <gpxtpx:TrackPointExtension>
            <gpxtpx:hr>138</gpxtpx:hr>
          </gpxtpx:TrackPointExtension>
        </extensions>
      </trkpt>
      <trkpt lat="29.60294425637154" lon="106.31657255266761">
        <ele>249.7197265625</ele>
        <time>2026-09-25T22:45:28Z</time>
        <extensions>
          <gpxtpx:TrackPointExtension>
            <gpxtpx:hr>139</gpxtpx:hr>
          </gpxtpx:TrackPointExtension>
        </extensions>
      </trkpt>
      <trkpt lat="29.60289242351764" lon="106.31649275152833">
        <ele>253.09686279296875</ele>
        <time>2026-09-25T22:45:31Z</time>
        <extensions>
          <gpxtpx:TrackPointExtension>
            <gpxtpx:hr>139</gpxtpx:hr>
          </gpxtpx:TrackPointExtension>
        </extensions>
      </trkpt>
      <trkpt lat="29.602774591894224" lon="106.31642292985696">
        <ele>253.3209228515625</ele>
        <time>2026-09-25T22:45:37Z</time>
        <extensions>
          <gpxtpx:TrackPointExtension>
            <gpxtpx:hr>142</gpxtpx:hr>
          </gpxtpx:TrackPointExtension>
        </extensions>
      </trkpt>
      <trkpt lat="29.602658636802488" lon="106.31641794907175">
        <ele>251.27789306640625</ele>
        <time>2026-09-25T22:45:43Z</time>
        <extensions>
          <gpxtpx:TrackPointExtension>
            <gpxtpx:hr>141</gpxtpx:hr>
          </gpxtpx:TrackPointExtension>
        </extensions>
      </trkpt>
      <trkpt lat="29.602601629659755" lon="106.31643092070969">
        <ele>251.4632568359375</ele>
        <time>2026-09-25T22:45:46Z</time>
        <extensions>
          <gpxtpx:TrackPointExtension>
            <gpxtpx:hr>140</gpxtpx:hr>
          </gpxtpx:TrackPointExtension>
        </extensions>
      </trkpt>
      <trkpt lat="29.602556516766562" lon="106.31649775953306">
        <ele>252.12701416015625</ele>
        <time>2026-09-25T22:45:49Z</time>
        <extensions>
          <gpxtpx:TrackPointExtension>
            <gpxtpx:hr>140</gpxtpx:hr>
          </gpxtpx:TrackPointExtension>
        </extensions>
      </trkpt>
      <trkpt lat="29.602525202870595" lon="106.31666834296512">
        <ele>252.55322265625</ele>
        <time>2026-09-25T22:45:55Z</time>
        <extensions>
          <gpxtpx:TrackPointExtension>
            <gpxtpx:hr>141</gpxtpx:hr>
          </gpxtpx:TrackPointExtension>
        </extensions>
      </trkpt>
      <trkpt lat="29.602567517829357" lon="106.31702247098998">
        <ele>251.95281982421875</ele>
        <time>2026-09-25T22:46:07Z</time>
        <extensions>
          <gpxtpx:TrackPointExtension>
            <gpxtpx:hr>141</gpxtpx:hr>
          </gpxtpx:TrackPointExtension>
        </extensions>
      </trkpt>
      <trkpt lat="29.602576327576763" lon="106.3171212278342">
        <ele>252.14337158203125</ele>
        <time>2026-09-25T22:46:10Z</time>
        <extensions>
          <gpxtpx:TrackPointExtension>
            <gpxtpx:hr>142</gpxtpx:hr>
          </gpxtpx:TrackPointExtension>
        </extensions>
      </trkpt>
      <trkpt lat="29.60255302957095" lon="106.31728183451618">
        <ele>251.4857177734375</ele>
        <time>2026-09-25T22:46:16Z</time>
        <extensions>
          <gpxtpx:TrackPointExtension>
            <gpxtpx:hr>142</gpxtpx:hr>
          </gpxtpx:TrackPointExtension>
        </extensions>
      </trkpt>
      <trkpt lat="29.602513903143713" lon="106.31735465784043">
        <ele>251.2030029296875</ele>
        <time>2026-09-25T22:46:19Z</time>
        <extensions>
          <gpxtpx:TrackPointExtension>
            <gpxtpx:hr>141</gpxtpx:hr>
          </gpxtpx:TrackPointExtension>
        </extensions>
      </trkpt>
      <trkpt lat="29.602410781106204" lon="106.31743546535803">
        <ele>248.425048828125</ele>
        <time>2026-09-25T22:46:25Z</time>
        <extensions>
          <gpxtpx:TrackPointExtension>
            <gpxtpx:hr>139</gpxtpx:hr>
          </gpxtpx:TrackPointExtension>
        </extensions>
      </trkpt>
      <trkpt lat="29.602116727026917" lon="106.31751129660746">
        <ele>250.05413818359375</ele>
        <time>2026-09-25T22:46:37Z</time>
        <extensions>
          <gpxtpx:TrackPointExtension>
            <gpxtpx:hr>136</gpxtpx:hr>
          </gpxtpx:TrackPointExtension>
        </extensions>
      </trkpt>
      <trkpt lat="29.602033735394272" lon="106.31752027952446">
        <ele>250.69287109375</ele>
        <time>2026-09-25T22:46:40Z</time>
        <extensions>
          <gpxtpx:TrackPointExtension>
            <gpxtpx:hr>137</gpxtpx:hr>
          </gpxtpx:TrackPointExtension>
        </extensions>
      </trkpt>
      <trkpt lat="29.601963686681916" lon="106.31755719294704">
        <ele>250.776611328125</ele>
        <time>2026-09-25T22:46:43Z</time>
        <extensions>
          <gpxtpx:TrackPointExtension>
            <gpxtpx:hr>136</gpxtpx:hr>
          </gpxtpx:TrackPointExtension>
        </extensions>
      </trkpt>
      <trkpt lat="29.601907571079064" lon="106.31762702452147">
        <ele>251.5740966796875</ele>
        <time>2026-09-25T22:46:46Z</time>
        <extensions>
          <gpxtpx:TrackPointExtension>
            <gpxtpx:hr>137</gpxtpx:hr>
          </gpxtpx:TrackPointExtension>
        </extensions>
      </trkpt>
      <trkpt lat="29.601897221226448" lon="106.3178125684679">
        <ele>252.1072998046875</ele>
        <time>2026-09-25T22:46:52Z</time>
        <extensions>
          <gpxtpx:TrackPointExtension>
            <gpxtpx:hr>137</gpxtpx:hr>
          </gpxtpx:TrackPointExtension>
        </extensions>
      </trkpt>
      <trkpt lat="29.601915598325853" lon="106.31813676885884">
        <ele>254.2611083984375</ele>
        <time>2026-09-25T22:47:04Z</time>
        <extensions>
          <gpxtpx:TrackPointExtension>
            <gpxtpx:hr>139</gpxtpx:hr>
          </gpxtpx:TrackPointExtension>
        </extensions>
      </trkpt>
      <trkpt lat="29.601888808105063" lon="106.31855573758389">
        <ele>256.9134521484375</ele>
        <time>2026-09-25T22:47:16Z</time>
        <extensions>
          <gpxtpx:TrackPointExtension>
            <gpxtpx:hr>141</gpxtpx:hr>
          </gpxtpx:TrackPointExtension>
        </extensions>
      </trkpt>
      <trkpt lat="29.601876100349834" lon="106.31892881770439">
        <ele>253.29095458984375</ele>
        <time>2026-09-25T22:47:28Z</time>
        <extensions>
          <gpxtpx:TrackPointExtension>
            <gpxtpx:hr>144</gpxtpx:hr>
          </gpxtpx:TrackPointExtension>
        </extensions>
      </trkpt>
      <trkpt lat="29.601891478647424" lon="106.31925201857781">
        <ele>252.34454345703125</ele>
        <time>2026-09-25T22:47:40Z</time>
        <extensions>
          <gpxtpx:TrackPointExtension>
            <gpxtpx:hr>147</gpxtpx:hr>
          </gpxtpx:TrackPointExtension>
        </extensions>
      </trkpt>
      <trkpt lat="29.60188987889779" lon="106.31956624211293">
        <ele>252.5218505859375</ele>
        <time>2026-09-25T22:47:49Z</time>
        <extensions>
          <gpxtpx:TrackPointExtension>
            <gpxtpx:hr>147</gpxtpx:hr>
          </gpxtpx:TrackPointExtension>
        </extensions>
      </trkpt>
      <trkpt lat="29.601925254092187" lon="106.31988744564505">
        <ele>251.501708984375</ele>
        <time>2026-09-25T22:48:01Z</time>
        <extensions>
          <gpxtpx:TrackPointExtension>
            <gpxtpx:hr>144</gpxtpx:hr>
          </gpxtpx:TrackPointExtension>
        </extensions>
      </trkpt>
      <trkpt lat="29.601927076143916" lon="106.31998021602288">
        <ele>253.204345703125</ele>
        <time>2026-09-25T22:48:04Z</time>
        <extensions>
          <gpxtpx:TrackPointExtension>
            <gpxtpx:hr>143</gpxtpx:hr>
          </gpxtpx:TrackPointExtension>
        </extensions>
      </trkpt>
      <trkpt lat="29.602006132015504" lon="106.31993831490908">
        <ele>252.3131103515625</ele>
        <time>2026-09-25T22:48:10Z</time>
        <extensions>
          <gpxtpx:TrackPointExtension>
            <gpxtpx:hr>142</gpxtpx:hr>
          </gpxtpx:TrackPointExtension>
        </extensions>
      </trkpt>
      <trkpt lat="29.60206223815378" lon="106.31988632501306">
        <ele>254.29144287109375</ele>
        <time>2026-09-25T22:48:13Z</time>
        <extensions>
          <gpxtpx:TrackPointExtension>
            <gpxtpx:hr>142</gpxtpx:hr>
          </gpxtpx:TrackPointExtension>
        </extensions>
      </trkpt>
      <trkpt lat="29.602250217423467" lon="106.31985450747028">
        <ele>257.0640869140625</ele>
        <time>2026-09-25T22:48:19Z</time>
        <extensions>
          <gpxtpx:TrackPointExtension>
            <gpxtpx:hr>141</gpxtpx:hr>
          </gpxtpx:TrackPointExtension>
        </extensions>
      </trkpt>
      <trkpt lat="29.602408186213715" lon="106.31984552014747">
        <ele>255.56072998046875</ele>
        <time>2026-09-25T22:48:25Z</time>
        <extensions>
          <gpxtpx:TrackPointExtension>
            <gpxtpx:hr>141</gpxtpx:hr>
          </gpxtpx:TrackPointExtension>
        </extensions>
      </trkpt>
      <trkpt lat="29.60244926517658" lon="106.31979763610211">
        <ele>253.0745849609375</ele>
        <time>2026-09-25T22:48:28Z</time>
        <extensions>
          <gpxtpx:TrackPointExtension>
            <gpxtpx:hr>141</gpxtpx:hr>
          </gpxtpx:TrackPointExtension>
        </extensions>
      </trkpt>
      <trkpt lat="29.602464363525296" lon="106.31974376841505">
        <ele>254.05902099609375</ele>
        <time>2026-09-25T22:48:31Z</time>
        <extensions>
          <gpxtpx:TrackPointExtension>
            <gpxtpx:hr>140</gpxtpx:hr>
          </gpxtpx:TrackPointExtension>
        </extensions>
      </trkpt>
      <trkpt lat="29.60245553210252" lon="106.3196569835562">
        <ele>252.52484130859375</ele>
        <time>2026-09-25T22:48:34Z</time>
        <extensions>
          <gpxtpx:TrackPointExtension>
            <gpxtpx:hr>140</gpxtpx:hr>
          </gpxtpx:TrackPointExtension>
        </extensions>
      </trkpt>
      <trkpt lat="29.60248170328247" lon="106.31956321381111">
        <ele>251.38836669921875</ele>
        <time>2026-09-25T22:48:37Z</time>
        <extensions>
          <gpxtpx:TrackPointExtension>
            <gpxtpx:hr>139</gpxtpx:hr>
          </gpxtpx:TrackPointExtension>
        </extensions>
      </trkpt>
      <trkpt lat="29.602538762063293" lon="106.3195233090084">
        <ele>251.394775390625</ele>
        <time>2026-09-25T22:48:40Z</time>
        <extensions>
          <gpxtpx:TrackPointExtension>
            <gpxtpx:hr>139</gpxtpx:hr>
          </gpxtpx:TrackPointExtension>
        </extensions>
      </trkpt>
      <trkpt lat="29.60277278387947" lon="106.31947441571405">
        <ele>255.6839599609375</ele>
        <time>2026-09-25T22:48:49Z</time>
        <extensions>
          <gpxtpx:TrackPointExtension>
            <gpxtpx:hr>140</gpxtpx:hr>
          </gpxtpx:TrackPointExtension>
        </extensions>
      </trkpt>
      <trkpt lat="29.602835753198043" lon="106.31948039712174">
        <ele>253.6236572265625</ele>
        <time>2026-09-25T22:48:52Z</time>
        <extensions>
          <gpxtpx:TrackPointExtension>
            <gpxtpx:hr>139</gpxtpx:hr>
          </gpxtpx:TrackPointExtension>
        </extensions>
      </trkpt>
      <trkpt lat="29.602879815961824" lon="106.31944049308653">
        <ele>249.5440673828125</ele>
        <time>2026-09-25T22:48:58Z</time>
        <extensions>
          <gpxtpx:TrackPointExtension>
            <gpxtpx:hr>138</gpxtpx:hr>
          </gpxtpx:TrackPointExtension>
        </extensions>
      </trkpt>
      <trkpt lat="29.602890108146337" lon="106.31928587455057">
        <ele>248.1654052734375</ele>
        <time>2026-09-25T22:49:04Z</time>
        <extensions>
          <gpxtpx:TrackPointExtension>
            <gpxtpx:hr>138</gpxtpx:hr>
          </gpxtpx:TrackPointExtension>
        </extensions>
      </trkpt>
      <trkpt lat="29.602940416578306" lon="106.31911629043128">
        <ele>245.15985107421875</ele>
        <time>2026-09-25T22:49:10Z</time>
        <extensions>
          <gpxtpx:TrackPointExtension>
            <gpxtpx:hr>137</gpxtpx:hr>
          </gpxtpx:TrackPointExtension>
        </extensions>
      </trkpt>
      <trkpt lat="29.602945692962823" lon="106.31897064976219">
        <ele>242.98846435546875</ele>
        <time>2026-09-25T22:49:16Z</time>
        <extensions>
          <gpxtpx:TrackPointExtension>
            <gpxtpx:hr>141</gpxtpx:hr>
          </gpxtpx:TrackPointExtension>
        </extensions>
      </trkpt>
      <trkpt lat="29.602979952793323" lon="106.31882899737829">
        <ele>241.05462646484375</ele>
        <time>2026-09-25T22:49:22Z</time>
        <extensions>
          <gpxtpx:TrackPointExtension>
            <gpxtpx:hr>140</gpxtpx:hr>
          </gpxtpx:TrackPointExtension>
        </extensions>
      </trkpt>
      <trkpt lat="29.602919365170173" lon="106.3186225105738">
        <ele>241.4248046875</ele>
        <time>2026-09-25T22:49:28Z</time>
        <extensions>
          <gpxtpx:TrackPointExtension>
            <gpxtpx:hr>140</gpxtpx:hr>
          </gpxtpx:TrackPointExtension>
        </extensions>
      </trkpt>
      <trkpt lat="29.60290571168304" lon="106.31844295427277">
        <ele>240.1658935546875</ele>
        <time>2026-09-25T22:49:34Z</time>
        <extensions>
          <gpxtpx:TrackPointExtension>
            <gpxtpx:hr>139</gpxtpx:hr>
          </gpxtpx:TrackPointExtension>
        </extensions>
      </trkpt>
      <trkpt lat="29.602909290329862" lon="106.31813870403683">
        <ele>244.43536376953125</ele>
        <time>2026-09-25T22:49:43Z</time>
        <extensions>
          <gpxtpx:TrackPointExtension>
            <gpxtpx:hr>139</gpxtpx:hr>
          </gpxtpx:TrackPointExtension>
        </extensions>
      </trkpt>
      <trkpt lat="29.602924462380344" lon="106.31804593168917">
        <ele>242.8363037109375</ele>
        <time>2026-09-25T22:49:46Z</time>
        <extensions>
          <gpxtpx:TrackPointExtension>
            <gpxtpx:hr>139</gpxtpx:hr>
          </gpxtpx:TrackPointExtension>
        </extensions>
      </trkpt>
      <trkpt lat="29.602983691197206" lon="106.31791624752846">
        <ele>241.23590087890625</ele>
        <time>2026-09-25T22:49:52Z</time>
        <extensions>
          <gpxtpx:TrackPointExtension>
            <gpxtpx:hr>138</gpxtpx:hr>
          </gpxtpx:TrackPointExtension>
        </extensions>
      </trkpt>
      <trkpt lat="29.60294900177094" lon="106.31775863767744">
        <ele>235.99658203125</ele>
        <time>2026-09-25T22:49:58Z</time>
        <extensions>
          <gpxtpx:TrackPointExtension>
            <gpxtpx:hr>137</gpxtpx:hr>
          </gpxtpx:TrackPointExtension>
        </extensions>
      </trkpt>
      <trkpt lat="29.602952421998864" lon="106.31753718243657">
        <ele>239.9007568359375</ele>
        <time>2026-09-25T22:50:04Z</time>
        <extensions>
          <gpxtpx:TrackPointExtension>
            <gpxtpx:hr>137</gpxtpx:hr>
          </gpxtpx:TrackPointExtension>
        </extensions>
      </trkpt>
      <trkpt lat="29.602972954274478" lon="106.31725387787004">
        <ele>239.7471923828125</ele>
        <time>2026-09-25T22:50:13Z</time>
        <extensions>
          <gpxtpx:TrackPointExtension>
            <gpxtpx:hr>137</gpxtpx:hr>
          </gpxtpx:TrackPointExtension>
        </extensions>
      </trkpt>
      <trkpt lat="29.602944559764566" lon="106.31693965162846">
        <ele>236.7794189453125</ele>
        <time>2026-09-25T22:50:25Z</time>
        <extensions>
          <gpxtpx:TrackPointExtension>
            <gpxtpx:hr>139</gpxtpx:hr>
          </gpxtpx:TrackPointExtension>
        </extensions>
      </trkpt>
      <trkpt lat="29.602990721718" lon="106.31675410560929">
        <ele>239.34588623046875</ele>
        <time>2026-09-25T22:50:31Z</time>
        <extensions>
          <gpxtpx:TrackPointExtension>
            <gpxtpx:hr>141</gpxtpx:hr>
          </gpxtpx:TrackPointExtension>
        </extensions>
      </trkpt>
      <trkpt lat="29.602962158206516" lon="106.31662143167522">
        <ele>244.709716796875</ele>
        <time>2026-09-25T22:50:34Z</time>
        <extensions>
          <gpxtpx:TrackPointExtension>
            <gpxtpx:hr>143</gpxtpx:hr>
          </gpxtpx:TrackPointExtension>
        </extensions>
      </trkpt>
      <trkpt lat="29.60290735465345" lon="106.31652666744621">
        <ele>246.5908203125</ele>
        <time>2026-09-25T22:50:37Z</time>
        <extensions>
          <gpxtpx:TrackPointExtension>
            <gpxtpx:hr>144</gpxtpx:hr>
          </gpxtpx:TrackPointExtension>
        </extensions>
      </trkpt>
      <trkpt lat="29.602772637866842" lon="106.31639898867324">
        <ele>248.67138671875</ele>
        <time>2026-09-25T22:50:43Z</time>
        <extensions>
          <gpxtpx:TrackPointExtension>
            <gpxtpx:hr>143</gpxtpx:hr>
          </gpxtpx:TrackPointExtension>
        </extensions>
      </trkpt>
      <trkpt lat="29.602691689083773" lon="106.31638502778856">
        <ele>248.9075927734375</ele>
        <time>2026-09-25T22:50:46Z</time>
        <extensions>
          <gpxtpx:TrackPointExtension>
            <gpxtpx:hr>143</gpxtpx:hr>
          </gpxtpx:TrackPointExtension>
        </extensions>
      </trkpt>
      <trkpt lat="29.602619661957803" lon="106.3164109685403">
        <ele>249.23358154296875</ele>
        <time>2026-09-25T22:50:49Z</time>
        <extensions>
          <gpxtpx:TrackPointExtension>
            <gpxtpx:hr>142</gpxtpx:hr>
          </gpxtpx:TrackPointExtension>
        </extensions>
      </trkpt>
      <trkpt lat="29.602573600418015" lon="106.3164508734782">
        <ele>249.64813232421875</ele>
        <time>2026-09-25T22:50:52Z</time>
        <extensions>
          <gpxtpx:TrackPointExtension>
            <gpxtpx:hr>143</gpxtpx:hr>
          </gpxtpx:TrackPointExtension>
        </extensions>
      </trkpt>
      <trkpt lat="29.602518288237047" lon="106.31662445107558">
        <ele>252.14105224609375</ele>
        <time>2026-09-25T22:50:58Z</time>
        <extensions>
          <gpxtpx:TrackPointExtension>
            <gpxtpx:hr>143</gpxtpx:hr>
          </gpxtpx:TrackPointExtension>
        </extensions>
      </trkpt>
      <trkpt lat="29.60254282271078" lon="106.31686585710007">
        <ele>249.71484375</ele>
        <time>2026-09-25T22:51:07Z</time>
        <extensions>
          <gpxtpx:TrackPointExtension>
            <gpxtpx:hr>142</gpxtpx:hr>
          </gpxtpx:TrackPointExtension>
        </extensions>
      </trkpt>
      <trkpt lat="29.60258652716757" lon="106.31701448944747">
        <ele>248.56207275390625</ele>
        <time>2026-09-25T22:51:13Z</time>
        <extensions>
          <gpxtpx:TrackPointExtension>
            <gpxtpx:hr>142</gpxtpx:hr>
          </gpxtpx:TrackPointExtension>
        </extensions>
      </trkpt>
      <trkpt lat="29.60257523505934" lon="106.31717010778681">
        <ele>250.27880859375</ele>
        <time>2026-09-25T22:51:19Z</time>
        <extensions>
          <gpxtpx:TrackPointExtension>
            <gpxtpx:hr>140</gpxtpx:hr>
          </gpxtpx:TrackPointExtension>
        </extensions>
      </trkpt>
      <trkpt lat="29.60252500402293" lon="106.31729979206331">
        <ele>250.2763671875</ele>
        <time>2026-09-25T22:51:25Z</time>
        <extensions>
          <gpxtpx:TrackPointExtension>
            <gpxtpx:hr>140</gpxtpx:hr>
          </gpxtpx:TrackPointExtension>
        </extensions>
      </trkpt>
      <trkpt lat="29.60247287777611" lon="106.31737461125606">
        <ele>251.50994873046875</ele>
        <time>2026-09-25T22:51:28Z</time>
        <extensions>
          <gpxtpx:TrackPointExtension>
            <gpxtpx:hr>139</gpxtpx:hr>
          </gpxtpx:TrackPointExtension>
        </extensions>
      </trkpt>
      <trkpt lat="29.60224699504263" lon="106.31753760063162">
        <ele>247.1602783203125</ele>
        <time>2026-09-25T22:51:37Z</time>
        <extensions>
          <gpxtpx:TrackPointExtension>
            <gpxtpx:hr>140</gpxtpx:hr>
          </gpxtpx:TrackPointExtension>
        </extensions>
      </trkpt>
      <trkpt lat="29.60209966396435" lon="106.31754720929287">
        <ele>249.326904296875</ele>
        <time>2026-09-25T22:51:46Z</time>
        <extensions>
          <gpxtpx:TrackPointExtension>
            <gpxtpx:hr>140</gpxtpx:hr>
          </gpxtpx:TrackPointExtension>
        </extensions>
      </trkpt>
      <trkpt lat="29.60196856944835" lon="106.31761804293639">
        <ele>249.46728515625</ele>
        <time>2026-09-25T22:51:52Z</time>
        <extensions>
          <gpxtpx:TrackPointExtension>
            <gpxtpx:hr>139</gpxtpx:hr>
          </gpxtpx:TrackPointExtension>
        </extensions>
      </trkpt>
      <trkpt lat="29.60190327821861" lon="106.31778164423167">
        <ele>250.371337890625</ele>
        <time>2026-09-25T22:51:58Z</time>
        <extensions>
          <gpxtpx:TrackPointExtension>
            <gpxtpx:hr>138</gpxtpx:hr>
          </gpxtpx:TrackPointExtension>
        </extensions>
      </trkpt>
      <trkpt lat="29.601890657276254" lon="106.3181098367252">
        <ele>250.710693359375</ele>
        <time>2026-09-25T22:52:10Z</time>
        <extensions>
          <gpxtpx:TrackPointExtension>
            <gpxtpx:hr>140</gpxtpx:hr>
          </gpxtpx:TrackPointExtension>
        </extensions>
      </trkpt>
      <trkpt lat="29.60191099908209" lon="106.31845199210909">
        <ele>253.4744873046875</ele>
        <time>2026-09-25T22:52:22Z</time>
        <extensions>
          <gpxtpx:TrackPointExtension>
            <gpxtpx:hr>141</gpxtpx:hr>
          </gpxtpx:TrackPointExtension>
        </extensions>
      </trkpt>
      <trkpt lat="29.601887350042293" lon="106.31879614451348">
        <ele>253.1759033203125</ele>
        <time>2026-09-25T22:52:34Z</time>
        <extensions>
          <gpxtpx:TrackPointExtension>
            <gpxtpx:hr>142</gpxtpx:hr>
          </gpxtpx:TrackPointExtension>
        </extensions>
      </trkpt>
      <trkpt lat="29.601897526584416" lon="106.31909570843186">
        <ele>251.78070068359375</ele>
        <time>2026-09-25T22:52:46Z</time>
        <extensions>
          <gpxtpx:TrackPointExtension>
            <gpxtpx:hr>142</gpxtpx:hr>
          </gpxtpx:TrackPointExtension>
        </extensions>
      </trkpt>
      <trkpt lat="29.60188164166456" lon="106.31916822616634">
        <ele>250.5609130859375</ele>
        <time>2026-09-25T22:52:49Z</time>
        <extensions>
          <gpxtpx:TrackPointExtension>
            <gpxtpx:hr>141</gpxtpx:hr>
          </gpxtpx:TrackPointExtension>
        </extensions>
      </trkpt>
      <trkpt lat="29.601905352468734" lon="106.31931586000519">
        <ele>249.71759033203125</ele>
        <time>2026-09-25T22:52:55Z</time>
        <extensions>
          <gpxtpx:TrackPointExtension>
            <gpxtpx:hr>139</gpxtpx:hr>
          </gpxtpx:TrackPointExtension>
        </extensions>
      </trkpt>
      <trkpt lat="29.601894726816198" lon="106.31964504698449">
        <ele>250.03369140625</ele>
        <time>2026-09-25T22:53:07Z</time>
        <extensions>
          <gpxtpx:TrackPointExtension>
            <gpxtpx:hr>136</gpxtpx:hr>
          </gpxtpx:TrackPointExtension>
        </extensions>
      </trkpt>
      <trkpt lat="29.601940074065006" lon="106.31997921770679">
        <ele>253.09027099609375</ele>
        <time>2026-09-25T22:53:19Z</time>
        <extensions>
          <gpxtpx:TrackPointExtension>
            <gpxtpx:hr>136</gpxtpx:hr>
          </gpxtpx:TrackPointExtension>
        </extensions>
      </trkpt>
      <trkpt lat="29.601993008234288" lon="106.32000515034127">
        <ele>253.89404296875</ele>
        <time>2026-09-25T22:53:22Z</time>
        <extensions>
          <gpxtpx:TrackPointExtension>
            <gpxtpx:hr>136</gpxtpx:hr>
          </gpxtpx:TrackPointExtension>
        </extensions>
      </trkpt>
      <trkpt lat="29.602081162420216" lon="106.31991037948173">
        <ele>253.5535888671875</ele>
        <time>2026-09-25T22:53:28Z</time>
        <extensions>
          <gpxtpx:TrackPointExtension>
            <gpxtpx:hr>136</gpxtpx:hr>
          </gpxtpx:TrackPointExtension>
        </extensions>
      </trkpt>
      <trkpt lat="29.602229214321643" lon="106.3198594963998">
        <ele>257.2154541015625</ele>
        <time>2026-09-25T22:53:34Z</time>
        <extensions>
          <gpxtpx:TrackPointExtension>
            <gpxtpx:hr>136</gpxtpx:hr>
          </gpxtpx:TrackPointExtension>
        </extensions>
      </trkpt>
      <trkpt lat="29.602368171764383" lon="106.31985948801653">
        <ele>257.0830078125</ele>
        <time>2026-09-25T22:53:40Z</time>
        <extensions>
          <gpxtpx:TrackPointExtension>
            <gpxtpx:hr>136</gpxtpx:hr>
          </gpxtpx:TrackPointExtension>
        </extensions>
      </trkpt>
      <trkpt lat="29.602420220671224" lon="106.31982556876982">
        <ele>254.7012939453125</ele>
        <time>2026-09-25T22:53:43Z</time>
        <extensions>
          <gpxtpx:TrackPointExtension>
            <gpxtpx:hr>137</gpxtpx:hr>
          </gpxtpx:TrackPointExtension>
        </extensions>
      </trkpt>
      <trkpt lat="29.602460597275588" lon="106.31962206957682">
        <ele>252.09027099609375</ele>
        <time>2026-09-25T22:53:52Z</time>
        <extensions>
          <gpxtpx:TrackPointExtension>
            <gpxtpx:hr>136</gpxtpx:hr>
          </gpxtpx:TrackPointExtension>
        </extensions>
      </trkpt>
      <trkpt lat="29.60248971417348" lon="106.31955623059031">
        <ele>250.8922119140625</ele>
        <time>2026-09-25T22:53:55Z</time>
        <extensions>
          <gpxtpx:TrackPointExtension>
            <gpxtpx:hr>136</gpxtpx:hr>
          </gpxtpx:TrackPointExtension>
        </extensions>
      </trkpt>
      <trkpt lat="29.602675731601387" lon="106.31951731554135">
        <ele>251.4791259765625</ele>
        <time>2026-09-25T22:54:04Z</time>
        <extensions>
          <gpxtpx:TrackPointExtension>
            <gpxtpx:hr>136</gpxtpx:hr>
          </gpxtpx:TrackPointExtension>
        </extensions>
      </trkpt>
      <trkpt lat="29.602784686853575" lon="106.3195232941737">
        <ele>251.9884033203125</ele>
        <time>2026-09-25T22:54:10Z</time>
        <extensions>
          <gpxtpx:TrackPointExtension>
            <gpxtpx:hr>134</gpxtpx:hr>
          </gpxtpx:TrackPointExtension>
        </extensions>
      </trkpt>
      <trkpt lat="29.602835757008464" lon="106.31947840205284">
        <ele>250.42572021484375</ele>
        <time>2026-09-25T22:54:13Z</time>
        <extensions>
          <gpxtpx:TrackPointExtension>
            <gpxtpx:hr>133</gpxtpx:hr>
          </gpxtpx:TrackPointExtension>
        </extensions>
      </trkpt>
      <trkpt lat="29.60287101872184" lon="106.31933575246251">
        <ele>247.221923828125</ele>
        <time>2026-09-25T22:54:19Z</time>
        <extensions>
          <gpxtpx:TrackPointExtension>
            <gpxtpx:hr>133</gpxtpx:hr>
          </gpxtpx:TrackPointExtension>
        </extensions>
      </trkpt>
      <trkpt lat="29.602915466917622" lon="106.31924079739215">
        <ele>247.04705810546875</ele>
        <time>2026-09-25T22:54:22Z</time>
        <extensions>
          <gpxtpx:TrackPointExtension>
            <gpxtpx:hr>133</gpxtpx:hr>
          </gpxtpx:TrackPointExtension>
        </extensions>
      </trkpt>
      <trkpt lat="29.602954526523583" lon="106.31905643739546">
        <ele>245.70892333984375</ele>
        <time>2026-09-25T22:54:28Z</time>
        <extensions>
          <gpxtpx:TrackPointExtension>
            <gpxtpx:hr>134</gpxtpx:hr>
          </gpxtpx:TrackPointExtension>
        </extensions>
      </trkpt>
      <trkpt lat="29.60292514651363" lon="106.31873622963856">
        <ele>244.6083984375</ele>
        <time>2026-09-25T22:54:40Z</time>
        <extensions>
          <gpxtpx:TrackPointExtension>
            <gpxtpx:hr>135</gpxtpx:hr>
          </gpxtpx:TrackPointExtension>
        </extensions>
      </trkpt>
      <trkpt lat="29.602925268246377" lon="106.31867238716285">
        <ele>242.92791748046875</ele>
        <time>2026-09-25T22:54:43Z</time>
        <extensions>
          <gpxtpx:TrackPointExtension>
            <gpxtpx:hr>135</gpxtpx:hr>
          </gpxtpx:TrackPointExtension>
        </extensions>
      </trkpt>
      <trkpt lat="29.60290142961904" lon="106.31859158794202">
        <ele>242.588623046875</ele>
        <time>2026-09-25T22:54:46Z</time>
        <extensions>
          <gpxtpx:TrackPointExtension>
            <gpxtpx:hr>136</gpxtpx:hr>
          </gpxtpx:TrackPointExtension>
        </extensions>
      </trkpt>
      <trkpt lat="29.602924916852942" lon="106.31833222612451">
        <ele>244.944091796875</ele>
        <time>2026-09-25T22:54:55Z</time>
        <extensions>
          <gpxtpx:TrackPointExtension>
            <gpxtpx:hr>134</gpxtpx:hr>
          </gpxtpx:TrackPointExtension>
        </extensions>
      </trkpt>
      <trkpt lat="29.60291723279919" lon="106.31816763227323">
        <ele>246.32635498046875</ele>
        <time>2026-09-25T22:55:01Z</time>
        <extensions>
          <gpxtpx:TrackPointExtension>
            <gpxtpx:hr>135</gpxtpx:hr>
          </gpxtpx:TrackPointExtension>
        </extensions>
      </trkpt>
      <trkpt lat="29.60294882906711" lon="106.31784941420618">
        <ele>247.56292724609375</ele>
        <time>2026-09-25T22:55:13Z</time>
        <extensions>
          <gpxtpx:TrackPointExtension>
            <gpxtpx:hr>137</gpxtpx:hr>
          </gpxtpx:TrackPointExtension>
        </extensions>
      </trkpt>
      <trkpt lat="29.602924174479206" lon="106.31767185278088">
        <ele>240.04730224609375</ele>
        <time>2026-09-25T22:55:19Z</time>
        <extensions>
          <gpxtpx:TrackPointExtension>
            <gpxtpx:hr>137</gpxtpx:hr>
          </gpxtpx:TrackPointExtension>
        </extensions>
      </trkpt>
      <trkpt lat="29.602953766763374" lon="106.31735562887826">
        <ele>246.14300537109375</ele>
        <time>2026-09-25T22:55:28Z</time>
        <extensions>
          <gpxtpx:TrackPointExtension>
            <gpxtpx:hr>137</gpxtpx:hr>
          </gpxtpx:TrackPointExtension>
        </extensions>
      </trkpt>
      <trkpt lat="29.602959252200744" lon="106.31709925868161">
        <ele>248.6722412109375</ele>
        <time>2026-09-25T22:55:37Z</time>
        <extensions>
          <gpxtpx:TrackPointExtension>
            <gpxtpx:hr>138</gpxtpx:hr>
          </gpxtpx:TrackPointExtension>
        </extensions>
      </trkpt>
      <trkpt lat="29.602943917780287" lon="106.3167511145469">
        <ele>252.270751953125</ele>
        <time>2026-09-25T22:55:49Z</time>
        <extensions>
          <gpxtpx:TrackPointExtension>
            <gpxtpx:hr>137</gpxtpx:hr>
          </gpxtpx:TrackPointExtension>
        </extensions>
      </trkpt>
      <trkpt lat="29.602951227758663" lon="106.31658651798837">
        <ele>255.6942138671875</ele>
        <time>2026-09-25T22:55:55Z</time>
        <extensions>
          <gpxtpx:TrackPointExtension>
            <gpxtpx:hr>137</gpxtpx:hr>
          </gpxtpx:TrackPointExtension>
        </extensions>
      </trkpt>
      <trkpt lat="29.60289146730433" lon="106.31646980785143">
        <ele>255.80426025390625</ele>
        <time>2026-09-25T22:56:01Z</time>
        <extensions>
          <gpxtpx:TrackPointExtension>
            <gpxtpx:hr>138</gpxtpx:hr>
          </gpxtpx:TrackPointExtension>
        </extensions>
      </trkpt>
      <trkpt lat="29.602781633226485" lon="106.31639998568565">
        <ele>254.198974609375</ele>
        <time>2026-09-25T22:56:07Z</time>
        <extensions>
          <gpxtpx:TrackPointExtension>
            <gpxtpx:hr>138</gpxtpx:hr>
          </gpxtpx:TrackPointExtension>
        </extensions>
      </trkpt>
      <trkpt lat="29.60271169808902" lon="106.31637704614747">
        <ele>254.62884521484375</ele>
        <time>2026-09-25T22:56:10Z</time>
        <extensions>
          <gpxtpx:TrackPointExtension>
            <gpxtpx:hr>138</gpxtpx:hr>
          </gpxtpx:TrackPointExtension>
        </extensions>
      </trkpt>
      <trkpt lat="29.602640683886754" lon="106.31639600395954">
        <ele>254.8299560546875</ele>
        <time>2026-09-25T22:56:13Z</time>
        <extensions>
          <gpxtpx:TrackPointExtension>
            <gpxtpx:hr>137</gpxtpx:hr>
          </gpxtpx:TrackPointExtension>
        </extensions>
      </trkpt>
      <trkpt lat="29.602541423035905" lon="106.31654963321681">
        <ele>254.109619140625</ele>
        <time>2026-09-25T22:56:19Z</time>
        <extensions>
          <gpxtpx:TrackPointExtension>
            <gpxtpx:hr>139</gpxtpx:hr>
          </gpxtpx:TrackPointExtension>
        </extensions>
      </trkpt>
      <trkpt lat="29.602528283286674" lon="106.31662544802597">
        <ele>253.85357666015625</ele>
        <time>2026-09-25T22:56:22Z</time>
        <extensions>
          <gpxtpx:TrackPointExtension>
            <gpxtpx:hr>140</gpxtpx:hr>
          </gpxtpx:TrackPointExtension>
        </extensions>
      </trkpt>
      <trkpt lat="29.602534965206733" lon="106.31679203879709">
        <ele>253.42950439453125</ele>
        <time>2026-09-25T22:56:28Z</time>
        <extensions>
          <gpxtpx:TrackPointExtension>
            <gpxtpx:hr>140</gpxtpx:hr>
          </gpxtpx:TrackPointExtension>
        </extensions>
      </trkpt>
      <trkpt lat="29.602598481836825" lon="106.31703643481785">
        <ele>250.25616455078125</ele>
        <time>2026-09-25T22:56:37Z</time>
        <extensions>
          <gpxtpx:TrackPointExtension>
            <gpxtpx:hr>139</gpxtpx:hr>
          </gpxtpx:TrackPointExtension>
        </extensions>
      </trkpt>
      <trkpt lat="29.60255908837626" lon="106.31724991261979">
        <ele>250.2545166015625</ele>
        <time>2026-09-25T22:56:46Z</time>
        <extensions>
          <gpxtpx:TrackPointExtension>
            <gpxtpx:hr>139</gpxtpx:hr>
          </gpxtpx:TrackPointExtension>
        </extensions>
      </trkpt>
      <trkpt lat="29.60246980665715" lon="106.3174125182255">
        <ele>251.960693359375</ele>
        <time>2026-09-25T22:56:52Z</time>
        <extensions>
          <gpxtpx:TrackPointExtension>
            <gpxtpx:hr>139</gpxtpx:hr>
          </gpxtpx:TrackPointExtension>
        </extensions>
      </trkpt>
      <trkpt lat="29.602324244580192" lon="106.31752766043084">
        <ele>249.96673583984375</ele>
        <time>2026-09-25T22:56:58Z</time>
        <extensions>
          <gpxtpx:TrackPointExtension>
            <gpxtpx:hr>139</gpxtpx:hr>
          </gpxtpx:TrackPointExtension>
        </extensions>
      </trkpt>
      <trkpt lat="29.60225461079552" lon="106.31755019259177">
        <ele>248.68023681640625</ele>
        <time>2026-09-25T22:57:01Z</time>
        <extensions>
          <gpxtpx:TrackPointExtension>
            <gpxtpx:hr>139</gpxtpx:hr>
          </gpxtpx:TrackPointExtension>
        </extensions>
      </trkpt>
      <trkpt lat="29.601992689171098" lon="106.31755120592388">
        <ele>251.7628173828125</ele>
        <time>2026-09-25T22:57:13Z</time>
        <extensions>
          <gpxtpx:TrackPointExtension>
            <gpxtpx:hr>142</gpxtpx:hr>
          </gpxtpx:TrackPointExtension>
        </extensions>
      </trkpt>
      <trkpt lat="29.60191658159777" lon="106.31762004116064">
        <ele>253.1871337890625</ele>
        <time>2026-09-25T22:57:16Z</time>
        <extensions>
          <gpxtpx:TrackPointExtension>
            <gpxtpx:hr>142</gpxtpx:hr>
          </gpxtpx:TrackPointExtension>
        </extensions>
      </trkpt>
      <trkpt lat="29.601884432052668" lon="106.3177038368895">
        <ele>253.762939453125</ele>
        <time>2026-09-25T22:57:19Z</time>
        <extensions>
          <gpxtpx:TrackPointExtension>
            <gpxtpx:hr>143</gpxtpx:hr>
          </gpxtpx:TrackPointExtension>
        </extensions>
      </trkpt>
      <trkpt lat="29.601892897841562" lon="106.31798314867882">
        <ele>253.20098876953125</ele>
        <time>2026-09-25T22:57:28Z</time>
        <extensions>
          <gpxtpx:TrackPointExtension>
            <gpxtpx:hr>143</gpxtpx:hr>
          </gpxtpx:TrackPointExtension>
        </extensions>
      </trkpt>
      <trkpt lat="29.601877262294604" lon="106.31831932125777">
        <ele>253.718505859375</ele>
        <time>2026-09-25T22:57:40Z</time>
        <extensions>
          <gpxtpx:TrackPointExtension>
            <gpxtpx:hr>140</gpxtpx:hr>
          </gpxtpx:TrackPointExtension>
        </extensions>
      </trkpt>
      <trkpt lat="29.60188793769787" lon="106.31848790493883">
        <ele>255.9716796875</ele>
        <time>2026-09-25T22:57:46Z</time>
        <extensions>
          <gpxtpx:TrackPointExtension>
            <gpxtpx:hr>139</gpxtpx:hr>
          </gpxtpx:TrackPointExtension>
        </extensions>
      </trkpt>
      <trkpt lat="29.601862582170764" lon="106.31867843647525">
        <ele>254.8135986328125</ele>
        <time>2026-09-25T22:57:52Z</time>
        <extensions>
          <gpxtpx:TrackPointExtension>
            <gpxtpx:hr>139</gpxtpx:hr>
          </gpxtpx:TrackPointExtension>
        </extensions>
      </trkpt>
      <trkpt lat="29.601892902909377" lon="106.31902956793134">
        <ele>255.31768798828125</ele>
        <time>2026-09-25T22:58:04Z</time>
        <extensions>
          <gpxtpx:TrackPointExtension>
            <gpxtpx:hr>139</gpxtpx:hr>
          </gpxtpx:TrackPointExtension>
        </extensions>
      </trkpt>
      <trkpt lat="29.601888517653375" lon="106.31923206804441">
        <ele>255.10791015625</ele>
        <time>2026-09-25T22:58:13Z</time>
        <extensions>
          <gpxtpx:TrackPointExtension>
            <gpxtpx:hr>141</gpxtpx:hr>
          </gpxtpx:TrackPointExtension>
        </extensions>
      </trkpt>
      <trkpt lat="29.60192479980152" lon="106.31939671181286">
        <ele>255.6307373046875</ele>
        <time>2026-09-25T22:58:19Z</time>
        <extensions>
          <gpxtpx:TrackPointExtension>
            <gpxtpx:hr>141</gpxtpx:hr>
          </gpxtpx:TrackPointExtension>
        </extensions>
      </trkpt>
      <trkpt lat="29.601899702412865" lon="106.31965701708629">
        <ele>260.3458251953125</ele>
        <time>2026-09-25T22:58:28Z</time>
        <extensions>
          <gpxtpx:TrackPointExtension>
            <gpxtpx:hr>140</gpxtpx:hr>
          </gpxtpx:TrackPointExtension>
        </extensions>
      </trkpt>
      <trkpt lat="29.60191811132176" lon="106.31996325852063">
        <ele>254.65234375</ele>
        <time>2026-09-25T22:58:40Z</time>
        <extensions>
          <gpxtpx:TrackPointExtension>
            <gpxtpx:hr>140</gpxtpx:hr>
          </gpxtpx:TrackPointExtension>
        </extensions>
      </trkpt>
      <trkpt lat="29.601989062857044" lon="106.31997721968735">
        <ele>251.4959716796875</ele>
        <time>2026-09-25T22:58:46Z</time>
        <extensions>
          <gpxtpx:TrackPointExtension>
            <gpxtpx:hr>139</gpxtpx:hr>
          </gpxtpx:TrackPointExtension>
        </extensions>
      </trkpt>
      <trkpt lat="29.60212616960615" lon="106.31989940391158">
        <ele>252.2576904296875</ele>
        <time>2026-09-25T22:58:52Z</time>
        <extensions>
          <gpxtpx:TrackPointExtension>
            <gpxtpx:hr>140</gpxtpx:hr>
          </gpxtpx:TrackPointExtension>
        </extensions>
      </trkpt>
      <trkpt lat="29.602385160841393" lon="106.31986247958896">
        <ele>255.838623046875</ele>
        <time>2026-09-25T22:59:01Z</time>
        <extensions>
          <gpxtpx:TrackPointExtension>
            <gpxtpx:hr>139</gpxtpx:hr>
          </gpxtpx:TrackPointExtension>
        </extensions>
      </trkpt>
      <trkpt lat="29.60244818541236" lon="106.31983953253905">
        <ele>253.59820556640625</ele>
        <time>2026-09-25T22:59:04Z</time>
        <extensions>
          <gpxtpx:TrackPointExtension>
            <gpxtpx:hr>139</gpxtpx:hr>
          </gpxtpx:TrackPointExtension>
        </extensions>
      </trkpt>
      <trkpt lat="29.60249370532773" lon="106.31956022048533">
        <ele>247.146728515625</ele>
        <time>2026-09-25T22:59:16Z</time>
        <extensions>
          <gpxtpx:TrackPointExtension>
            <gpxtpx:hr>139</gpxtpx:hr>
          </gpxtpx:TrackPointExtension>
        </extensions>
      </trkpt>
      <trkpt lat="29.602571742443043" lon="106.3195282946895">
        <ele>248.75872802734375</ele>
        <time>2026-09-25T22:59:19Z</time>
        <extensions>
          <gpxtpx:TrackPointExtension>
            <gpxtpx:hr>138</gpxtpx:hr>
          </gpxtpx:TrackPointExtension>
        </extensions>
      </trkpt>
      <trkpt lat="29.602822991705434" lon="106.31951568591447">
        <ele>252.395751953125</ele>
        <time>2026-09-25T22:59:28Z</time>
        <extensions>
          <gpxtpx:TrackPointExtension>
            <gpxtpx:hr>138</gpxtpx:hr>
          </gpxtpx:TrackPointExtension>
        </extensions>
      </trkpt>
      <trkpt lat="29.60286373130734" lon="106.31948737817424">
        <ele>250.63232421875</ele>
        <time>2026-09-25T22:59:31Z</time>
        <extensions>
          <gpxtpx:TrackPointExtension>
            <gpxtpx:hr>138</gpxtpx:hr>
          </gpxtpx:TrackPointExtension>
        </extensions>
      </trkpt>
      <trkpt lat="29.602863862759946" lon="106.31941854828781">
        <ele>249.484130859375</ele>
        <time>2026-09-25T22:59:34Z</time>
        <extensions>
          <gpxtpx:TrackPointExtension>
            <gpxtpx:hr>138</gpxtpx:hr>
          </gpxtpx:TrackPointExtension>
        </extensions>
      </trkpt>
      <trkpt lat="29.602915228101093" lon="106.31921903815568">
        <ele>246.9639892578125</ele>
        <time>2026-09-25T22:59:40Z</time>
        <extensions>
          <gpxtpx:TrackPointExtension>
            <gpxtpx:hr>138</gpxtpx:hr>
          </gpxtpx:TrackPointExtension>
        </extensions>
      </trkpt>
      <trkpt lat="29.6029466869478" lon="106.3189736423134">
        <ele>243.6795654296875</ele>
        <time>2026-09-25T22:59:49Z</time>
        <extensions>
          <gpxtpx:TrackPointExtension>
            <gpxtpx:hr>139</gpxtpx:hr>
          </gpxtpx:TrackPointExtension>
        </extensions>
      </trkpt>
      <trkpt lat="29.602914600345773" lon="106.3186954177913">
        <ele>241.5</ele>
        <time>2026-09-25T22:59:58Z</time>
        <extensions>
          <gpxtpx:TrackPointExtension>
            <gpxtpx:hr>140</gpxtpx:hr>
          </gpxtpx:TrackPointExtension>
        </extensions>
      </trkpt>
      <trkpt lat="29.602871206710056" lon="106.31851786146373">
        <ele>245.5997314453125</ele>
        <time>2026-09-25T23:00:04Z</time>
        <extensions>
          <gpxtpx:TrackPointExtension>
            <gpxtpx:hr>141</gpxtpx:hr>
          </gpxtpx:TrackPointExtension>
        </extensions>
      </trkpt>
      <trkpt lat="29.602901796540497" lon="106.31839906273783">
        <ele>248.51666259765625</ele>
        <time>2026-09-25T23:00:07Z</time>
        <extensions>
          <gpxtpx:TrackPointExtension>
            <gpxtpx:hr>141</gpxtpx:hr>
          </gpxtpx:TrackPointExtension>
        </extensions>
      </trkpt>
      <trkpt lat="29.602904326047106" lon="106.31812074857915">
        <ele>246.57928466796875</ele>
        <time>2026-09-25T23:00:16Z</time>
        <extensions>
          <gpxtpx:TrackPointExtension>
            <gpxtpx:hr>143</gpxtpx:hr>
          </gpxtpx:TrackPointExtension>
        </extensions>
      </trkpt>
      <trkpt lat="29.60294862784344" lon="106.31795515383064">
        <ele>246.8299560546875</ele>
        <time>2026-09-25T23:00:22Z</time>
        <extensions>
          <gpxtpx:TrackPointExtension>
            <gpxtpx:hr>144</gpxtpx:hr>
          </gpxtpx:TrackPointExtension>
        </extensions>
      </trkpt>
      <trkpt lat="29.60294235867311" lon="106.31757209714726">
        <ele>247.348876953125</ele>
        <time>2026-09-25T23:00:34Z</time>
        <extensions>
          <gpxtpx:TrackPointExtension>
            <gpxtpx:hr>142</gpxtpx:hr>
          </gpxtpx:TrackPointExtension>
        </extensions>
      </trkpt>
      <trkpt lat="29.60294476572085" lon="106.31735762451514">
        <ele>250.81097412109375</ele>
        <time>2026-09-25T23:00:40Z</time>
        <extensions>
          <gpxtpx:TrackPointExtension>
            <gpxtpx:hr>144</gpxtpx:hr>
          </gpxtpx:TrackPointExtension>
        </extensions>
      </trkpt>
      <trkpt lat="29.602963084277466" lon="106.31718704273786">
        <ele>248.51580810546875</ele>
        <time>2026-09-25T23:00:46Z</time>
        <extensions>
          <gpxtpx:TrackPointExtension>
            <gpxtpx:hr>144</gpxtpx:hr>
          </gpxtpx:TrackPointExtension>
        </extensions>
      </trkpt>
      <trkpt lat="29.602939387093947" lon="106.3170314265276">
        <ele>248.755859375</ele>
        <time>2026-09-25T23:00:52Z</time>
        <extensions>
          <gpxtpx:TrackPointExtension>
            <gpxtpx:hr>145</gpxtpx:hr>
          </gpxtpx:TrackPointExtension>
        </extensions>
      </trkpt>
      <trkpt lat="29.602961022320617" lon="106.31669325551047">
        <ele>252.63336181640625</ele>
        <time>2026-09-25T23:01:04Z</time>
        <extensions>
          <gpxtpx:TrackPointExtension>
            <gpxtpx:hr>143</gpxtpx:hr>
          </gpxtpx:TrackPointExtension>
        </extensions>
      </trkpt>
      <trkpt lat="29.602966147528296" lon="106.31662641919772">
        <ele>254.6578369140625</ele>
        <time>2026-09-25T23:01:07Z</time>
        <extensions>
          <gpxtpx:TrackPointExtension>
            <gpxtpx:hr>142</gpxtpx:hr>
          </gpxtpx:TrackPointExtension>
        </extensions>
      </trkpt>
      <trkpt lat="29.602942308038212" lon="106.31654561885209">
        <ele>255.36651611328125</ele>
        <time>2026-09-25T23:01:10Z</time>
        <extensions>
          <gpxtpx:TrackPointExtension>
            <gpxtpx:hr>141</gpxtpx:hr>
          </gpxtpx:TrackPointExtension>
        </extensions>
      </trkpt>
      <trkpt lat="29.60285056678198" lon="106.31642392283406">
        <ele>254.9644775390625</ele>
        <time>2026-09-25T23:01:16Z</time>
        <extensions>
          <gpxtpx:TrackPointExtension>
            <gpxtpx:hr>142</gpxtpx:hr>
          </gpxtpx:TrackPointExtension>
        </extensions>
      </trkpt>
      <trkpt lat="29.602781684254033" lon="106.31637305171327">
        <ele>255.14453125</ele>
        <time>2026-09-25T23:01:19Z</time>
        <extensions>
          <gpxtpx:TrackPointExtension>
            <gpxtpx:hr>142</gpxtpx:hr>
          </gpxtpx:TrackPointExtension>
        </extensions>
      </trkpt>
      <trkpt lat="29.60269670456414" lon="106.31637604949621">
        <ele>254.36474609375</ele>
        <time>2026-09-25T23:01:22Z</time>
        <extensions>
          <gpxtpx:TrackPointExtension>
            <gpxtpx:hr>142</gpxtpx:hr>
          </gpxtpx:TrackPointExtension>
        </extensions>
      </trkpt>
      <trkpt lat="29.602632671212948" lon="106.31640398487679">
        <ele>256.030029296875</ele>
        <time>2026-09-25T23:01:25Z</time>
        <extensions>
          <gpxtpx:TrackPointExtension>
            <gpxtpx:hr>142</gpxtpx:hr>
          </gpxtpx:TrackPointExtension>
        </extensions>
      </trkpt>
      <trkpt lat="29.602566589326667" lon="106.31645785677783">
        <ele>255.61993408203125</ele>
        <time>2026-09-25T23:01:28Z</time>
        <extensions>
          <gpxtpx:TrackPointExtension>
            <gpxtpx:hr>142</gpxtpx:hr>
          </gpxtpx:TrackPointExtension>
        </extensions>
      </trkpt>
      <trkpt lat="29.602525490326613" lon="106.31651671491841">
        <ele>254.9219970703125</ele>
        <time>2026-09-25T23:01:31Z</time>
        <extensions>
          <gpxtpx:TrackPointExtension>
            <gpxtpx:hr>142</gpxtpx:hr>
          </gpxtpx:TrackPointExtension>
        </extensions>
      </trkpt>
      <trkpt lat="29.602506259340664" lon="106.31671962391843">
        <ele>251.775146484375</ele>
        <time>2026-09-25T23:01:40Z</time>
        <extensions>
          <gpxtpx:TrackPointExtension>
            <gpxtpx:hr>139</gpxtpx:hr>
          </gpxtpx:TrackPointExtension>
        </extensions>
      </trkpt>
      <trkpt lat="29.602588435655843" lon="106.31706237170776">
        <ele>246.71258544921875</ele>
        <time>2026-09-25T23:01:52Z</time>
        <extensions>
          <gpxtpx:TrackPointExtension>
            <gpxtpx:hr>139</gpxtpx:hr>
          </gpxtpx:TrackPointExtension>
        </extensions>
      </trkpt>
      <trkpt lat="29.602534065703544" lon="106.3172658748943">
        <ele>249.81146240234375</ele>
        <time>2026-09-25T23:02:01Z</time>
        <extensions>
          <gpxtpx:TrackPointExtension>
            <gpxtpx:hr>139</gpxtpx:hr>
          </gpxtpx:TrackPointExtension>
        </extensions>
      </trkpt>
      <trkpt lat="29.602433800610196" lon="106.31742149831666">
        <ele>252.2471923828125</ele>
        <time>2026-09-25T23:02:07Z</time>
        <extensions>
          <gpxtpx:TrackPointExtension>
            <gpxtpx:hr>141</gpxtpx:hr>
          </gpxtpx:TrackPointExtension>
        </extensions>
      </trkpt>
      <trkpt lat="29.602255654108273" lon="106.31752724897183">
        <ele>248.6151123046875</ele>
        <time>2026-09-25T23:02:16Z</time>
        <extensions>
          <gpxtpx:TrackPointExtension>
            <gpxtpx:hr>142</gpxtpx:hr>
          </gpxtpx:TrackPointExtension>
        </extensions>
      </trkpt>
      <trkpt lat="29.602185631927867" lon="106.3175501967492">
        <ele>250.512451171875</ele>
        <time>2026-09-25T23:02:19Z</time>
        <extensions>
          <gpxtpx:TrackPointExtension>
            <gpxtpx:hr>142</gpxtpx:hr>
          </gpxtpx:TrackPointExtension>
        </extensions>
      </trkpt>
      <trkpt lat="29.60194570357981" lon="106.31755120875572">
        <ele>253.094970703125</ele>
        <time>2026-09-25T23:02:28Z</time>
        <extensions>
          <gpxtpx:TrackPointExtension>
            <gpxtpx:hr>142</gpxtpx:hr>
          </gpxtpx:TrackPointExtension>
        </extensions>
      </trkpt>
      <trkpt lat="29.601898617467096" lon="106.31760408151588">
        <ele>253.119873046875</ele>
        <time>2026-09-25T23:02:31Z</time>
        <extensions>
          <gpxtpx:TrackPointExtension>
            <gpxtpx:hr>140</gpxtpx:hr>
          </gpxtpx:TrackPointExtension>
        </extensions>
      </trkpt>
      <trkpt lat="29.601862305973846" lon="106.31777366634644">
        <ele>253.484130859375</ele>
        <time>2026-09-25T23:02:37Z</time>
        <extensions>
          <gpxtpx:TrackPointExtension>
            <gpxtpx:hr>139</gpxtpx:hr>
          </gpxtpx:TrackPointExtension>
        </extensions>
      </trkpt>
      <trkpt lat="29.601887305747866" lon="106.31791175900287">
        <ele>252.791015625</ele>
        <time>2026-09-25T23:02:43Z</time>
        <extensions>
          <gpxtpx:TrackPointExtension>
            <gpxtpx:hr>138</gpxtpx:hr>
          </gpxtpx:TrackPointExtension>
        </extensions>
      </trkpt>
      <trkpt lat="29.601893979966345" lon="106.3182284183187">
        <ele>256.27996826171875</ele>
        <time>2026-09-25T23:02:55Z</time>
        <extensions>
          <gpxtpx:TrackPointExtension>
            <gpxtpx:hr>137</gpxtpx:hr>
          </gpxtpx:TrackPointExtension>
        </extensions>
      </trkpt>
      <trkpt lat="29.60188574627582" lon="106.31858865656773">
        <ele>256.1314697265625</ele>
        <time>2026-09-25T23:03:07Z</time>
        <extensions>
          <gpxtpx:TrackPointExtension>
            <gpxtpx:hr>138</gpxtpx:hr>
          </gpxtpx:TrackPointExtension>
        </extensions>
      </trkpt>
      <trkpt lat="29.601876069900825" lon="106.31894477830252">
        <ele>254.08941650390625</ele>
        <time>2026-09-25T23:03:22Z</time>
        <extensions>
          <gpxtpx:TrackPointExtension>
            <gpxtpx:hr>138</gpxtpx:hr>
          </gpxtpx:TrackPointExtension>
        </extensions>
      </trkpt>
      <trkpt lat="29.60188150846021" lon="106.31915726715228">
        <ele>255.49713134765625</ele>
        <time>2026-09-25T23:03:28Z</time>
        <extensions>
          <gpxtpx:TrackPointExtension>
            <gpxtpx:hr>137</gpxtpx:hr>
          </gpxtpx:TrackPointExtension>
        </extensions>
      </trkpt>
      <trkpt lat="29.60186337742186" lon="106.3193208029151">
        <ele>254.80377197265625</ele>
        <time>2026-09-25T23:03:34Z</time>
        <extensions>
          <gpxtpx:TrackPointExtension>
            <gpxtpx:hr>137</gpxtpx:hr>
          </gpxtpx:TrackPointExtension>
        </extensions>
      </trkpt>
      <trkpt lat="29.601885794371857" lon="106.31961113138061">
        <ele>261.08984375</ele>
        <time>2026-09-25T23:03:43Z</time>
        <extensions>
          <gpxtpx:TrackPointExtension>
            <gpxtpx:hr>138</gpxtpx:hr>
          </gpxtpx:TrackPointExtension>
        </extensions>
      </trkpt>
      <trkpt lat="29.60187859449464" lon="106.31971687035866">
        <ele>262.54345703125</ele>
        <time>2026-09-25T23:03:46Z</time>
        <extensions>
          <gpxtpx:TrackPointExtension>
            <gpxtpx:hr>139</gpxtpx:hr>
          </gpxtpx:TrackPointExtension>
        </extensions>
      </trkpt>
      <trkpt lat="29.60189645172813" lon="106.31978869165704">
        <ele>260.62060546875</ele>
        <time>2026-09-25T23:03:49Z</time>
        <extensions>
          <gpxtpx:TrackPointExtension>
            <gpxtpx:hr>140</gpxtpx:hr>
          </gpxtpx:TrackPointExtension>
        </extensions>
      </trkpt>
      <trkpt lat="29.601909062593162" lon="106.31999019242853">
        <ele>257.1031494140625</ele>
        <time>2026-09-25T23:03:55Z</time>
        <extensions>
          <gpxtpx:TrackPointExtension>
            <gpxtpx:hr>141</gpxtpx:hr>
          </gpxtpx:TrackPointExtension>
        </extensions>
      </trkpt>
      <trkpt lat="29.602056135759298" lon="106.31992833657105">
        <ele>251.17724609375</ele>
        <time>2026-09-25T23:04:04Z</time>
        <extensions>
          <gpxtpx:TrackPointExtension>
            <gpxtpx:hr>142</gpxtpx:hr>
          </gpxtpx:TrackPointExtension>
        </extensions>
      </trkpt>
      <trkpt lat="29.6022381028851" lon="106.31991635520667">
        <ele>251.8974609375</ele>
        <time>2026-09-25T23:04:10Z</time>
        <extensions>
          <gpxtpx:TrackPointExtension>
            <gpxtpx:hr>146</gpxtpx:hr>
          </gpxtpx:TrackPointExtension>
        </extensions>
      </trkpt>
      <trkpt lat="29.602388396004038" lon="106.3198821285607">
        <ele>250.896240234375</ele>
        <time>2026-09-25T23:04:16Z</time>
        <extensions>
          <gpxtpx:TrackPointExtension>
            <gpxtpx:hr>146</gpxtpx:hr>
          </gpxtpx:TrackPointExtension>
        </extensions>
      </trkpt>
      <trkpt lat="29.602458435887037" lon="106.3197068600474">
        <ele>251.9727783203125</ele>
        <time>2026-09-25T23:04:25Z</time>
        <extensions>
          <gpxtpx:TrackPointExtension>
            <gpxtpx:hr>144</gpxtpx:hr>
          </gpxtpx:TrackPointExtension>
        </extensions>
      </trkpt>
      <trkpt lat="29.602477611131395" lon="106.31961209321398">
        <ele>249.2021484375</ele>
        <time>2026-09-25T23:04:28Z</time>
        <extensions>
          <gpxtpx:TrackPointExtension>
            <gpxtpx:hr>143</gpxtpx:hr>
          </gpxtpx:TrackPointExtension>
        </extensions>
      </trkpt>
      <trkpt lat="29.602544727836168" lon="106.31954026672784">
        <ele>249.466552734375</ele>
        <time>2026-09-25T23:04:31Z</time>
        <extensions>
          <gpxtpx:TrackPointExtension>
            <gpxtpx:hr>144</gpxtpx:hr>
          </gpxtpx:TrackPointExtension>
        </extensions>
      </trkpt>
      <trkpt lat="29.602748654030766" lon="106.3195462396306">
        <ele>253.677001953125</ele>
        <time>2026-09-25T23:04:40Z</time>
        <extensions>
          <gpxtpx:TrackPointExtension>
            <gpxtpx:hr>145</gpxtpx:hr>
          </gpxtpx:TrackPointExtension>
        </extensions>
      </trkpt>
      <trkpt lat="29.602791677093006" lon="106.31952728388845">
        <ele>251.7545166015625</ele>
        <time>2026-09-25T23:04:43Z</time>
        <extensions>
          <gpxtpx:TrackPointExtension>
            <gpxtpx:hr>145</gpxtpx:hr>
          </gpxtpx:TrackPointExtension>
        </extensions>
      </trkpt>
      <trkpt lat="29.6028489168706" lon="106.31939261328674">
        <ele>246.259765625</ele>
        <time>2026-09-25T23:04:49Z</time>
        <extensions>
          <gpxtpx:TrackPointExtension>
            <gpxtpx:hr>146</gpxtpx:hr>
          </gpxtpx:TrackPointExtension>
        </extensions>
      </trkpt>
      <trkpt lat="29.602891292556144" lon="106.31918911352602">
        <ele>247.82879638671875</ele>
        <time>2026-09-25T23:04:55Z</time>
        <extensions>
          <gpxtpx:TrackPointExtension>
            <gpxtpx:hr>146</gpxtpx:hr>
          </gpxtpx:TrackPointExtension>
        </extensions>
      </trkpt>
      <trkpt lat="29.602933492961213" lon="106.31907738693094">
        <ele>246.27886962890625</ele>
        <time>2026-09-25T23:04:58Z</time>
        <extensions>
          <gpxtpx:TrackPointExtension>
            <gpxtpx:hr>147</gpxtpx:hr>
          </gpxtpx:TrackPointExtension>
        </extensions>
      </trkpt>
      <trkpt lat="29.60296078544016" lon="106.3189197744551">
        <ele>243.8560791015625</ele>
        <time>2026-09-25T23:05:04Z</time>
        <extensions>
          <gpxtpx:TrackPointExtension>
            <gpxtpx:hr>148</gpxtpx:hr>
          </gpxtpx:TrackPointExtension>
        </extensions>
      </trkpt>
      <trkpt lat="29.60292209416624" lon="106.3187641608951">
        <ele>238.669677734375</ele>
        <time>2026-09-25T23:05:10Z</time>
        <extensions>
          <gpxtpx:TrackPointExtension>
            <gpxtpx:hr>149</gpxtpx:hr>
          </gpxtpx:TrackPointExtension>
        </extensions>
      </trkpt>
      <trkpt lat="29.602885238620296" lon="106.31869433542788">
        <ele>236.3101806640625</ele>
        <time>2026-09-25T23:05:13Z</time>
        <extensions>
          <gpxtpx:TrackPointExtension>
            <gpxtpx:hr>150</gpxtpx:hr>
          </gpxtpx:TrackPointExtension>
        </extensions>
      </trkpt>
      <trkpt lat="29.602879466763785" lon="106.31857562863794">
        <ele>238.7000732421875</ele>
        <time>2026-09-25T23:05:16Z</time>
        <extensions>
          <gpxtpx:TrackPointExtension>
            <gpxtpx:hr>149</gpxtpx:hr>
          </gpxtpx:TrackPointExtension>
        </extensions>
      </trkpt>
      <trkpt lat="29.60293315952283" lon="106.31820354281425">
        <ele>248.7601318359375</ele>
        <time>2026-09-25T23:05:25Z</time>
        <extensions>
          <gpxtpx:TrackPointExtension>
            <gpxtpx:hr>149</gpxtpx:hr>
          </gpxtpx:TrackPointExtension>
        </extensions>
      </trkpt>
      <trkpt lat="29.602917365761513" lon="106.31809780432283">
        <ele>248.65765380859375</ele>
        <time>2026-09-25T23:05:28Z</time>
        <extensions>
          <gpxtpx:TrackPointExtension>
            <gpxtpx:hr>150</gpxtpx:hr>
          </gpxtpx:TrackPointExtension>
        </extensions>
      </trkpt>
      <trkpt lat="29.60293769005697" lon="106.31792423064867">
        <ele>248.631103515625</ele>
        <time>2026-09-25T23:05:34Z</time>
        <extensions>
          <gpxtpx:TrackPointExtension>
            <gpxtpx:hr>150</gpxtpx:hr>
          </gpxtpx:TrackPointExtension>
        </extensions>
      </trkpt>
      <trkpt lat="29.60290923217936" lon="106.3176439224178">
        <ele>252.8023681640625</ele>
        <time>2026-09-25T23:05:43Z</time>
        <extensions>
          <gpxtpx:TrackPointExtension>
            <gpxtpx:hr>150</gpxtpx:hr>
          </gpxtpx:TrackPointExtension>
        </extensions>
      </trkpt>
      <trkpt lat="29.602905125319" lon="106.31730929386792">
        <ele>255.267578125</ele>
        <time>2026-09-25T23:05:52Z</time>
        <extensions>
          <gpxtpx:TrackPointExtension>
            <gpxtpx:hr>150</gpxtpx:hr>
          </gpxtpx:TrackPointExtension>
        </extensions>
      </trkpt>
      <trkpt lat="29.602915034517718" lon="106.31722096227512">
        <ele>250.18621826171875</ele>
        <time>2026-09-25T23:05:55Z</time>
        <extensions>
          <gpxtpx:TrackPointExtension>
            <gpxtpx:hr>150</gpxtpx:hr>
          </gpxtpx:TrackPointExtension>
        </extensions>
      </trkpt>
      <trkpt lat="29.602955236375188" lon="106.31710823686461">
        <ele>247.7923583984375</ele>
        <time>2026-09-25T23:06:01Z</time>
        <extensions>
          <gpxtpx:TrackPointExtension>
            <gpxtpx:hr>149</gpxtpx:hr>
          </gpxtpx:TrackPointExtension>
        </extensions>
      </trkpt>
      <trkpt lat="29.602948891655547" lon="106.31676408241745">
        <ele>249.2451171875</ele>
        <time>2026-09-25T23:06:16Z</time>
        <extensions>
          <gpxtpx:TrackPointExtension>
            <gpxtpx:hr>147</gpxtpx:hr>
          </gpxtpx:TrackPointExtension>
        </extensions>
      </trkpt>
      <trkpt lat="29.60293705802567" lon="106.31667829367284">
        <ele>251.58538818359375</ele>
        <time>2026-09-25T23:06:19Z</time>
        <extensions>
          <gpxtpx:TrackPointExtension>
            <gpxtpx:hr>147</gpxtpx:hr>
          </gpxtpx:TrackPointExtension>
        </extensions>
      </trkpt>
      <trkpt lat="29.602896284269026" lon="106.31656557268687">
        <ele>254.72161865234375</ele>
        <time>2026-09-25T23:06:22Z</time>
        <extensions>
          <gpxtpx:TrackPointExtension>
            <gpxtpx:hr>147</gpxtpx:hr>
          </gpxtpx:TrackPointExtension>
        </extensions>
      </trkpt>
      <trkpt lat="29.602840479103456" lon="106.31647180603073">
        <ele>255.1343994140625</ele>
        <time>2026-09-25T23:06:25Z</time>
        <extensions>
          <gpxtpx:TrackPointExtension>
            <gpxtpx:hr>147</gpxtpx:hr>
          </gpxtpx:TrackPointExtension>
        </extensions>
      </trkpt>
      <trkpt lat="29.60277861902313" lon="106.3164079663015">
        <ele>253.3740234375</ele>
        <time>2026-09-25T23:06:28Z</time>
        <extensions>
          <gpxtpx:TrackPointExtension>
            <gpxtpx:hr>147</gpxtpx:hr>
          </gpxtpx:TrackPointExtension>
        </extensions>
      </trkpt>
      <trkpt lat="29.602720701007513" lon="106.31637405294158">
        <ele>252.67822265625</ele>
        <time>2026-09-25T23:06:31Z</time>
        <extensions>
          <gpxtpx:TrackPointExtension>
            <gpxtpx:hr>146</gpxtpx:hr>
          </gpxtpx:TrackPointExtension>
        </extensions>
      </trkpt>
      <trkpt lat="29.60264972460258" lon="106.31637305966284">
        <ele>252.58404541015625</ele>
        <time>2026-09-25T23:06:34Z</time>
        <extensions>
          <gpxtpx:TrackPointExtension>
            <gpxtpx:hr>146</gpxtpx:hr>
          </gpxtpx:TrackPointExtension>
        </extensions>
      </trkpt>
      <trkpt lat="29.602580654983498" lon="106.31642094643213">
        <ele>253.586669921875</ele>
        <time>2026-09-25T23:06:37Z</time>
        <extensions>
          <gpxtpx:TrackPointExtension>
            <gpxtpx:hr>146</gpxtpx:hr>
          </gpxtpx:TrackPointExtension>
        </extensions>
      </trkpt>
      <trkpt lat="29.602528311656336" lon="106.31661048473485">
        <ele>253.2034912109375</ele>
        <time>2026-09-25T23:06:46Z</time>
        <extensions>
          <gpxtpx:TrackPointExtension>
            <gpxtpx:hr>143</gpxtpx:hr>
          </gpxtpx:TrackPointExtension>
        </extensions>
      </trkpt>
      <trkpt lat="29.602546774166317" lon="106.3168907956286">
        <ele>251.65216064453125</ele>
        <time>2026-09-25T23:06:55Z</time>
        <extensions>
          <gpxtpx:TrackPointExtension>
            <gpxtpx:hr>142</gpxtpx:hr>
          </gpxtpx:TrackPointExtension>
        </extensions>
      </trkpt>
      <trkpt lat="29.602576441219693" lon="106.31706137488123">
        <ele>249.22528076171875</ele>
        <time>2026-09-25T23:07:01Z</time>
        <extensions>
          <gpxtpx:TrackPointExtension>
            <gpxtpx:hr>145</gpxtpx:hr>
          </gpxtpx:TrackPointExtension>
        </extensions>
      </trkpt>
      <trkpt lat="29.602529012275276" lon="106.31729480408362">
        <ele>250.91497802734375</ele>
        <time>2026-09-25T23:07:10Z</time>
        <extensions>
          <gpxtpx:TrackPointExtension>
            <gpxtpx:hr>145</gpxtpx:hr>
          </gpxtpx:TrackPointExtension>
        </extensions>
      </trkpt>
      <trkpt lat="29.60249690076236" lon="106.31735864905396">
        <ele>249.92315673828125</ele>
        <time>2026-09-25T23:07:13Z</time>
        <extensions>
          <gpxtpx:TrackPointExtension>
            <gpxtpx:hr>145</gpxtpx:hr>
          </gpxtpx:TrackPointExtension>
        </extensions>
      </trkpt>
      <trkpt lat="29.60228847043595" lon="106.31753499822034">
        <ele>249.19012451171875</ele>
        <time>2026-09-25T23:07:22Z</time>
        <extensions>
          <gpxtpx:TrackPointExtension>
            <gpxtpx:hr>145</gpxtpx:hr>
          </gpxtpx:TrackPointExtension>
        </extensions>
      </trkpt>
      <trkpt lat="29.60196266802249" lon="106.31756716846651">
        <ele>254.923095703125</ele>
        <time>2026-09-25T23:07:37Z</time>
        <extensions>
          <gpxtpx:TrackPointExtension>
            <gpxtpx:hr>143</gpxtpx:hr>
          </gpxtpx:TrackPointExtension>
        </extensions>
      </trkpt>
      <trkpt lat="29.601904356189245" lon="106.31760027894883">
        <ele>255.68768310546875</ele>
        <time>2026-09-25T23:07:40Z</time>
        <extensions>
          <gpxtpx:TrackPointExtension>
            <gpxtpx:hr>142</gpxtpx:hr>
          </gpxtpx:TrackPointExtension>
        </extensions>
      </trkpt>
      <trkpt lat="29.60187535322267" lon="106.31774673185917">
        <ele>253.13189697265625</ele>
        <time>2026-09-25T23:07:46Z</time>
        <extensions>
          <gpxtpx:TrackPointExtension>
            <gpxtpx:hr>142</gpxtpx:hr>
          </gpxtpx:TrackPointExtension>
        </extensions>
      </trkpt>
      <trkpt lat="29.601882707211864" lon="106.31808489864734">
        <ele>252.89703369140625</ele>
        <time>2026-09-25T23:07:58Z</time>
        <extensions>
          <gpxtpx:TrackPointExtension>
            <gpxtpx:hr>141</gpxtpx:hr>
          </gpxtpx:TrackPointExtension>
        </extensions>
      </trkpt>
      <trkpt lat="29.601914796341816" lon="106.31842504649353">
        <ele>255.42138671875</ele>
        <time>2026-09-25T23:08:10Z</time>
        <extensions>
          <gpxtpx:TrackPointExtension>
            <gpxtpx:hr>140</gpxtpx:hr>
          </gpxtpx:TrackPointExtension>
        </extensions>
      </trkpt>
      <trkpt lat="29.601919899368" lon="106.31850286610914">
        <ele>255.623046875</ele>
        <time>2026-09-25T23:08:13Z</time>
        <extensions>
          <gpxtpx:TrackPointExtension>
            <gpxtpx:hr>140</gpxtpx:hr>
          </gpxtpx:TrackPointExtension>
        </extensions>
      </trkpt>
      <trkpt lat="29.601867299099837" lon="106.31882607186199">
        <ele>254.3775634765625</ele>
        <time>2026-09-25T23:08:25Z</time>
        <extensions>
          <gpxtpx:TrackPointExtension>
            <gpxtpx:hr>139</gpxtpx:hr>
          </gpxtpx:TrackPointExtension>
        </extensions>
      </trkpt>
      <trkpt lat="29.601872676792176" lon="106.31915126859431">
        <ele>252.99761962890625</ele>
        <time>2026-09-25T23:08:37Z</time>
        <extensions>
          <gpxtpx:TrackPointExtension>
            <gpxtpx:hr>139</gpxtpx:hr>
          </gpxtpx:TrackPointExtension>
        </extensions>
      </trkpt>
      <trkpt lat="29.60185456997335" lon="106.31921012430621">
        <ele>250.28631591796875</ele>
        <time>2026-09-25T23:08:40Z</time>
        <extensions>
          <gpxtpx:TrackPointExtension>
            <gpxtpx:hr>138</gpxtpx:hr>
          </gpxtpx:TrackPointExtension>
        </extensions>
      </trkpt>
      <trkpt lat="29.601890880496658" lon="106.31956524451859">
        <ele>254.7232666015625</ele>
        <time>2026-09-25T23:08:52Z</time>
        <extensions>
          <gpxtpx:TrackPointExtension>
            <gpxtpx:hr>138</gpxtpx:hr>
          </gpxtpx:TrackPointExtension>
        </extensions>
      </trkpt>
      <trkpt lat="29.601904226210788" lon="106.31990540249512">
        <ele>254.4635009765625</ele>
        <time>2026-09-25T23:09:04Z</time>
        <extensions>
          <gpxtpx:TrackPointExtension>
            <gpxtpx:hr>142</gpxtpx:hr>
          </gpxtpx:TrackPointExtension>
        </extensions>
      </trkpt>
      <trkpt lat="29.60191705441904" lon="106.31999318454193">
        <ele>252.55731201171875</ele>
        <time>2026-09-25T23:09:07Z</time>
        <extensions>
          <gpxtpx:TrackPointExtension>
            <gpxtpx:hr>143</gpxtpx:hr>
          </gpxtpx:TrackPointExtension>
        </extensions>
      </trkpt>
      <trkpt lat="29.601965536834285" lon="106.31995006785986">
        <ele>249.37744140625</ele>
        <time>2026-09-25T23:09:13Z</time>
        <extensions>
          <gpxtpx:TrackPointExtension>
            <gpxtpx:hr>144</gpxtpx:hr>
          </gpxtpx:TrackPointExtension>
        </extensions>
      </trkpt>
      <trkpt lat="29.60220214251169" lon="106.31990139439266">
        <ele>250.835693359375</ele>
        <time>2026-09-25T23:09:22Z</time>
        <extensions>
          <gpxtpx:TrackPointExtension>
            <gpxtpx:hr>144</gpxtpx:hr>
          </gpxtpx:TrackPointExtension>
        </extensions>
      </trkpt>
      <trkpt lat="29.6022880971084" lon="106.31991136452942">
        <ele>251.3336181640625</ele>
        <time>2026-09-25T23:09:25Z</time>
        <extensions>
          <gpxtpx:TrackPointExtension>
            <gpxtpx:hr>144</gpxtpx:hr>
          </gpxtpx:TrackPointExtension>
        </extensions>
      </trkpt>
      <trkpt lat="29.602353103903447" lon="106.31989739515592">
        <ele>251.25762939453125</ele>
        <time>2026-09-25T23:09:28Z</time>
        <extensions>
          <gpxtpx:TrackPointExtension>
            <gpxtpx:hr>144</gpxtpx:hr>
          </gpxtpx:TrackPointExtension>
        </extensions>
      </trkpt>
      <trkpt lat="29.602433310105315" lon="106.31977668887558">
        <ele>249.852294921875</ele>
        <time>2026-09-25T23:09:34Z</time>
        <extensions>
          <gpxtpx:TrackPointExtension>
            <gpxtpx:hr>143</gpxtpx:hr>
          </gpxtpx:TrackPointExtension>
        </extensions>
      </trkpt>
      <trkpt lat="29.60244158403175" lon="106.31963204605978">
        <ele>248.17718505859375</ele>
        <time>2026-09-25T23:09:40Z</time>
        <extensions>
          <gpxtpx:TrackPointExtension>
            <gpxtpx:hr>141</gpxtpx:hr>
          </gpxtpx:TrackPointExtension>
        </extensions>
      </trkpt>
      <trkpt lat="29.602478690861588" lon="106.31957019673014">
        <ele>249.7880859375</ele>
        <time>2026-09-25T23:09:43Z</time>
        <extensions>
          <gpxtpx:TrackPointExtension>
            <gpxtpx:hr>141</gpxtpx:hr>
          </gpxtpx:TrackPointExtension>
        </extensions>
      </trkpt>
      <trkpt lat="29.60260473044562" lon="106.31952929023369">
        <ele>253.5977783203125</ele>
        <time>2026-09-25T23:09:49Z</time>
        <extensions>
          <gpxtpx:TrackPointExtension>
            <gpxtpx:hr>142</gpxtpx:hr>
          </gpxtpx:TrackPointExtension>
        </extensions>
      </trkpt>
      <trkpt lat="29.60271469109879" lon="106.31953227620285">
        <ele>252.07080078125</ele>
        <time>2026-09-25T23:09:55Z</time>
        <extensions>
          <gpxtpx:TrackPointExtension>
            <gpxtpx:hr>142</gpxtpx:hr>
          </gpxtpx:TrackPointExtension>
        </extensions>
      </trkpt>
      <trkpt lat="29.602757727495547" lon="106.31950633771928">
        <ele>250.85040283203125</ele>
        <time>2026-09-25T23:09:58Z</time>
        <extensions>
          <gpxtpx:TrackPointExtension>
            <gpxtpx:hr>142</gpxtpx:hr>
          </gpxtpx:TrackPointExtension>
        </extensions>
      </trkpt>
      <trkpt lat="29.602862219535307" lon="106.31923200931651">
        <ele>250.62860107421875</ele>
        <time>2026-09-25T23:10:07Z</time>
        <extensions>
          <gpxtpx:TrackPointExtension>
            <gpxtpx:hr>142</gpxtpx:hr>
          </gpxtpx:TrackPointExtension>
        </extensions>
      </trkpt>
      <trkpt lat="29.60290272512752" lon="106.31896067698271">
        <ele>246.58172607421875</ele>
        <time>2026-09-25T23:10:16Z</time>
        <extensions>
          <gpxtpx:TrackPointExtension>
            <gpxtpx:hr>144</gpxtpx:hr>
          </gpxtpx:TrackPointExtension>
        </extensions>
      </trkpt>
      <trkpt lat="29.60288519677457" lon="106.3187162812788">
        <ele>244.5440673828125</ele>
        <time>2026-09-25T23:10:25Z</time>
        <extensions>
          <gpxtpx:TrackPointExtension>
            <gpxtpx:hr>144</gpxtpx:hr>
          </gpxtpx:TrackPointExtension>
        </extensions>
      </trkpt>
      <trkpt lat="29.602847345324843" lon="106.31864446077422">
        <ele>243.18499755859375</ele>
        <time>2026-09-25T23:10:28Z</time>
        <extensions>
          <gpxtpx:TrackPointExtension>
            <gpxtpx:hr>145</gpxtpx:hr>
          </gpxtpx:TrackPointExtension>
        </extensions>
      </trkpt>
      <trkpt lat="29.602880918889895" lon="106.31833821402189">
        <ele>251.94757080078125</ele>
        <time>2026-09-25T23:10:37Z</time>
        <extensions>
          <gpxtpx:TrackPointExtension>
            <gpxtpx:hr>143</gpxtpx:hr>
          </gpxtpx:TrackPointExtension>
        </extensions>
      </trkpt>
      <trkpt lat="29.602859311301554" lon="106.3181357144239">
        <ele>252.992431640625</ele>
        <time>2026-09-25T23:10:43Z</time>
        <extensions>
          <gpxtpx:TrackPointExtension>
            <gpxtpx:hr>143</gpxtpx:hr>
          </gpxtpx:TrackPointExtension>
        </extensions>
      </trkpt>
      <trkpt lat="29.60291075715267" lon="106.31789330842463">
        <ele>248.0421142578125</ele>
        <time>2026-09-25T23:10:52Z</time>
        <extensions>
          <gpxtpx:TrackPointExtension>
            <gpxtpx:hr>142</gpxtpx:hr>
          </gpxtpx:TrackPointExtension>
        </extensions>
      </trkpt>
      <trkpt lat="29.60290345592855" lon="106.31752720992799">
        <ele>249.7734375</ele>
        <time>2026-09-25T23:11:04Z</time>
        <extensions>
          <gpxtpx:TrackPointExtension>
            <gpxtpx:hr>140</gpxtpx:hr>
          </gpxtpx:TrackPointExtension>
        </extensions>
      </trkpt>
      <trkpt lat="29.602925936412767" lon="106.31727083901734">
        <ele>251.43804931640625</ele>
        <time>2026-09-25T23:11:13Z</time>
        <extensions>
          <gpxtpx:TrackPointExtension>
            <gpxtpx:hr>143</gpxtpx:hr>
          </gpxtpx:TrackPointExtension>
        </extensions>
      </trkpt>
      <trkpt lat="29.60294304301886" lon="106.31721198265348">
        <ele>250.259033203125</ele>
        <time>2026-09-25T23:11:16Z</time>
        <extensions>
          <gpxtpx:TrackPointExtension>
            <gpxtpx:hr>144</gpxtpx:hr>
          </gpxtpx:TrackPointExtension>
        </extensions>
      </trkpt>
      <trkpt lat="29.60294573739381" lon="106.31684588180606">
        <ele>246.0380859375</ele>
        <time>2026-09-25T23:11:31Z</time>
        <extensions>
          <gpxtpx:TrackPointExtension>
            <gpxtpx:hr>144</gpxtpx:hr>
          </gpxtpx:TrackPointExtension>
        </extensions>
      </trkpt>
      <trkpt lat="29.60294602879313" lon="106.3166922588618">
        <ele>250.937255859375</ele>
        <time>2026-09-25T23:11:37Z</time>
        <extensions>
          <gpxtpx:TrackPointExtension>
            <gpxtpx:hr>142</gpxtpx:hr>
          </gpxtpx:TrackPointExtension>
        </extensions>
      </trkpt>
      <trkpt lat="29.60291423149426" lon="106.31659051042872">
        <ele>255.28515625</ele>
        <time>2026-09-25T23:11:40Z</time>
        <extensions>
          <gpxtpx:TrackPointExtension>
            <gpxtpx:hr>143</gpxtpx:hr>
          </gpxtpx:TrackPointExtension>
        </extensions>
      </trkpt>
      <trkpt lat="29.602818523632592" lon="106.31645185627688">
        <ele>252.42626953125</ele>
        <time>2026-09-25T23:11:46Z</time>
        <extensions>
          <gpxtpx:TrackPointExtension>
            <gpxtpx:hr>143</gpxtpx:hr>
          </gpxtpx:TrackPointExtension>
        </extensions>
      </trkpt>
      <trkpt lat="29.602753620993234" lon="106.31641096047017">
        <ele>253.0457763671875</ele>
        <time>2026-09-25T23:11:49Z</time>
        <extensions>
          <gpxtpx:TrackPointExtension>
            <gpxtpx:hr>143</gpxtpx:hr>
          </gpxtpx:TrackPointExtension>
        </extensions>
      </trkpt>
      <trkpt lat="29.602674686721194" lon="106.3163890190305">
        <ele>251.10003662109375</ele>
        <time>2026-09-25T23:11:52Z</time>
        <extensions>
          <gpxtpx:TrackPointExtension>
            <gpxtpx:hr>143</gpxtpx:hr>
          </gpxtpx:TrackPointExtension>
        </extensions>
      </trkpt>
      <trkpt lat="29.602605692699164" lon="106.31639700362186">
        <ele>251.5499267578125</ele>
        <time>2026-09-25T23:11:55Z</time>
        <extensions>
          <gpxtpx:TrackPointExtension>
            <gpxtpx:hr>144</gpxtpx:hr>
          </gpxtpx:TrackPointExtension>
        </extensions>
      </trkpt>
      <trkpt lat="29.602559568783068" lon="106.31646982784662">
        <ele>251.112548828125</ele>
        <time>2026-09-25T23:11:58Z</time>
        <extensions>
          <gpxtpx:TrackPointExtension>
            <gpxtpx:hr>144</gpxtpx:hr>
          </gpxtpx:TrackPointExtension>
        </extensions>
      </trkpt>
      <trkpt lat="29.602519303061744" lon="106.31661647059357">
        <ele>250.685302734375</ele>
        <time>2026-09-25T23:12:04Z</time>
        <extensions>
          <gpxtpx:TrackPointExtension>
            <gpxtpx:hr>143</gpxtpx:hr>
          </gpxtpx:TrackPointExtension>
        </extensions>
      </trkpt>
      <trkpt lat="29.60252493987995" lon="106.31680700266993">
        <ele>252.30841064453125</ele>
        <time>2026-09-25T23:12:10Z</time>
        <extensions>
          <gpxtpx:TrackPointExtension>
            <gpxtpx:hr>143</gpxtpx:hr>
          </gpxtpx:TrackPointExtension>
        </extensions>
      </trkpt>
      <trkpt lat="29.6025634811784" lon="106.31704242222384">
        <ele>250.71417236328125</ele>
        <time>2026-09-25T23:12:19Z</time>
        <extensions>
          <gpxtpx:TrackPointExtension>
            <gpxtpx:hr>143</gpxtpx:hr>
          </gpxtpx:TrackPointExtension>
        </extensions>
      </trkpt>
      <trkpt lat="29.602535078662626" lon="106.31725889199811">
        <ele>249.04510498046875</ele>
        <time>2026-09-25T23:12:28Z</time>
        <extensions>
          <gpxtpx:TrackPointExtension>
            <gpxtpx:hr>143</gpxtpx:hr>
          </gpxtpx:TrackPointExtension>
        </extensions>
      </trkpt>
      <trkpt lat="29.602479940081857" lon="106.31734069422538">
        <ele>247.3701171875</ele>
        <time>2026-09-25T23:12:31Z</time>
        <extensions>
          <gpxtpx:TrackPointExtension>
            <gpxtpx:hr>144</gpxtpx:hr>
          </gpxtpx:TrackPointExtension>
        </extensions>
      </trkpt>
      <trkpt lat="29.60232180455634" lon="106.31743746581382">
        <ele>244.45196533203125</ele>
        <time>2026-09-25T23:12:37Z</time>
        <extensions>
          <gpxtpx:TrackPointExtension>
            <gpxtpx:hr>146</gpxtpx:hr>
          </gpxtpx:TrackPointExtension>
        </extensions>
      </trkpt>
      <trkpt lat="29.601993721105025" lon="106.31753424758072">
        <ele>251.31842041015625</ele>
        <time>2026-09-25T23:12:49Z</time>
        <extensions>
          <gpxtpx:TrackPointExtension>
            <gpxtpx:hr>149</gpxtpx:hr>
          </gpxtpx:TrackPointExtension>
        </extensions>
      </trkpt>
      <trkpt lat="29.601929619342247" lon="106.31759809437409">
        <ele>252.950927734375</ele>
        <time>2026-09-25T23:12:52Z</time>
        <extensions>
          <gpxtpx:TrackPointExtension>
            <gpxtpx:hr>149</gpxtpx:hr>
          </gpxtpx:TrackPointExtension>
        </extensions>
      </trkpt>
      <trkpt lat="29.60187844717392" lon="106.31769685443612">
        <ele>256.0504150390625</ele>
        <time>2026-09-25T23:12:55Z</time>
        <extensions>
          <gpxtpx:TrackPointExtension>
            <gpxtpx:hr>152</gpxtpx:hr>
          </gpxtpx:TrackPointExtension>
        </extensions>
      </trkpt>
      <trkpt lat="29.601888783236266" lon="106.31804399903884">
        <ele>252.60986328125</ele>
        <time>2026-09-25T23:13:07Z</time>
        <extensions>
          <gpxtpx:TrackPointExtension>
            <gpxtpx:hr>157</gpxtpx:hr>
          </gpxtpx:TrackPointExtension>
        </extensions>
      </trkpt>
      <trkpt lat="29.60186216236912" lon="106.31837418690826">
        <ele>249.4749755859375</ele>
        <time>2026-09-25T23:13:19Z</time>
        <extensions>
          <gpxtpx:TrackPointExtension>
            <gpxtpx:hr>154</gpxtpx:hr>
          </gpxtpx:TrackPointExtension>
        </extensions>
      </trkpt>
      <trkpt lat="29.601850591557053" lon="106.318675444582">
        <ele>252.851806640625</ele>
        <time>2026-09-25T23:13:31Z</time>
        <extensions>
          <gpxtpx:TrackPointExtension>
            <gpxtpx:hr>154</gpxtpx:hr>
          </gpxtpx:TrackPointExtension>
        </extensions>
      </trkpt>
      <trkpt lat="29.601874019129077" lon="106.31897171192922">
        <ele>252.4996337890625</ele>
        <time>2026-09-25T23:13:40Z</time>
        <extensions>
          <gpxtpx:TrackPointExtension>
            <gpxtpx:hr>151</gpxtpx:hr>
          </gpxtpx:TrackPointExtension>
        </extensions>
      </trkpt>
      <trkpt lat="29.601839536489802" lon="106.31923007592728">
        <ele>251.4609375</ele>
        <time>2026-09-25T23:13:49Z</time>
        <extensions>
          <gpxtpx:TrackPointExtension>
            <gpxtpx:hr>149</gpxtpx:hr>
          </gpxtpx:TrackPointExtension>
        </extensions>
      </trkpt>
      <trkpt lat="29.601886767385107" lon="106.31962509679315">
        <ele>255.7093505859375</ele>
        <time>2026-09-25T23:14:01Z</time>
        <extensions>
          <gpxtpx:TrackPointExtension>
            <gpxtpx:hr>148</gpxtpx:hr>
          </gpxtpx:TrackPointExtension>
        </extensions>
      </trkpt>
      <trkpt lat="29.60191110774737" lon="106.3199662515391">
        <ele>254.12408447265625</ele>
        <time>2026-09-25T23:14:13Z</time>
        <extensions>
          <gpxtpx:TrackPointExtension>
            <gpxtpx:hr>148</gpxtpx:hr>
          </gpxtpx:TrackPointExtension>
        </extensions>
      </trkpt>
      <trkpt lat="29.602095140969446" lon="106.3199193564283">
        <ele>248.79107666015625</ele>
        <time>2026-09-25T23:14:25Z</time>
        <extensions>
          <gpxtpx:TrackPointExtension>
            <gpxtpx:hr>145</gpxtpx:hr>
          </gpxtpx:TrackPointExtension>
        </extensions>
      </trkpt>
      <trkpt lat="29.602368217319075" lon="106.31989420523493">
        <ele>252.89019775390625</ele>
        <time>2026-09-25T23:14:34Z</time>
        <extensions>
          <gpxtpx:TrackPointExtension>
            <gpxtpx:hr>146</gpxtpx:hr>
          </gpxtpx:TrackPointExtension>
        </extensions>
      </trkpt>
      <trkpt lat="29.602410206573232" lon="106.31983454716742">
        <ele>252.958740234375</ele>
        <time>2026-09-25T23:14:37Z</time>
        <extensions>
          <gpxtpx:TrackPointExtension>
            <gpxtpx:hr>147</gpxtpx:hr>
          </gpxtpx:TrackPointExtension>
        </extensions>
      </trkpt>
      <trkpt lat="29.602420702892115" lon="106.31957319282976">
        <ele>253.965087890625</ele>
        <time>2026-09-25T23:14:46Z</time>
        <extensions>
          <gpxtpx:TrackPointExtension>
            <gpxtpx:hr>147</gpxtpx:hr>
          </gpxtpx:TrackPointExtension>
        </extensions>
      </trkpt>
      <trkpt lat="29.602465753909208" lon="106.31953927395769">
        <ele>250.88037109375</ele>
        <time>2026-09-25T23:14:49Z</time>
        <extensions>
          <gpxtpx:TrackPointExtension>
            <gpxtpx:hr>148</gpxtpx:hr>
          </gpxtpx:TrackPointExtension>
        </extensions>
      </trkpt>
      <trkpt lat="29.602737703122653" lon="106.31952229947376">
        <ele>251.7548828125</ele>
        <time>2026-09-25T23:15:01Z</time>
        <extensions>
          <gpxtpx:TrackPointExtension>
            <gpxtpx:hr>147</gpxtpx:hr>
          </gpxtpx:TrackPointExtension>
        </extensions>
      </trkpt>
      <trkpt lat="29.602778757278116" lon="106.31948738330001">
        <ele>248.6842041015625</ele>
        <time>2026-09-25T23:15:04Z</time>
        <extensions>
          <gpxtpx:TrackPointExtension>
            <gpxtpx:hr>146</gpxtpx:hr>
          </gpxtpx:TrackPointExtension>
        </extensions>
      </trkpt>
      <trkpt lat="29.60285908904855" lon="106.31930083945109">
        <ele>247.853515625</ele>
        <time>2026-09-25T23:15:10Z</time>
        <extensions>
          <gpxtpx:TrackPointExtension>
            <gpxtpx:hr>145</gpxtpx:hr>
          </gpxtpx:TrackPointExtension>
        </extensions>
      </trkpt>
      <trkpt lat="29.602920732951816" lon="106.3189536931368">
        <ele>248.1240234375</ele>
        <time>2026-09-25T23:15:22Z</time>
        <extensions>
          <gpxtpx:TrackPointExtension>
            <gpxtpx:hr>146</gpxtpx:hr>
          </gpxtpx:TrackPointExtension>
        </extensions>
      </trkpt>
      <trkpt lat="29.6029077412669" lon="106.31884834766369">
        <ele>248.3594970703125</ele>
        <time>2026-09-25T23:15:25Z</time>
        <extensions>
          <gpxtpx:TrackPointExtension>
            <gpxtpx:hr>147</gpxtpx:hr>
          </gpxtpx:TrackPointExtension>
        </extensions>
      </trkpt>
      <trkpt lat="29.602904549265478" lon="106.31866642760647">
        <ele>248.09619140625</ele>
        <time>2026-09-25T23:15:31Z</time>
        <extensions>
          <gpxtpx:TrackPointExtension>
            <gpxtpx:hr>150</gpxtpx:hr>
          </gpxtpx:TrackPointExtension>
        </extensions>
      </trkpt>
      <trkpt lat="29.602869559706974" lon="106.31854723667288">
        <ele>249.2581787109375</ele>
        <time>2026-09-25T23:15:34Z</time>
        <extensions>
          <gpxtpx:TrackPointExtension>
            <gpxtpx:hr>149</gpxtpx:hr>
          </gpxtpx:TrackPointExtension>
        </extensions>
      </trkpt>
      <trkpt lat="29.602906354322684" lon="106.31836600761933">
        <ele>251.4239501953125</ele>
        <time>2026-09-25T23:15:40Z</time>
        <extensions>
          <gpxtpx:TrackPointExtension>
            <gpxtpx:hr>149</gpxtpx:hr>
          </gpxtpx:TrackPointExtension>
        </extensions>
      </trkpt>
      <trkpt lat="29.60289550541992" lon="106.31802797766727">
        <ele>250.6060791015625</ele>
        <time>2026-09-25T23:15:52Z</time>
        <extensions>
          <gpxtpx:TrackPointExtension>
            <gpxtpx:hr>148</gpxtpx:hr>
          </gpxtpx:TrackPointExtension>
        </extensions>
      </trkpt>
      <trkpt lat="29.602903652978604" lon="106.31794917128272">
        <ele>251.0308837890625</ele>
        <time>2026-09-25T23:15:55Z</time>
        <extensions>
          <gpxtpx:TrackPointExtension>
            <gpxtpx:hr>149</gpxtpx:hr>
          </gpxtpx:TrackPointExtension>
        </extensions>
      </trkpt>
      <trkpt lat="29.602882832142456" lon="106.31785839607896">
        <ele>250.45233154296875</ele>
        <time>2026-09-25T23:15:58Z</time>
        <extensions>
          <gpxtpx:TrackPointExtension>
            <gpxtpx:hr>148</gpxtpx:hr>
          </gpxtpx:TrackPointExtension>
        </extensions>
      </trkpt>
      <trkpt lat="29.602904136951516" lon="106.31769479752279">
        <ele>251.60906982421875</ele>
        <time>2026-09-25T23:16:04Z</time>
        <extensions>
          <gpxtpx:TrackPointExtension>
            <gpxtpx:hr>146</gpxtpx:hr>
          </gpxtpx:TrackPointExtension>
        </extensions>
      </trkpt>
      <trkpt lat="29.60288432707336" lon="106.31759803683133">
        <ele>250.846923828125</ele>
        <time>2026-09-25T23:16:07Z</time>
        <extensions>
          <gpxtpx:TrackPointExtension>
            <gpxtpx:hr>146</gpxtpx:hr>
          </gpxtpx:TrackPointExtension>
        </extensions>
      </trkpt>
      <trkpt lat="29.602904692634" lon="106.31740251654705">
        <ele>254.216064453125</ele>
        <time>2026-09-25T23:16:13Z</time>
        <extensions>
          <gpxtpx:TrackPointExtension>
            <gpxtpx:hr>146</gpxtpx:hr>
          </gpxtpx:TrackPointExtension>
        </extensions>
      </trkpt>
      <trkpt lat="29.602899725862276" lon="106.31731337150077">
        <ele>254.67047119140625</ele>
        <time>2026-09-25T23:16:16Z</time>
        <extensions>
          <gpxtpx:TrackPointExtension>
            <gpxtpx:hr>146</gpxtpx:hr>
          </gpxtpx:TrackPointExtension>
        </extensions>
      </trkpt>
      <trkpt lat="29.60293920148319" lon="106.31712918635769">
        <ele>248.6058349609375</ele>
        <time>2026-09-25T23:16:25Z</time>
        <extensions>
          <gpxtpx:TrackPointExtension>
            <gpxtpx:hr>147</gpxtpx:hr>
          </gpxtpx:TrackPointExtension>
        </extensions>
      </trkpt>
      <trkpt lat="29.602954522632324" lon="106.31695760693054">
        <ele>246.43109130859375</ele>
        <time>2026-09-25T23:16:31Z</time>
        <extensions>
          <gpxtpx:TrackPointExtension>
            <gpxtpx:hr>147</gpxtpx:hr>
          </gpxtpx:TrackPointExtension>
        </extensions>
      </trkpt>
      <trkpt lat="29.60294904111908" lon="106.31668527581577">
        <ele>248.27197265625</ele>
        <time>2026-09-25T23:16:40Z</time>
        <extensions>
          <gpxtpx:TrackPointExtension>
            <gpxtpx:hr>146</gpxtpx:hr>
          </gpxtpx:TrackPointExtension>
        </extensions>
      </trkpt>
      <trkpt lat="29.602927259672388" lon="106.31657355124459">
        <ele>250.3504638671875</ele>
        <time>2026-09-25T23:16:43Z</time>
        <extensions>
          <gpxtpx:TrackPointExtension>
            <gpxtpx:hr>146</gpxtpx:hr>
          </gpxtpx:TrackPointExtension>
        </extensions>
      </trkpt>
      <trkpt lat="29.602884441085614" lon="106.3164847715803">
        <ele>251.31317138671875</ele>
        <time>2026-09-25T23:16:46Z</time>
        <extensions>
          <gpxtpx:TrackPointExtension>
            <gpxtpx:hr>147</gpxtpx:hr>
          </gpxtpx:TrackPointExtension>
        </extensions>
      </trkpt>
      <trkpt lat="29.602814581561322" lon="106.31642192989369">
        <ele>250.562255859375</ele>
        <time>2026-09-25T23:16:49Z</time>
        <extensions>
          <gpxtpx:TrackPointExtension>
            <gpxtpx:hr>147</gpxtpx:hr>
          </gpxtpx:TrackPointExtension>
        </extensions>
      </trkpt>
      <trkpt lat="29.602668713124032" lon="106.31637605118249">
        <ele>248.9202880859375</ele>
        <time>2026-09-25T23:16:55Z</time>
        <extensions>
          <gpxtpx:TrackPointExtension>
            <gpxtpx:hr>149</gpxtpx:hr>
          </gpxtpx:TrackPointExtension>
        </extensions>
      </trkpt>
      <trkpt lat="29.602610711959496" lon="106.31638603022127">
        <ele>247.3846435546875</ele>
        <time>2026-09-25T23:16:58Z</time>
        <extensions>
          <gpxtpx:TrackPointExtension>
            <gpxtpx:hr>150</gpxtpx:hr>
          </gpxtpx:TrackPointExtension>
        </extensions>
      </trkpt>
      <trkpt lat="29.602570499250344" lon="106.31650474156538">
        <ele>244.52001953125</ele>
        <time>2026-09-25T23:17:04Z</time>
        <extensions>
          <gpxtpx:TrackPointExtension>
            <gpxtpx:hr>150</gpxtpx:hr>
          </gpxtpx:TrackPointExtension>
        </extensions>
      </trkpt>
      <trkpt lat="29.60256619789611" lon="106.31666435028615">
        <ele>243.62042236328125</ele>
        <time>2026-09-25T23:17:10Z</time>
        <extensions>
          <gpxtpx:TrackPointExtension>
            <gpxtpx:hr>151</gpxtpx:hr>
          </gpxtpx:TrackPointExtension>
        </extensions>
      </trkpt>
      <trkpt lat="29.6025450737857" lon="106.31673318264774">
        <ele>245.828369140625</ele>
        <time>2026-09-25T23:17:13Z</time>
        <extensions>
          <gpxtpx:TrackPointExtension>
            <gpxtpx:hr>150</gpxtpx:hr>
          </gpxtpx:TrackPointExtension>
        </extensions>
      </trkpt>
      <trkpt lat="29.602551740456665" lon="106.316907753688">
        <ele>248.3687744140625</ele>
        <time>2026-09-25T23:17:19Z</time>
        <extensions>
          <gpxtpx:TrackPointExtension>
            <gpxtpx:hr>148</gpxtpx:hr>
          </gpxtpx:TrackPointExtension>
        </extensions>
      </trkpt>
      <trkpt lat="29.602579284985154" lon="106.31714317372973">
        <ele>247.52813720703125</ele>
        <time>2026-09-25T23:17:28Z</time>
        <extensions>
          <gpxtpx:TrackPointExtension>
            <gpxtpx:hr>143</gpxtpx:hr>
          </gpxtpx:TrackPointExtension>
        </extensions>
      </trkpt>
      <trkpt lat="29.60250793151564" lon="106.31734069253844">
        <ele>249.11505126953125</ele>
        <time>2026-09-25T23:17:37Z</time>
        <extensions>
          <gpxtpx:TrackPointExtension>
            <gpxtpx:hr>143</gpxtpx:hr>
          </gpxtpx:TrackPointExtension>
        </extensions>
      </trkpt>
      <trkpt lat="29.60240875707073" lon="106.3174484335861">
        <ele>248.52764892578125</ele>
        <time>2026-09-25T23:17:43Z</time>
        <extensions>
          <gpxtpx:TrackPointExtension>
            <gpxtpx:hr>142</gpxtpx:hr>
          </gpxtpx:TrackPointExtension>
        </extensions>
      </trkpt>
      <trkpt lat="29.602083685935565" lon="106.31753823234246">
        <ele>249.756591796875</ele>
        <time>2026-09-25T23:17:58Z</time>
        <extensions>
          <gpxtpx:TrackPointExtension>
            <gpxtpx:hr>140</gpxtpx:hr>
          </gpxtpx:TrackPointExtension>
        </extensions>
      </trkpt>
      <trkpt lat="29.60200267662298" lon="106.31755619305125">
        <ele>251.55029296875</ele>
        <time>2026-09-25T23:18:01Z</time>
        <extensions>
          <gpxtpx:TrackPointExtension>
            <gpxtpx:hr>139</gpxtpx:hr>
          </gpxtpx:TrackPointExtension>
        </extensions>
      </trkpt>
      <trkpt lat="29.60193562319291" lon="106.3175951013755">
        <ele>251.946533203125</ele>
        <time>2026-09-25T23:18:04Z</time>
        <extensions>
          <gpxtpx:TrackPointExtension>
            <gpxtpx:hr>139</gpxtpx:hr>
          </gpxtpx:TrackPointExtension>
        </extensions>
      </trkpt>
      <trkpt lat="29.601903515395183" lon="106.31765695112391">
        <ele>251.6435546875</ele>
        <time>2026-09-25T23:18:07Z</time>
        <extensions>
          <gpxtpx:TrackPointExtension>
            <gpxtpx:hr>139</gpxtpx:hr>
          </gpxtpx:TrackPointExtension>
        </extensions>
      </trkpt>
      <trkpt lat="29.60189225692088" lon="106.31779461297177">
        <ele>252.4068603515625</ele>
        <time>2026-09-25T23:18:13Z</time>
        <extensions>
          <gpxtpx:TrackPointExtension>
            <gpxtpx:hr>139</gpxtpx:hr>
          </gpxtpx:TrackPointExtension>
        </extensions>
      </trkpt>
      <trkpt lat="29.601882650232774" lon="106.31811482491884">
        <ele>251.1339111328125</ele>
        <time>2026-09-25T23:18:25Z</time>
        <extensions>
          <gpxtpx:TrackPointExtension>
            <gpxtpx:hr>141</gpxtpx:hr>
          </gpxtpx:TrackPointExtension>
        </extensions>
      </trkpt>
      <trkpt lat="29.60187431286359" lon="106.31828236581067">
        <ele>251.24609375</ele>
        <time>2026-09-25T23:18:31Z</time>
        <extensions>
          <gpxtpx:TrackPointExtension>
            <gpxtpx:hr>142</gpxtpx:hr>
          </gpxtpx:TrackPointExtension>
        </extensions>
      </trkpt>
      <trkpt lat="29.60190290692115" lon="106.31841815693946">
        <ele>252.53955078125</ele>
        <time>2026-09-25T23:18:37Z</time>
        <extensions>
          <gpxtpx:TrackPointExtension>
            <gpxtpx:hr>142</gpxtpx:hr>
          </gpxtpx:TrackPointExtension>
        </extensions>
      </trkpt>
      <trkpt lat="29.601879420981778" lon="106.31876023361757">
        <ele>252.25689697265625</ele>
        <time>2026-09-25T23:18:49Z</time>
        <extensions>
          <gpxtpx:TrackPointExtension>
            <gpxtpx:hr>139</gpxtpx:hr>
          </gpxtpx:TrackPointExtension>
        </extensions>
      </trkpt>
      <trkpt lat="29.601899689455287" lon="106.31914029406786">
        <ele>253.0787353515625</ele>
        <time>2026-09-25T23:19:04Z</time>
        <extensions>
          <gpxtpx:TrackPointExtension>
            <gpxtpx:hr>137</gpxtpx:hr>
          </gpxtpx:TrackPointExtension>
        </extensions>
      </trkpt>
      <trkpt lat="29.601914046831507" lon="106.31947446751317">
        <ele>251.866943359375</ele>
        <time>2026-09-25T23:19:16Z</time>
        <extensions>
          <gpxtpx:TrackPointExtension>
            <gpxtpx:hr>138</gpxtpx:hr>
          </gpxtpx:TrackPointExtension>
        </extensions>
      </trkpt>
      <trkpt lat="29.60190278153591" lon="106.31961512049064">
        <ele>255.2935791015625</ele>
        <time>2026-09-25T23:19:22Z</time>
        <extensions>
          <gpxtpx:TrackPointExtension>
            <gpxtpx:hr>140</gpxtpx:hr>
          </gpxtpx:TrackPointExtension>
        </extensions>
      </trkpt>
      <trkpt lat="29.60191963529074" lon="106.3196889369522">
        <ele>254.232421875</ele>
        <time>2026-09-25T23:19:25Z</time>
        <extensions>
          <gpxtpx:TrackPointExtension>
            <gpxtpx:hr>139</gpxtpx:hr>
          </gpxtpx:TrackPointExtension>
        </extensions>
      </trkpt>
      <trkpt lat="29.601925112989257" lon="106.31996126303422">
        <ele>256.92999267578125</ele>
        <time>2026-09-25T23:19:34Z</time>
        <extensions>
          <gpxtpx:TrackPointExtension>
            <gpxtpx:hr>139</gpxtpx:hr>
          </gpxtpx:TrackPointExtension>
        </extensions>
      </trkpt>
      <trkpt lat="29.601953999212135" lon="106.32001612554421">
        <ele>256.44061279296875</ele>
        <time>2026-09-25T23:19:37Z</time>
        <extensions>
          <gpxtpx:TrackPointExtension>
            <gpxtpx:hr>139</gpxtpx:hr>
          </gpxtpx:TrackPointExtension>
        </extensions>
      </trkpt>
      <trkpt lat="29.602012107294037" lon="106.31995028493347">
        <ele>254.37152099609375</ele>
        <time>2026-09-25T23:19:43Z</time>
        <extensions>
          <gpxtpx:TrackPointExtension>
            <gpxtpx:hr>140</gpxtpx:hr>
          </gpxtpx:TrackPointExtension>
        </extensions>
      </trkpt>
      <trkpt lat="29.60215512830719" lon="106.31991636021262">
        <ele>252.5054931640625</ele>
        <time>2026-09-25T23:19:49Z</time>
        <extensions>
          <gpxtpx:TrackPointExtension>
            <gpxtpx:hr>140</gpxtpx:hr>
          </gpxtpx:TrackPointExtension>
        </extensions>
      </trkpt>
      <trkpt lat="29.602298046376784" lon="106.31993630223326">
        <ele>251.6046142578125</ele>
        <time>2026-09-25T23:19:55Z</time>
        <extensions>
          <gpxtpx:TrackPointExtension>
            <gpxtpx:hr>139</gpxtpx:hr>
          </gpxtpx:TrackPointExtension>
        </extensions>
      </trkpt>
      <trkpt lat="29.60234804632448" lon="106.3199283189597">
        <ele>251.57464599609375</ele>
        <time>2026-09-25T23:19:58Z</time>
        <extensions>
          <gpxtpx:TrackPointExtension>
            <gpxtpx:hr>140</gpxtpx:hr>
          </gpxtpx:TrackPointExtension>
        </extensions>
      </trkpt>
      <trkpt lat="29.602375324033176" lon="106.31985297196302">
        <ele>252.6182861328125</ele>
        <time>2026-09-25T23:20:01Z</time>
        <extensions>
          <gpxtpx:TrackPointExtension>
            <gpxtpx:hr>140</gpxtpx:hr>
          </gpxtpx:TrackPointExtension>
        </extensions>
      </trkpt>
      <trkpt lat="29.602417745731543" lon="106.31955124726177">
        <ele>255.50262451171875</ele>
        <time>2026-09-25T23:20:10Z</time>
        <extensions>
          <gpxtpx:TrackPointExtension>
            <gpxtpx:hr>142</gpxtpx:hr>
          </gpxtpx:TrackPointExtension>
        </extensions>
      </trkpt>
      <trkpt lat="29.602459782420713" lon="106.31952530884084">
        <ele>251.53765869140625</ele>
        <time>2026-09-25T23:20:13Z</time>
        <extensions>
          <gpxtpx:TrackPointExtension>
            <gpxtpx:hr>141</gpxtpx:hr>
          </gpxtpx:TrackPointExtension>
        </extensions>
      </trkpt>
      <trkpt lat="29.602724691852988" lon="106.31953028053144">
        <ele>255.130615234375</ele>
        <time>2026-09-25T23:20:25Z</time>
        <extensions>
          <gpxtpx:TrackPointExtension>
            <gpxtpx:hr>141</gpxtpx:hr>
          </gpxtpx:TrackPointExtension>
        </extensions>
      </trkpt>
      <trkpt lat="29.60281487164064" lon="106.319441593442">
        <ele>251.143798828125</ele>
        <time>2026-09-25T23:20:31Z</time>
        <extensions>
          <gpxtpx:TrackPointExtension>
            <gpxtpx:hr>142</gpxtpx:hr>
          </gpxtpx:TrackPointExtension>
        </extensions>
      </trkpt>
      <trkpt lat="29.60287704926772" lon="106.31931879400166">
        <ele>249.89666748046875</ele>
        <time>2026-09-25T23:20:34Z</time>
        <extensions>
          <gpxtpx:TrackPointExtension>
            <gpxtpx:hr>141</gpxtpx:hr>
          </gpxtpx:TrackPointExtension>
        </extensions>
      </trkpt>
      <trkpt lat="29.602892377930733" lon="106.31914422434153">
        <ele>249.0303955078125</ele>
        <time>2026-09-25T23:20:40Z</time>
        <extensions>
          <gpxtpx:TrackPointExtension>
            <gpxtpx:hr>142</gpxtpx:hr>
          </gpxtpx:TrackPointExtension>
        </extensions>
      </trkpt>
      <trkpt lat="29.602936667162844" lon="106.3189856133617">
        <ele>249.8670654296875</ele>
        <time>2026-09-25T23:20:46Z</time>
        <extensions>
          <gpxtpx:TrackPointExtension>
            <gpxtpx:hr>143</gpxtpx:hr>
          </gpxtpx:TrackPointExtension>
        </extensions>
      </trkpt>
      <trkpt lat="29.602939184085578" lon="106.31871428294623">
        <ele>246.6734619140625</ele>
        <time>2026-09-25T23:20:55Z</time>
        <extensions>
          <gpxtpx:TrackPointExtension>
            <gpxtpx:hr>142</gpxtpx:hr>
          </gpxtpx:TrackPointExtension>
        </extensions>
      </trkpt>
      <trkpt lat="29.602911346694444" lon="106.31863348398647">
        <ele>244.69561767578125</ele>
        <time>2026-09-25T23:20:58Z</time>
        <extensions>
          <gpxtpx:TrackPointExtension>
            <gpxtpx:hr>142</gpxtpx:hr>
          </gpxtpx:TrackPointExtension>
        </extensions>
      </trkpt>
      <trkpt lat="29.602903953687" lon="106.31843018540862">
        <ele>245.96087646484375</ele>
        <time>2026-09-25T23:21:04Z</time>
        <extensions>
          <gpxtpx:TrackPointExtension>
            <gpxtpx:hr>143</gpxtpx:hr>
          </gpxtpx:TrackPointExtension>
        </extensions>
      </trkpt>
      <trkpt lat="29.60292348547393" lon="106.31803396123658">
        <ele>248.8919677734375</ele>
        <time>2026-09-25T23:21:16Z</time>
        <extensions>
          <gpxtpx:TrackPointExtension>
            <gpxtpx:hr>145</gpxtpx:hr>
          </gpxtpx:TrackPointExtension>
        </extensions>
      </trkpt>
      <trkpt lat="29.602925815212238" lon="106.31786038857551">
        <ele>250.5137939453125</ele>
        <time>2026-09-25T23:21:22Z</time>
        <extensions>
          <gpxtpx:TrackPointExtension>
            <gpxtpx:hr>146</gpxtpx:hr>
          </gpxtpx:TrackPointExtension>
        </extensions>
      </trkpt>
      <trkpt lat="29.602909200601378" lon="106.31768081284572">
        <ele>252.4119873046875</ele>
        <time>2026-09-25T23:21:28Z</time>
        <extensions>
          <gpxtpx:TrackPointExtension>
            <gpxtpx:hr>146</gpxtpx:hr>
          </gpxtpx:TrackPointExtension>
        </extensions>
      </trkpt>
      <trkpt lat="29.60292431499121" lon="106.31757901397918">
        <ele>254.76837158203125</ele>
        <time>2026-09-25T23:21:31Z</time>
        <extensions>
          <gpxtpx:TrackPointExtension>
            <gpxtpx:hr>144</gpxtpx:hr>
          </gpxtpx:TrackPointExtension>
        </extensions>
      </trkpt>
      <trkpt lat="29.602915652726615" lon="106.31731637839076">
        <ele>253.8382568359375</ele>
        <time>2026-09-25T23:21:40Z</time>
        <extensions>
          <gpxtpx:TrackPointExtension>
            <gpxtpx:hr>145</gpxtpx:hr>
          </gpxtpx:TrackPointExtension>
        </extensions>
      </trkpt>
      <trkpt lat="29.60293395291963" lon="106.3172608630558">
        <ele>251.9757080078125</ele>
        <time>2026-09-25T23:21:43Z</time>
        <extensions>
          <gpxtpx:TrackPointExtension>
            <gpxtpx:hr>144</gpxtpx:hr>
          </gpxtpx:TrackPointExtension>
        </extensions>
      </trkpt>
      <trkpt lat="29.602944686595514" lon="106.31687281574084">
        <ele>247.49273681640625</ele>
        <time>2026-09-25T23:21:58Z</time>
        <extensions>
          <gpxtpx:TrackPointExtension>
            <gpxtpx:hr>145</gpxtpx:hr>
          </gpxtpx:TrackPointExtension>
        </extensions>
      </trkpt>
      <trkpt lat="29.60296702616364" lon="106.31669026249259">
        <ele>248.028564453125</ele>
        <time>2026-09-25T23:22:04Z</time>
        <extensions>
          <gpxtpx:TrackPointExtension>
            <gpxtpx:hr>140</gpxtpx:hr>
          </gpxtpx:TrackPointExtension>
        </extensions>
      </trkpt>
      <trkpt lat="29.60295718432021" lon="106.31660846379056">
        <ele>251.59844970703125</ele>
        <time>2026-09-25T23:22:07Z</time>
        <extensions>
          <gpxtpx:TrackPointExtension>
            <gpxtpx:hr>141</gpxtpx:hr>
          </gpxtpx:TrackPointExtension>
        </extensions>
      </trkpt>
      <trkpt lat="29.602924338116463" lon="106.3165326517428">
        <ele>254.1597900390625</ele>
        <time>2026-09-25T23:22:10Z</time>
        <extensions>
          <gpxtpx:TrackPointExtension>
            <gpxtpx:hr>143</gpxtpx:hr>
          </gpxtpx:TrackPointExtension>
        </extensions>
      </trkpt>
      <trkpt lat="29.602815573695217" lon="106.31642592005043">
        <ele>252.773193359375</ele>
        <time>2026-09-25T23:22:16Z</time>
        <extensions>
          <gpxtpx:TrackPointExtension>
            <gpxtpx:hr>144</gpxtpx:hr>
          </gpxtpx:TrackPointExtension>
        </extensions>
      </trkpt>
      <trkpt lat="29.602679670073016" lon="106.31639699916525">
        <ele>248.9337158203125</ele>
        <time>2026-09-25T23:22:22Z</time>
        <extensions>
          <gpxtpx:TrackPointExtension>
            <gpxtpx:hr>148</gpxtpx:hr>
          </gpxtpx:TrackPointExtension>
        </extensions>
      </trkpt>
      <trkpt lat="29.602612630076287" lon="106.3164289249388">
        <ele>248.6697998046875</ele>
        <time>2026-09-25T23:22:25Z</time>
        <extensions>
          <gpxtpx:TrackPointExtension>
            <gpxtpx:hr>147</gpxtpx:hr>
          </gpxtpx:TrackPointExtension>
        </extensions>
      </trkpt>
      <trkpt lat="29.602543348674438" lon="106.31658853766795">
        <ele>246.75738525390625</ele>
        <time>2026-09-25T23:22:34Z</time>
        <extensions>
          <gpxtpx:TrackPointExtension>
            <gpxtpx:hr>146</gpxtpx:hr>
          </gpxtpx:TrackPointExtension>
        </extensions>
      </trkpt>
      <trkpt lat="29.602548677008702" lon="106.3169416705835">
        <ele>251.1961669921875</ele>
        <time>2026-09-25T23:22:46Z</time>
        <extensions>
          <gpxtpx:TrackPointExtension>
            <gpxtpx:hr>145</gpxtpx:hr>
          </gpxtpx:TrackPointExtension>
        </extensions>
      </trkpt>
      <trkpt lat="29.60256753676569" lon="106.31701249549245">
        <ele>252.4224853515625</ele>
        <time>2026-09-25T23:22:49Z</time>
        <extensions>
          <gpxtpx:TrackPointExtension>
            <gpxtpx:hr>144</gpxtpx:hr>
          </gpxtpx:TrackPointExtension>
        </extensions>
      </trkpt>
      <trkpt lat="29.602548108794895" lon="106.31724093534949">
        <ele>252.08197021484375</ele>
        <time>2026-09-25T23:22:58Z</time>
        <extensions>
          <gpxtpx:TrackPointExtension>
            <gpxtpx:hr>144</gpxtpx:hr>
          </gpxtpx:TrackPointExtension>
        </extensions>
      </trkpt>
      <trkpt lat="29.602530000598247" lon="106.31730078930981">
        <ele>252.17877197265625</ele>
        <time>2026-09-25T23:23:01Z</time>
        <extensions>
          <gpxtpx:TrackPointExtension>
            <gpxtpx:hr>144</gpxtpx:hr>
          </gpxtpx:TrackPointExtension>
        </extensions>
      </trkpt>
      <trkpt lat="29.602485885172243" lon="106.31736862518949">
        <ele>247.75726318359375</ele>
        <time>2026-09-25T23:23:04Z</time>
        <extensions>
          <gpxtpx:TrackPointExtension>
            <gpxtpx:hr>144</gpxtpx:hr>
          </gpxtpx:TrackPointExtension>
        </extensions>
      </trkpt>
      <trkpt lat="29.60218971604152" lon="106.31750530693141">
        <ele>246.69342041015625</ele>
        <time>2026-09-25T23:23:16Z</time>
        <extensions>
          <gpxtpx:TrackPointExtension>
            <gpxtpx:hr>142</gpxtpx:hr>
          </gpxtpx:TrackPointExtension>
        </extensions>
      </trkpt>
      <trkpt lat="29.601961639879086" lon="106.3175821317143">
        <ele>251.6859130859375</ele>
        <time>2026-09-25T23:23:25Z</time>
        <extensions>
          <gpxtpx:TrackPointExtension>
            <gpxtpx:hr>146</gpxtpx:hr>
          </gpxtpx:TrackPointExtension>
        </extensions>
      </trkpt>
      <trkpt lat="29.601913523711236" lon="106.31765096524957">
        <ele>252.835205078125</ele>
        <time>2026-09-25T23:23:28Z</time>
        <extensions>
          <gpxtpx:TrackPointExtension>
            <gpxtpx:hr>145</gpxtpx:hr>
          </gpxtpx:TrackPointExtension>
        </extensions>
      </trkpt>
      <trkpt lat="29.601882933186012" lon="106.31796619104732">
        <ele>251.2318115234375</ele>
        <time>2026-09-25T23:23:40Z</time>
        <extensions>
          <gpxtpx:TrackPointExtension>
            <gpxtpx:hr>147</gpxtpx:hr>
          </gpxtpx:TrackPointExtension>
        </extensions>
      </trkpt>
      <trkpt lat="29.601874306921278" lon="106.31829637799369">
        <ele>252.4349365234375</ele>
        <time>2026-09-25T23:23:52Z</time>
        <extensions>
          <gpxtpx:TrackPointExtension>
            <gpxtpx:hr>147</gpxtpx:hr>
          </gpxtpx:TrackPointExtension>
        </extensions>
      </trkpt>
      <trkpt lat="29.60187955032925" lon="106.31869240099395">
        <ele>252.51495361328125</ele>
        <time>2026-09-25T23:24:07Z</time>
        <extensions>
          <gpxtpx:TrackPointExtension>
            <gpxtpx:hr>142</gpxtpx:hr>
          </gpxtpx:TrackPointExtension>
        </extensions>
      </trkpt>
      <trkpt lat="29.60187803122472" lon="106.31896472892761">
        <ele>252.5322265625</ele>
        <time>2026-09-25T23:24:16Z</time>
        <extensions>
          <gpxtpx:TrackPointExtension>
            <gpxtpx:hr>143</gpxtpx:hr>
          </gpxtpx:TrackPointExtension>
        </extensions>
      </trkpt>
      <trkpt lat="29.601892659235077" lon="106.31915725260558">
        <ele>253.5672607421875</ele>
        <time>2026-09-25T23:24:22Z</time>
        <extensions>
          <gpxtpx:TrackPointExtension>
            <gpxtpx:hr>143</gpxtpx:hr>
          </gpxtpx:TrackPointExtension>
        </extensions>
      </trkpt>
      <trkpt lat="29.60188353442065" lon="106.31922408805956">
        <ele>253.3150634765625</ele>
        <time>2026-09-25T23:24:25Z</time>
        <extensions>
          <gpxtpx:TrackPointExtension>
            <gpxtpx:hr>144</gpxtpx:hr>
          </gpxtpx:TrackPointExtension>
        </extensions>
      </trkpt>
      <trkpt lat="29.601906159779322" lon="106.31941661098595">
        <ele>255.81207275390625</ele>
        <time>2026-09-25T23:24:31Z</time>
        <extensions>
          <gpxtpx:TrackPointExtension>
            <gpxtpx:hr>144</gpxtpx:hr>
          </gpxtpx:TrackPointExtension>
        </extensions>
      </trkpt>
      <trkpt lat="29.60189866841343" lon="106.31967497275022">
        <ele>258.54913330078125</ele>
        <time>2026-09-25T23:24:40Z</time>
        <extensions>
          <gpxtpx:TrackPointExtension>
            <gpxtpx:hr>145</gpxtpx:hr>
          </gpxtpx:TrackPointExtension>
        </extensions>
      </trkpt>
      <trkpt lat="29.601923075463397" lon="106.31998121379615">
        <ele>253.97235107421875</ele>
        <time>2026-09-25T23:24:52Z</time>
        <extensions>
          <gpxtpx:TrackPointExtension>
            <gpxtpx:hr>144</gpxtpx:hr>
          </gpxtpx:TrackPointExtension>
        </extensions>
      </trkpt>
      <trkpt lat="29.601951990289738" lon="106.32002111332407">
        <ele>250.5589599609375</ele>
        <time>2026-09-25T23:24:55Z</time>
        <extensions>
          <gpxtpx:TrackPointExtension>
            <gpxtpx:hr>143</gpxtpx:hr>
          </gpxtpx:TrackPointExtension>
        </extensions>
      </trkpt>
      <trkpt lat="29.602051133477982" lon="106.31993033193713">
        <ele>253.35760498046875</ele>
        <time>2026-09-25T23:25:01Z</time>
        <extensions>
          <gpxtpx:TrackPointExtension>
            <gpxtpx:hr>143</gpxtpx:hr>
          </gpxtpx:TrackPointExtension>
        </extensions>
      </trkpt>
      <trkpt lat="29.602173160927972" lon="106.3198964084797">
        <ele>253.5892333984375</ele>
        <time>2026-09-25T23:25:07Z</time>
        <extensions>
          <gpxtpx:TrackPointExtension>
            <gpxtpx:hr>144</gpxtpx:hr>
          </gpxtpx:TrackPointExtension>
        </extensions>
      </trkpt>
      <trkpt lat="29.6023487781109" lon="106.31990349936301">
        <ele>253.6162109375</ele>
        <time>2026-09-25T23:25:13Z</time>
        <extensions>
          <gpxtpx:TrackPointExtension>
            <gpxtpx:hr>145</gpxtpx:hr>
          </gpxtpx:TrackPointExtension>
        </extensions>
      </trkpt>
      <trkpt lat="29.602403193463473" lon="106.31984252785105">
        <ele>253.20849609375</ele>
        <time>2026-09-25T23:25:16Z</time>
        <extensions>
          <gpxtpx:TrackPointExtension>
            <gpxtpx:hr>146</gpxtpx:hr>
          </gpxtpx:TrackPointExtension>
        </extensions>
      </trkpt>
      <trkpt lat="29.602455432992883" lon="106.31970885529496">
        <ele>252.63348388671875</ele>
        <time>2026-09-25T23:25:22Z</time>
        <extensions>
          <gpxtpx:TrackPointExtension>
            <gpxtpx:hr>146</gpxtpx:hr>
          </gpxtpx:TrackPointExtension>
        </extensions>
      </trkpt>
      <trkpt lat="29.60245463722542" lon="106.31960211926285">
        <ele>254.0980224609375</ele>
        <time>2026-09-25T23:25:25Z</time>
        <extensions>
          <gpxtpx:TrackPointExtension>
            <gpxtpx:hr>145</gpxtpx:hr>
          </gpxtpx:TrackPointExtension>
        </extensions>
      </trkpt>
      <trkpt lat="29.602533733106263" lon="106.31953926985703">
        <ele>250.4412841796875</ele>
        <time>2026-09-25T23:25:31Z</time>
        <extensions>
          <gpxtpx:TrackPointExtension>
            <gpxtpx:hr>144</gpxtpx:hr>
          </gpxtpx:TrackPointExtension>
        </extensions>
      </trkpt>
      <trkpt lat="29.602733713872016" lon="106.31951731204373">
        <ele>252.48046875</ele>
        <time>2026-09-25T23:25:40Z</time>
        <extensions>
          <gpxtpx:TrackPointExtension>
            <gpxtpx:hr>145</gpxtpx:hr>
          </gpxtpx:TrackPointExtension>
        </extensions>
      </trkpt>
      <trkpt lat="29.602786735780857" lon="106.31949735816146">
        <ele>250.662353515625</ele>
        <time>2026-09-25T23:25:43Z</time>
        <extensions>
          <gpxtpx:TrackPointExtension>
            <gpxtpx:hr>145</gpxtpx:hr>
          </gpxtpx:TrackPointExtension>
        </extensions>
      </trkpt>
      <trkpt lat="29.602845854923956" lon="106.31942553211645">
        <ele>250.39544677734375</ele>
        <time>2026-09-25T23:25:46Z</time>
        <extensions>
          <gpxtpx:TrackPointExtension>
            <gpxtpx:hr>142</gpxtpx:hr>
          </gpxtpx:TrackPointExtension>
        </extensions>
      </trkpt>
      <trkpt lat="29.602878368359733" lon="106.31932488802772">
        <ele>252.20574951171875</ele>
        <time>2026-09-25T23:25:49Z</time>
        <extensions>
          <gpxtpx:TrackPointExtension>
            <gpxtpx:hr>143</gpxtpx:hr>
          </gpxtpx:TrackPointExtension>
        </extensions>
      </trkpt>
      <trkpt lat="29.602889386462714" lon="106.3191402343775">
        <ele>252.4735107421875</ele>
        <time>2026-09-25T23:25:55Z</time>
        <extensions>
          <gpxtpx:TrackPointExtension>
            <gpxtpx:hr>144</gpxtpx:hr>
          </gpxtpx:TrackPointExtension>
        </extensions>
      </trkpt>
      <trkpt lat="29.60293187992689" lon="106.31887488701246">
        <ele>246.0703125</ele>
        <time>2026-09-25T23:26:04Z</time>
        <extensions>
          <gpxtpx:TrackPointExtension>
            <gpxtpx:hr>143</gpxtpx:hr>
          </gpxtpx:TrackPointExtension>
        </extensions>
      </trkpt>
      <trkpt lat="29.602891574370283" lon="106.31853272965198">
        <ele>247.8046875</ele>
        <time>2026-09-25T23:26:16Z</time>
        <extensions>
          <gpxtpx:TrackPointExtension>
            <gpxtpx:hr>143</gpxtpx:hr>
          </gpxtpx:TrackPointExtension>
        </extensions>
      </trkpt>
      <trkpt lat="29.602905251661255" lon="106.31815965266084">
        <ele>250.811279296875</ele>
        <time>2026-09-25T23:26:28Z</time>
        <extensions>
          <gpxtpx:TrackPointExtension>
            <gpxtpx:hr>147</gpxtpx:hr>
          </gpxtpx:TrackPointExtension>
        </extensions>
      </trkpt>
      <trkpt lat="29.60295046583409" lon="106.31803994486593">
        <ele>246.81610107421875</ele>
        <time>2026-09-25T23:26:34Z</time>
        <extensions>
          <gpxtpx:TrackPointExtension>
            <gpxtpx:hr>146</gpxtpx:hr>
          </gpxtpx:TrackPointExtension>
        </extensions>
      </trkpt>
      <trkpt lat="29.602943164882134" lon="106.31767384672628">
        <ele>250.159912109375</ele>
        <time>2026-09-25T23:26:46Z</time>
        <extensions>
          <gpxtpx:TrackPointExtension>
            <gpxtpx:hr>146</gpxtpx:hr>
          </gpxtpx:TrackPointExtension>
        </extensions>
      </trkpt>
      <trkpt lat="29.602957151031525" lon="106.31759844305121">
        <ele>250.7135009765625</ele>
        <time>2026-09-25T23:26:49Z</time>
        <extensions>
          <gpxtpx:TrackPointExtension>
            <gpxtpx:hr>145</gpxtpx:hr>
          </gpxtpx:TrackPointExtension>
        </extensions>
      </trkpt>
      <trkpt lat="29.60295492223218" lon="106.31749387357088">
        <ele>252.0576171875</ele>
        <time>2026-09-25T23:26:52Z</time>
        <extensions>
          <gpxtpx:TrackPointExtension>
            <gpxtpx:hr>145</gpxtpx:hr>
          </gpxtpx:TrackPointExtension>
        </extensions>
      </trkpt>
      <trkpt lat="29.6029355725514" lon="106.31739341242417">
        <ele>252.00115966796875</ele>
        <time>2026-09-25T23:26:55Z</time>
        <extensions>
          <gpxtpx:TrackPointExtension>
            <gpxtpx:hr>146</gpxtpx:hr>
          </gpxtpx:TrackPointExtension>
        </extensions>
      </trkpt>
      <trkpt lat="29.602931086588494" lon="106.31729604103195">
        <ele>250.1822509765625</ele>
        <time>2026-09-25T23:26:58Z</time>
        <extensions>
          <gpxtpx:TrackPointExtension>
            <gpxtpx:hr>146</gpxtpx:hr>
          </gpxtpx:TrackPointExtension>
        </extensions>
      </trkpt>
      <trkpt lat="29.602950338283893" lon="106.31705536705425">
        <ele>249.9696044921875</ele>
        <time>2026-09-25T23:27:07Z</time>
        <extensions>
          <gpxtpx:TrackPointExtension>
            <gpxtpx:hr>146</gpxtpx:hr>
          </gpxtpx:TrackPointExtension>
        </extensions>
      </trkpt>
      <trkpt lat="29.602956981922016" lon="106.31671520189705">
        <ele>246.70526123046875</ele>
        <time>2026-09-25T23:27:22Z</time>
        <extensions>
          <gpxtpx:TrackPointExtension>
            <gpxtpx:hr>147</gpxtpx:hr>
          </gpxtpx:TrackPointExtension>
        </extensions>
      </trkpt>
      <trkpt lat="29.602950101345424" lon="106.31665335408066">
        <ele>249.94439697265625</ele>
        <time>2026-09-25T23:27:25Z</time>
        <extensions>
          <gpxtpx:TrackPointExtension>
            <gpxtpx:hr>146</gpxtpx:hr>
          </gpxtpx:TrackPointExtension>
        </extensions>
      </trkpt>
      <trkpt lat="29.60288491919831" lon="106.31653641487522">
        <ele>249.51556396484375</ele>
        <time>2026-09-25T23:27:31Z</time>
        <extensions>
          <gpxtpx:TrackPointExtension>
            <gpxtpx:hr>146</gpxtpx:hr>
          </gpxtpx:TrackPointExtension>
        </extensions>
      </trkpt>
      <trkpt lat="29.602822501616647" lon="106.31646282912972">
        <ele>251.7706298828125</ele>
        <time>2026-09-25T23:27:34Z</time>
        <extensions>
          <gpxtpx:TrackPointExtension>
            <gpxtpx:hr>146</gpxtpx:hr>
          </gpxtpx:TrackPointExtension>
        </extensions>
      </trkpt>
      <trkpt lat="29.602701636887367" lon="106.31641096360187">
        <ele>247.63311767578125</ele>
        <time>2026-09-25T23:27:40Z</time>
        <extensions>
          <gpxtpx:TrackPointExtension>
            <gpxtpx:hr>144</gpxtpx:hr>
          </gpxtpx:TrackPointExtension>
        </extensions>
      </trkpt>
      <trkpt lat="29.60263462712942" lon="106.31642692850544">
        <ele>247.732666015625</ele>
        <time>2026-09-25T23:27:43Z</time>
        <extensions>
          <gpxtpx:TrackPointExtension>
            <gpxtpx:hr>145</gpxtpx:hr>
          </gpxtpx:TrackPointExtension>
        </extensions>
      </trkpt>
      <trkpt lat="29.60257853461501" lon="106.31648479000972">
        <ele>248.94818115234375</ele>
        <time>2026-09-25T23:27:46Z</time>
        <extensions>
          <gpxtpx:TrackPointExtension>
            <gpxtpx:hr>144</gpxtpx:hr>
          </gpxtpx:TrackPointExtension>
        </extensions>
      </trkpt>
      <trkpt lat="29.602504020104266" lon="106.31676809942802">
        <ele>248.74127197265625</ele>
        <time>2026-09-25T23:27:58Z</time>
        <extensions>
          <gpxtpx:TrackPointExtension>
            <gpxtpx:hr>142</gpxtpx:hr>
          </gpxtpx:TrackPointExtension>
        </extensions>
      </trkpt>
      <trkpt lat="29.6025158139348" lon="106.316874836684">
        <ele>248.885986328125</ele>
        <time>2026-09-25T23:28:01Z</time>
        <extensions>
          <gpxtpx:TrackPointExtension>
            <gpxtpx:hr>142</gpxtpx:hr>
          </gpxtpx:TrackPointExtension>
        </extensions>
      </trkpt>
      <trkpt lat="29.602574403952627" lon="106.31708132598894">
        <ele>249.38665771484375</ele>
        <time>2026-09-25T23:28:07Z</time>
        <extensions>
          <gpxtpx:TrackPointExtension>
            <gpxtpx:hr>143</gpxtpx:hr>
          </gpxtpx:TrackPointExtension>
        </extensions>
      </trkpt>
      <trkpt lat="29.602551051028478" lon="106.31727086160986">
        <ele>252.14202880859375</ele>
        <time>2026-09-25T23:28:13Z</time>
        <extensions>
          <gpxtpx:TrackPointExtension>
            <gpxtpx:hr>145</gpxtpx:hr>
          </gpxtpx:TrackPointExtension>
        </extensions>
      </trkpt>
      <trkpt lat="29.60252092753879" lon="106.31734069175522">
        <ele>249.4869384765625</ele>
        <time>2026-09-25T23:28:16Z</time>
        <extensions>
          <gpxtpx:TrackPointExtension>
            <gpxtpx:hr>147</gpxtpx:hr>
          </gpxtpx:TrackPointExtension>
        </extensions>
      </trkpt>
      <trkpt lat="29.60246580598521" lon="106.31741351601345">
        <ele>248.1058349609375</ele>
        <time>2026-09-25T23:28:19Z</time>
        <extensions>
          <gpxtpx:TrackPointExtension>
            <gpxtpx:hr>147</gpxtpx:hr>
          </gpxtpx:TrackPointExtension>
        </extensions>
      </trkpt>
      <trkpt lat="29.60231569831595" lon="106.31749432632999">
        <ele>246.22711181640625</ele>
        <time>2026-09-25T23:28:25Z</time>
        <extensions>
          <gpxtpx:TrackPointExtension>
            <gpxtpx:hr>147</gpxtpx:hr>
          </gpxtpx:TrackPointExtension>
        </extensions>
      </trkpt>
      <trkpt lat="29.602104651053086" lon="106.31755319426762">
        <ele>251.66650390625</ele>
        <time>2026-09-25T23:28:34Z</time>
        <extensions>
          <gpxtpx:TrackPointExtension>
            <gpxtpx:hr>151</gpxtpx:hr>
          </gpxtpx:TrackPointExtension>
        </extensions>
      </trkpt>
      <trkpt lat="29.602034606121833" lon="106.31758811259041">
        <ele>256.802490234375</ele>
        <time>2026-09-25T23:28:40Z</time>
        <extensions>
          <gpxtpx:TrackPointExtension>
            <gpxtpx:hr>148</gpxtpx:hr>
          </gpxtpx:TrackPointExtension>
        </extensions>
      </trkpt>
      <trkpt lat="29.601958399875638" lon="106.31770882015532">
        <ele>258.49114990234375</ele>
        <time>2026-09-25T23:28:46Z</time>
        <extensions>
          <gpxtpx:TrackPointExtension>
            <gpxtpx:hr>146</gpxtpx:hr>
          </gpxtpx:TrackPointExtension>
        </extensions>
      </trkpt>
      <trkpt lat="29.601899080155807" lon="106.31788638660332">
        <ele>251.681884765625</ele>
        <time>2026-09-25T23:28:55Z</time>
        <extensions>
          <gpxtpx:TrackPointExtension>
            <gpxtpx:hr>145</gpxtpx:hr>
          </gpxtpx:TrackPointExtension>
        </extensions>
      </trkpt>
      <trkpt lat="29.601842459240174" lon="106.31822156431843">
        <ele>252.94598388671875</ele>
        <time>2026-09-25T23:29:07Z</time>
        <extensions>
          <gpxtpx:TrackPointExtension>
            <gpxtpx:hr>145</gpxtpx:hr>
          </gpxtpx:TrackPointExtension>
        </extensions>
      </trkpt>
      <trkpt lat="29.601873795592198" lon="106.31856471634407">
        <ele>251.66754150390625</ele>
        <time>2026-09-25T23:29:20Z</time>
        <extensions>
          <gpxtpx:TrackPointExtension>
            <gpxtpx:hr>144</gpxtpx:hr>
          </gpxtpx:TrackPointExtension>
        </extensions>
      </trkpt>
      <trkpt lat="29.601881148293828" lon="106.31890288142793">
        <ele>251.80712890625</ele>
        <time>2026-09-25T23:29:32Z</time>
        <extensions>
          <gpxtpx:TrackPointExtension>
            <gpxtpx:hr>144</gpxtpx:hr>
          </gpxtpx:TrackPointExtension>
        </extensions>
      </trkpt>
      <trkpt lat="29.601870736425724" lon="106.31912034509001">
        <ele>250.515869140625</ele>
        <time>2026-09-25T23:29:41Z</time>
        <extensions>
          <gpxtpx:TrackPointExtension>
            <gpxtpx:hr>145</gpxtpx:hr>
          </gpxtpx:TrackPointExtension>
        </extensions>
      </trkpt>
      <trkpt lat="29.601853568375883" lon="106.31921112190238">
        <ele>248.6988525390625</ele>
        <time>2026-09-25T23:29:44Z</time>
        <extensions>
          <gpxtpx:TrackPointExtension>
            <gpxtpx:hr>144</gpxtpx:hr>
          </gpxtpx:TrackPointExtension>
        </extensions>
      </trkpt>
      <trkpt lat="29.601897784754147" lon="106.31955419675796">
        <ele>253.32763671875</ele>
        <time>2026-09-25T23:29:56Z</time>
        <extensions>
          <gpxtpx:TrackPointExtension>
            <gpxtpx:hr>146</gpxtpx:hr>
          </gpxtpx:TrackPointExtension>
        </extensions>
      </trkpt>
      <trkpt lat="29.601913202476798" lon="106.31991637480816">
        <ele>254.86065673828125</ele>
        <time>2026-09-25T23:30:08Z</time>
        <extensions>
          <gpxtpx:TrackPointExtension>
            <gpxtpx:hr>146</gpxtpx:hr>
          </gpxtpx:TrackPointExtension>
        </extensions>
      </trkpt>
      <trkpt lat="29.60191904617765" lon="106.31999717454912">
        <ele>253.748046875</ele>
        <time>2026-09-25T23:30:11Z</time>
        <extensions>
          <gpxtpx:TrackPointExtension>
            <gpxtpx:hr>146</gpxtpx:hr>
          </gpxtpx:TrackPointExtension>
        </extensions>
      </trkpt>
      <trkpt lat="29.602113165962255" lon="106.3199033948252">
        <ele>251.81024169921875</ele>
        <time>2026-09-25T23:30:23Z</time>
        <extensions>
          <gpxtpx:TrackPointExtension>
            <gpxtpx:hr>146</gpxtpx:hr>
          </gpxtpx:TrackPointExtension>
        </extensions>
      </trkpt>
      <trkpt lat="29.602288066880625" lon="106.31988075111781">
        <ele>252.37066650390625</ele>
        <time>2026-09-25T23:30:29Z</time>
        <extensions>
          <gpxtpx:TrackPointExtension>
            <gpxtpx:hr>147</gpxtpx:hr>
          </gpxtpx:TrackPointExtension>
        </extensions>
      </trkpt>
      <trkpt lat="29.602364119603283" lon="106.31988741916823">
        <ele>252.90155029296875</ele>
        <time>2026-09-25T23:30:32Z</time>
        <extensions>
          <gpxtpx:TrackPointExtension>
            <gpxtpx:hr>147</gpxtpx:hr>
          </gpxtpx:TrackPointExtension>
        </extensions>
      </trkpt>
      <trkpt lat="29.602422166677012" lon="106.31985349956413">
        <ele>251.67218017578125</ele>
        <time>2026-09-25T23:30:35Z</time>
        <extensions>
          <gpxtpx:TrackPointExtension>
            <gpxtpx:hr>147</gpxtpx:hr>
          </gpxtpx:TrackPointExtension>
        </extensions>
      </trkpt>
      <trkpt lat="29.602462240228686" lon="106.31980860817944">
        <ele>252.317138671875</ele>
        <time>2026-09-25T23:30:38Z</time>
        <extensions>
          <gpxtpx:TrackPointExtension>
            <gpxtpx:hr>148</gpxtpx:hr>
          </gpxtpx:TrackPointExtension>
        </extensions>
      </trkpt>
      <trkpt lat="29.60247561746038" lon="106.3196091007332">
        <ele>247.492919921875</ele>
        <time>2026-09-25T23:30:47Z</time>
        <extensions>
          <gpxtpx:TrackPointExtension>
            <gpxtpx:hr>145</gpxtpx:hr>
          </gpxtpx:TrackPointExtension>
        </extensions>
      </trkpt>
      <trkpt lat="29.602744716226045" lon="106.31951431877759">
        <ele>247.97784423828125</ele>
        <time>2026-09-25T23:30:59Z</time>
        <extensions>
          <gpxtpx:TrackPointExtension>
            <gpxtpx:hr>142</gpxtpx:hr>
          </gpxtpx:TrackPointExtension>
        </extensions>
      </trkpt>
      <trkpt lat="29.60281877744402" lon="106.31947042280217">
        <ele>247.16143798828125</ele>
        <time>2026-09-25T23:31:05Z</time>
        <extensions>
          <gpxtpx:TrackPointExtension>
            <gpxtpx:hr>142</gpxtpx:hr>
          </gpxtpx:TrackPointExtension>
        </extensions>
      </trkpt>
      <trkpt lat="29.60287503083249" lon="106.31932876947484">
        <ele>246.818603515625</ele>
        <time>2026-09-25T23:31:11Z</time>
        <extensions>
          <gpxtpx:TrackPointExtension>
            <gpxtpx:hr>142</gpxtpx:hr>
          </gpxtpx:TrackPointExtension>
        </extensions>
      </trkpt>
      <trkpt lat="29.60292433007782" lon="106.31916417313529">
        <ele>245.26953125</ele>
        <time>2026-09-25T23:31:17Z</time>
        <extensions>
          <gpxtpx:TrackPointExtension>
            <gpxtpx:hr>143</gpxtpx:hr>
          </gpxtpx:TrackPointExtension>
        </extensions>
      </trkpt>
      <trkpt lat="29.602922738050363" lon="106.3189507004044">
        <ele>243.751220703125</ele>
        <time>2026-09-25T23:31:23Z</time>
        <extensions>
          <gpxtpx:TrackPointExtension>
            <gpxtpx:hr>143</gpxtpx:hr>
          </gpxtpx:TrackPointExtension>
        </extensions>
      </trkpt>
      <trkpt lat="29.60287971174486" lon="106.31857663924959">
        <ele>244.50286865234375</ele>
        <time>2026-09-25T23:31:35Z</time>
        <extensions>
          <gpxtpx:TrackPointExtension>
            <gpxtpx:hr>142</gpxtpx:hr>
          </gpxtpx:TrackPointExtension>
        </extensions>
      </trkpt>
      <trkpt lat="29.60288363687014" lon="106.31833684470698">
        <ele>247.42828369140625</ele>
        <time>2026-09-25T23:31:41Z</time>
        <extensions>
          <gpxtpx:TrackPointExtension>
            <gpxtpx:hr>146</gpxtpx:hr>
          </gpxtpx:TrackPointExtension>
        </extensions>
      </trkpt>
      <trkpt lat="29.602898089959016" lon="106.31825040300625">
        <ele>249.38427734375</ele>
        <time>2026-09-25T23:31:44Z</time>
        <extensions>
          <gpxtpx:TrackPointExtension>
            <gpxtpx:hr>147</gpxtpx:hr>
          </gpxtpx:TrackPointExtension>
        </extensions>
      </trkpt>
      <trkpt lat="29.602916700267535" lon="106.31792223682721">
        <ele>247.452880859375</ele>
        <time>2026-09-25T23:31:56Z</time>
        <extensions>
          <gpxtpx:TrackPointExtension>
            <gpxtpx:hr>147</gpxtpx:hr>
          </gpxtpx:TrackPointExtension>
        </extensions>
      </trkpt>
      <trkpt lat="29.602946135507665" lon="106.31768880972184">
        <ele>247.73046875</ele>
        <time>2026-09-25T23:32:05Z</time>
        <extensions>
          <gpxtpx:TrackPointExtension>
            <gpxtpx:hr>147</gpxtpx:hr>
          </gpxtpx:TrackPointExtension>
        </extensions>
      </trkpt>
      <trkpt lat="29.60295360821156" lon="106.3174095694344">
        <ele>247.4093017578125</ele>
        <time>2026-09-25T23:32:14Z</time>
        <extensions>
          <gpxtpx:TrackPointExtension>
            <gpxtpx:hr>146</gpxtpx:hr>
          </gpxtpx:TrackPointExtension>
        </extensions>
      </trkpt>
      <trkpt lat="29.602931028664234" lon="106.31731537309147">
        <ele>246.84912109375</ele>
        <time>2026-09-25T23:32:17Z</time>
        <extensions>
          <gpxtpx:TrackPointExtension>
            <gpxtpx:hr>145</gpxtpx:hr>
          </gpxtpx:TrackPointExtension>
        </extensions>
      </trkpt>
      <trkpt lat="29.602954200690824" lon="106.31712719035616">
        <ele>245.87713623046875</ele>
        <time>2026-09-25T23:32:26Z</time>
        <extensions>
          <gpxtpx:TrackPointExtension>
            <gpxtpx:hr>145</gpxtpx:hr>
          </gpxtpx:TrackPointExtension>
        </extensions>
      </trkpt>
      <trkpt lat="29.60293551707494" lon="106.31696359337606">
        <ele>243.65899658203125</ele>
        <time>2026-09-25T23:32:32Z</time>
        <extensions>
          <gpxtpx:TrackPointExtension>
            <gpxtpx:hr>146</gpxtpx:hr>
          </gpxtpx:TrackPointExtension>
        </extensions>
      </trkpt>
      <trkpt lat="29.602952819439558" lon="106.31667563494243">
        <ele>247.4732666015625</ele>
        <time>2026-09-25T23:32:41Z</time>
        <extensions>
          <gpxtpx:TrackPointExtension>
            <gpxtpx:hr>146</gpxtpx:hr>
          </gpxtpx:TrackPointExtension>
        </extensions>
      </trkpt>
      <trkpt lat="29.6029264894554" lon="106.31653541899944">
        <ele>251.97900390625</ele>
        <time>2026-09-25T23:32:47Z</time>
        <extensions>
          <gpxtpx:TrackPointExtension>
            <gpxtpx:hr>146</gpxtpx:hr>
          </gpxtpx:TrackPointExtension>
        </extensions>
      </trkpt>
      <trkpt lat="29.60280249260453" lon="106.31647081076548">
        <ele>253.00958251953125</ele>
        <time>2026-09-25T23:32:53Z</time>
        <extensions>
          <gpxtpx:TrackPointExtension>
            <gpxtpx:hr>147</gpxtpx:hr>
          </gpxtpx:TrackPointExtension>
        </extensions>
      </trkpt>
      <trkpt lat="29.60267857209185" lon="106.31644887204644">
        <ele>252.09234619140625</ele>
        <time>2026-09-25T23:32:59Z</time>
        <extensions>
          <gpxtpx:TrackPointExtension>
            <gpxtpx:hr>147</gpxtpx:hr>
          </gpxtpx:TrackPointExtension>
        </extensions>
      </trkpt>
      <trkpt lat="29.60262654262195" lon="106.31647281647308">
        <ele>252.06170654296875</ele>
        <time>2026-09-25T23:33:02Z</time>
        <extensions>
          <gpxtpx:TrackPointExtension>
            <gpxtpx:hr>148</gpxtpx:hr>
          </gpxtpx:TrackPointExtension>
        </extensions>
      </trkpt>
      <trkpt lat="29.60256036994999" lon="106.31657457090175">
        <ele>251.5506591796875</ele>
        <time>2026-09-25T23:33:08Z</time>
        <extensions>
          <gpxtpx:TrackPointExtension>
            <gpxtpx:hr>149</gpxtpx:hr>
          </gpxtpx:TrackPointExtension>
        </extensions>
      </trkpt>
      <trkpt lat="29.602525089363347" lon="106.31672819609297">
        <ele>253.89300537109375</ele>
        <time>2026-09-25T23:33:14Z</time>
        <extensions>
          <gpxtpx:TrackPointExtension>
            <gpxtpx:hr>149</gpxtpx:hr>
          </gpxtpx:TrackPointExtension>
        </extensions>
      </trkpt>
      <trkpt lat="29.602527885972076" lon="106.31683493392302">
        <ele>252.29541015625</ele>
        <time>2026-09-25T23:33:17Z</time>
        <extensions>
          <gpxtpx:TrackPointExtension>
            <gpxtpx:hr>149</gpxtpx:hr>
          </gpxtpx:TrackPointExtension>
        </extensions>
      </trkpt>
      <trkpt lat="29.602564651289352" lon="106.31695264267265">
        <ele>252.0545654296875</ele>
        <time>2026-09-25T23:33:20Z</time>
        <extensions>
          <gpxtpx:TrackPointExtension>
            <gpxtpx:hr>149</gpxtpx:hr>
          </gpxtpx:TrackPointExtension>
        </extensions>
      </trkpt>
      <trkpt lat="29.60257236100099" lon="106.31710426974114">
        <ele>250.27362060546875</ele>
        <time>2026-09-25T23:33:26Z</time>
        <extensions>
          <gpxtpx:TrackPointExtension>
            <gpxtpx:hr>148</gpxtpx:hr>
          </gpxtpx:TrackPointExtension>
        </extensions>
      </trkpt>
      <trkpt lat="29.602547061727098" lon="106.3172658741111">
        <ele>253.28668212890625</ele>
        <time>2026-09-25T23:33:32Z</time>
        <extensions>
          <gpxtpx:TrackPointExtension>
            <gpxtpx:hr>148</gpxtpx:hr>
          </gpxtpx:TrackPointExtension>
        </extensions>
      </trkpt>
      <trkpt lat="29.602506414857455" lon="106.31734822073776">
        <ele>252.7213134765625</ele>
        <time>2026-09-25T23:33:35Z</time>
        <extensions>
          <gpxtpx:TrackPointExtension>
            <gpxtpx:hr>148</gpxtpx:hr>
          </gpxtpx:TrackPointExtension>
        </extensions>
      </trkpt>
      <trkpt lat="29.602374731451793" lon="106.3174673890205">
        <ele>249.90283203125</ele>
        <time>2026-09-25T23:33:41Z</time>
        <extensions>
          <gpxtpx:TrackPointExtension>
            <gpxtpx:hr>148</gpxtpx:hr>
          </gpxtpx:TrackPointExtension>
        </extensions>
      </trkpt>
      <trkpt lat="29.602267614400816" lon="106.31754620162445">
        <ele>250.95977783203125</ele>
        <time>2026-09-25T23:33:53Z</time>
        <extensions>
          <gpxtpx:TrackPointExtension>
            <gpxtpx:hr>146</gpxtpx:hr>
          </gpxtpx:TrackPointExtension>
        </extensions>
      </trkpt>
    </trkseg>
  </trk>
</gpx>