<?xml version="1.0" encoding="UTF-8"?>
<gpx xmlns="http://www.topografix.com/GPX/1/1" xmlns:gpxtpx="http://www.garmin.com/xmlschemas/TrackPointExtension/v1" xmlns:xsi="http://www.w3.org/2001/XMLSchema-instance" xsi:schemaLocation="http://www.topografix.com/GPX/1/1 http://www.topografix.com/GPX/1/1/gpx.xsd" version="1.1" creator="gpx.py -- https://github.com/tkrajina/gpxpy">
  <trk>
    <name>gpx from keep</name>
    <type>Run</type>
    <trkseg>
      <trkpt lat="25.697909167124205" lon="100.165379208502">
        <ele>1974.763671875</ele>
        <time>2026-08-04T23:05:32Z</time>
        <extensions>
          <gpxtpx:TrackPointExtension>
            <gpxtpx:hr>99</gpxtpx:hr>
          </gpxtpx:TrackPointExtension>
        </extensions>
      </trkpt>
      <trkpt lat="25.697959224509628" lon="100.16539524085442">
        <ele>1973.4375</ele>
        <time>2026-08-04T23:05:35Z</time>
        <extensions>
          <gpxtpx:TrackPointExtension>
            <gpxtpx:hr>100</gpxtpx:hr>
          </gpxtpx:TrackPointExtension>
        </extensions>
      </trkpt>
      <trkpt lat="25.698030251978995" lon="100.16538922646066">
        <ele>1973.42822265625</ele>
        <time>2026-08-04T23:05:38Z</time>
        <extensions>
          <gpxtpx:TrackPointExtension>
            <gpxtpx:hr>101</gpxtpx:hr>
          </gpxtpx:TrackPointExtension>
        </extensions>
      </trkpt>
      <trkpt lat="25.698076310949478" lon="100.16540726311628">
        <ele>1969.4375</ele>
        <time>2026-08-04T23:05:41Z</time>
        <extensions>
          <gpxtpx:TrackPointExtension>
            <gpxtpx:hr>102</gpxtpx:hr>
          </gpxtpx:TrackPointExtension>
        </extensions>
      </trkpt>
      <trkpt lat="25.698166337514778" lon="100.16539523563856">
        <ele>1969.782958984375</ele>
        <time>2026-08-04T23:05:44Z</time>
        <extensions>
          <gpxtpx:TrackPointExtension>
            <gpxtpx:hr>102</gpxtpx:hr>
          </gpxtpx:TrackPointExtension>
        </extensions>
      </trkpt>
      <trkpt lat="25.69843821900614" lon="100.1652529305119">
        <ele>1966.572265625</ele>
        <time>2026-08-04T23:05:59Z</time>
        <extensions>
          <gpxtpx:TrackPointExtension>
            <gpxtpx:hr>103</gpxtpx:hr>
          </gpxtpx:TrackPointExtension>
        </extensions>
      </trkpt>
      <trkpt lat="25.698691131629452" lon="100.16513267214106">
        <ele>1965.690185546875</ele>
        <time>2026-08-04T23:06:08Z</time>
        <extensions>
          <gpxtpx:TrackPointExtension>
            <gpxtpx:hr>134</gpxtpx:hr>
          </gpxtpx:TrackPointExtension>
        </extensions>
      </trkpt>
      <trkpt lat="25.699018985790687" lon="100.16495930069172">
        <ele>1966.01806640625</ele>
        <time>2026-08-04T23:06:20Z</time>
        <extensions>
          <gpxtpx:TrackPointExtension>
            <gpxtpx:hr>144</gpxtpx:hr>
          </gpxtpx:TrackPointExtension>
        </extensions>
      </trkpt>
      <trkpt lat="25.699271891201303" lon="100.16483503408107">
        <ele>1966.0634765625</ele>
        <time>2026-08-04T23:06:29Z</time>
        <extensions>
          <gpxtpx:TrackPointExtension>
            <gpxtpx:hr>148</gpxtpx:hr>
          </gpxtpx:TrackPointExtension>
        </extensions>
      </trkpt>
      <trkpt lat="25.699573763474778" lon="100.1646786991781">
        <ele>1964.42822265625</ele>
        <time>2026-08-04T23:06:41Z</time>
        <extensions>
          <gpxtpx:TrackPointExtension>
            <gpxtpx:hr>157</gpxtpx:hr>
          </gpxtpx:TrackPointExtension>
        </extensions>
      </trkpt>
      <trkpt lat="25.699787698515642" lon="100.16458149033356">
        <ele>1964.9453125</ele>
        <time>2026-08-04T23:06:50Z</time>
        <extensions>
          <gpxtpx:TrackPointExtension>
            <gpxtpx:hr>160</gpxtpx:hr>
          </gpxtpx:TrackPointExtension>
        </extensions>
      </trkpt>
      <trkpt lat="25.699867766735135" lon="100.16459451558039">
        <ele>1964.829345703125</ele>
        <time>2026-08-04T23:06:53Z</time>
        <extensions>
          <gpxtpx:TrackPointExtension>
            <gpxtpx:hr>161</gpxtpx:hr>
          </gpxtpx:TrackPointExtension>
        </extensions>
      </trkpt>
      <trkpt lat="25.69993976486982" lon="100.16457246762681">
        <ele>1963.64794921875</ele>
        <time>2026-08-04T23:06:56Z</time>
        <extensions>
          <gpxtpx:TrackPointExtension>
            <gpxtpx:hr>162</gpxtpx:hr>
          </gpxtpx:TrackPointExtension>
        </extensions>
      </trkpt>
      <trkpt lat="25.70016362857003" lon="100.16443417261969">
        <ele>1964.0400390625</ele>
        <time>2026-08-04T23:07:05Z</time>
        <extensions>
          <gpxtpx:TrackPointExtension>
            <gpxtpx:hr>163</gpxtpx:hr>
          </gpxtpx:TrackPointExtension>
        </extensions>
      </trkpt>
      <trkpt lat="25.700311602722426" lon="100.16437704939722">
        <ele>1963.40576171875</ele>
        <time>2026-08-04T23:07:11Z</time>
        <extensions>
          <gpxtpx:TrackPointExtension>
            <gpxtpx:hr>164</gpxtpx:hr>
          </gpxtpx:TrackPointExtension>
        </extensions>
      </trkpt>
      <trkpt lat="25.700392463263757" lon="100.16427884195276">
        <ele>1964.55078125</ele>
        <time>2026-08-04T23:07:17Z</time>
        <extensions>
          <gpxtpx:TrackPointExtension>
            <gpxtpx:hr>160</gpxtpx:hr>
          </gpxtpx:TrackPointExtension>
        </extensions>
      </trkpt>
      <trkpt lat="25.70067538212806" lon="100.16415257079964">
        <ele>1962.677001953125</ele>
        <time>2026-08-04T23:07:29Z</time>
        <extensions>
          <gpxtpx:TrackPointExtension>
            <gpxtpx:hr>158</gpxtpx:hr>
          </gpxtpx:TrackPointExtension>
        </extensions>
      </trkpt>
      <trkpt lat="25.70095921547603" lon="100.16398020336709">
        <ele>1962.713623046875</ele>
        <time>2026-08-04T23:07:41Z</time>
        <extensions>
          <gpxtpx:TrackPointExtension>
            <gpxtpx:hr>160</gpxtpx:hr>
          </gpxtpx:TrackPointExtension>
        </extensions>
      </trkpt>
      <trkpt lat="25.701257126067244" lon="100.16384491319103">
        <ele>1964.58740234375</ele>
        <time>2026-08-04T23:07:53Z</time>
        <extensions>
          <gpxtpx:TrackPointExtension>
            <gpxtpx:hr>161</gpxtpx:hr>
          </gpxtpx:TrackPointExtension>
        </extensions>
      </trkpt>
      <trkpt lat="25.70155999838851" lon="100.16368757695032">
        <ele>1963.8037109375</ele>
        <time>2026-08-04T23:08:05Z</time>
        <extensions>
          <gpxtpx:TrackPointExtension>
            <gpxtpx:hr>162</gpxtpx:hr>
          </gpxtpx:TrackPointExtension>
        </extensions>
      </trkpt>
      <trkpt lat="25.701635978344996" lon="100.16365450598224">
        <ele>1963.31494140625</ele>
        <time>2026-08-04T23:08:08Z</time>
        <extensions>
          <gpxtpx:TrackPointExtension>
            <gpxtpx:hr>162</gpxtpx:hr>
          </gpxtpx:TrackPointExtension>
        </extensions>
      </trkpt>
      <trkpt lat="25.701710009643765" lon="100.1636494936536">
        <ele>1962.93505859375</ele>
        <time>2026-08-04T23:08:11Z</time>
        <extensions>
          <gpxtpx:TrackPointExtension>
            <gpxtpx:hr>163</gpxtpx:hr>
          </gpxtpx:TrackPointExtension>
        </extensions>
      </trkpt>
      <trkpt lat="25.701840577511017" lon="100.16391504503697">
        <ele>1965.4599609375</ele>
        <time>2026-08-04T23:08:20Z</time>
        <extensions>
          <gpxtpx:TrackPointExtension>
            <gpxtpx:hr>164</gpxtpx:hr>
          </gpxtpx:TrackPointExtension>
        </extensions>
      </trkpt>
      <trkpt lat="25.70198130881787" lon="100.16426477256665">
        <ele>1966.36279296875</ele>
        <time>2026-08-04T23:08:32Z</time>
        <extensions>
          <gpxtpx:TrackPointExtension>
            <gpxtpx:hr>164</gpxtpx:hr>
          </gpxtpx:TrackPointExtension>
        </extensions>
      </trkpt>
      <trkpt lat="25.70211205028113" lon="100.1646225177537">
        <ele>1967.13134765625</ele>
        <time>2026-08-04T23:08:44Z</time>
        <extensions>
          <gpxtpx:TrackPointExtension>
            <gpxtpx:hr>160</gpxtpx:hr>
          </gpxtpx:TrackPointExtension>
        </extensions>
      </trkpt>
      <trkpt lat="25.702255758178087" lon="100.16495821704932">
        <ele>1969.37646484375</ele>
        <time>2026-08-04T23:08:56Z</time>
        <extensions>
          <gpxtpx:TrackPointExtension>
            <gpxtpx:hr>159</gpxtpx:hr>
          </gpxtpx:TrackPointExtension>
        </extensions>
      </trkpt>
      <trkpt lat="25.702362337177497" lon="100.16523579596716">
        <ele>1969.0654296875</ele>
        <time>2026-08-04T23:09:05Z</time>
        <extensions>
          <gpxtpx:TrackPointExtension>
            <gpxtpx:hr>159</gpxtpx:hr>
          </gpxtpx:TrackPointExtension>
        </extensions>
      </trkpt>
      <trkpt lat="25.702417809435673" lon="100.16547128824584">
        <ele>1964.62548828125</ele>
        <time>2026-08-04T23:09:14Z</time>
        <extensions>
          <gpxtpx:TrackPointExtension>
            <gpxtpx:hr>158</gpxtpx:hr>
          </gpxtpx:TrackPointExtension>
        </extensions>
      </trkpt>
      <trkpt lat="25.702515148819938" lon="100.16562360522883">
        <ele>1961.186279296875</ele>
        <time>2026-08-04T23:09:20Z</time>
        <extensions>
          <gpxtpx:TrackPointExtension>
            <gpxtpx:hr>158</gpxtpx:hr>
          </gpxtpx:TrackPointExtension>
        </extensions>
      </trkpt>
      <trkpt lat="25.702612770730173" lon="100.16592623770386">
        <ele>1961.3525390625</ele>
        <time>2026-08-04T23:09:29Z</time>
        <extensions>
          <gpxtpx:TrackPointExtension>
            <gpxtpx:hr>158</gpxtpx:hr>
          </gpxtpx:TrackPointExtension>
        </extensions>
      </trkpt>
      <trkpt lat="25.702733358548578" lon="100.16620381733613">
        <ele>1963.0537109375</ele>
        <time>2026-08-04T23:09:38Z</time>
        <extensions>
          <gpxtpx:TrackPointExtension>
            <gpxtpx:hr>159</gpxtpx:hr>
          </gpxtpx:TrackPointExtension>
        </extensions>
      </trkpt>
      <trkpt lat="25.70286206416675" lon="100.1665415233282">
        <ele>1961.6748046875</ele>
        <time>2026-08-04T23:09:50Z</time>
        <extensions>
          <gpxtpx:TrackPointExtension>
            <gpxtpx:hr>161</gpxtpx:hr>
          </gpxtpx:TrackPointExtension>
        </extensions>
      </trkpt>
      <trkpt lat="25.702967823526837" lon="100.16691430397037">
        <ele>1959.948974609375</ele>
        <time>2026-08-04T23:10:02Z</time>
        <extensions>
          <gpxtpx:TrackPointExtension>
            <gpxtpx:hr>161</gpxtpx:hr>
          </gpxtpx:TrackPointExtension>
        </extensions>
      </trkpt>
      <trkpt lat="25.703076524562842" lon="100.16725501749994">
        <ele>1961.419189453125</ele>
        <time>2026-08-04T23:10:14Z</time>
        <extensions>
          <gpxtpx:TrackPointExtension>
            <gpxtpx:hr>162</gpxtpx:hr>
          </gpxtpx:TrackPointExtension>
        </extensions>
      </trkpt>
      <trkpt lat="25.703167283983817" lon="100.16763180765842">
        <ele>1961.37255859375</ele>
        <time>2026-08-04T23:10:26Z</time>
        <extensions>
          <gpxtpx:TrackPointExtension>
            <gpxtpx:hr>163</gpxtpx:hr>
          </gpxtpx:TrackPointExtension>
        </extensions>
      </trkpt>
      <trkpt lat="25.703205610862714" lon="100.16779414821671">
        <ele>1961.27734375</ele>
        <time>2026-08-04T23:10:32Z</time>
        <extensions>
          <gpxtpx:TrackPointExtension>
            <gpxtpx:hr>162</gpxtpx:hr>
          </gpxtpx:TrackPointExtension>
        </extensions>
      </trkpt>
      <trkpt lat="25.703268859015765" lon="100.1679073848805">
        <ele>1955.40283203125</ele>
        <time>2026-08-04T23:10:38Z</time>
        <extensions>
          <gpxtpx:TrackPointExtension>
            <gpxtpx:hr>162</gpxtpx:hr>
          </gpxtpx:TrackPointExtension>
        </extensions>
      </trkpt>
      <trkpt lat="25.703300180250814" lon="100.16806872359517">
        <ele>1957.92724609375</ele>
        <time>2026-08-04T23:10:44Z</time>
        <extensions>
          <gpxtpx:TrackPointExtension>
            <gpxtpx:hr>162</gpxtpx:hr>
          </gpxtpx:TrackPointExtension>
        </extensions>
      </trkpt>
      <trkpt lat="25.703333321246188" lon="100.1681338598415">
        <ele>1957.69970703125</ele>
        <time>2026-08-04T23:10:50Z</time>
        <extensions>
          <gpxtpx:TrackPointExtension>
            <gpxtpx:hr>159</gpxtpx:hr>
          </gpxtpx:TrackPointExtension>
        </extensions>
      </trkpt>
      <trkpt lat="25.70333246618841" lon="100.16821102225911">
        <ele>1958.122314453125</ele>
        <time>2026-08-04T23:10:53Z</time>
        <extensions>
          <gpxtpx:TrackPointExtension>
            <gpxtpx:hr>157</gpxtpx:hr>
          </gpxtpx:TrackPointExtension>
        </extensions>
      </trkpt>
      <trkpt lat="25.703362671691135" lon="100.16831123241856">
        <ele>1958.563232421875</ele>
        <time>2026-08-04T23:10:56Z</time>
        <extensions>
          <gpxtpx:TrackPointExtension>
            <gpxtpx:hr>157</gpxtpx:hr>
          </gpxtpx:TrackPointExtension>
        </extensions>
      </trkpt>
      <trkpt lat="25.703531278382417" lon="100.16858380195771">
        <ele>1962.108642578125</ele>
        <time>2026-08-04T23:11:05Z</time>
        <extensions>
          <gpxtpx:TrackPointExtension>
            <gpxtpx:hr>156</gpxtpx:hr>
          </gpxtpx:TrackPointExtension>
        </extensions>
      </trkpt>
      <trkpt lat="25.703606625975915" lon="100.16874614184792">
        <ele>1964.201171875</ele>
        <time>2026-08-04T23:11:11Z</time>
        <extensions>
          <gpxtpx:TrackPointExtension>
            <gpxtpx:hr>155</gpxtpx:hr>
          </gpxtpx:TrackPointExtension>
        </extensions>
      </trkpt>
      <trkpt lat="25.703627824723817" lon="100.16884535019908">
        <ele>1964.6904296875</ele>
        <time>2026-08-04T23:11:14Z</time>
        <extensions>
          <gpxtpx:TrackPointExtension>
            <gpxtpx:hr>155</gpxtpx:hr>
          </gpxtpx:TrackPointExtension>
        </extensions>
      </trkpt>
      <trkpt lat="25.70365997093732" lon="100.1689134928735">
        <ele>1963.38134765625</ele>
        <time>2026-08-04T23:11:17Z</time>
        <extensions>
          <gpxtpx:TrackPointExtension>
            <gpxtpx:hr>155</gpxtpx:hr>
          </gpxtpx:TrackPointExtension>
        </extensions>
      </trkpt>
      <trkpt lat="25.703770284973242" lon="100.16904777286018">
        <ele>1960.345947265625</ele>
        <time>2026-08-04T23:11:23Z</time>
        <extensions>
          <gpxtpx:TrackPointExtension>
            <gpxtpx:hr>156</gpxtpx:hr>
          </gpxtpx:TrackPointExtension>
        </extensions>
      </trkpt>
      <trkpt lat="25.703795512446295" lon="100.16916101068547">
        <ele>1961.367431640625</ele>
        <time>2026-08-04T23:11:26Z</time>
        <extensions>
          <gpxtpx:TrackPointExtension>
            <gpxtpx:hr>156</gpxtpx:hr>
          </gpxtpx:TrackPointExtension>
        </extensions>
      </trkpt>
      <trkpt lat="25.703779704083306" lon="100.16926723477985">
        <ele>1961.859375</ele>
        <time>2026-08-04T23:11:29Z</time>
        <extensions>
          <gpxtpx:TrackPointExtension>
            <gpxtpx:hr>157</gpxtpx:hr>
          </gpxtpx:TrackPointExtension>
        </extensions>
      </trkpt>
      <trkpt lat="25.703792875792367" lon="100.16935441805583">
        <ele>1961.60693359375</ele>
        <time>2026-08-04T23:11:32Z</time>
        <extensions>
          <gpxtpx:TrackPointExtension>
            <gpxtpx:hr>157</gpxtpx:hr>
          </gpxtpx:TrackPointExtension>
        </extensions>
      </trkpt>
      <trkpt lat="25.70383196539063" lon="100.16939049305063">
        <ele>1958.95068359375</ele>
        <time>2026-08-04T23:11:35Z</time>
        <extensions>
          <gpxtpx:TrackPointExtension>
            <gpxtpx:hr>158</gpxtpx:hr>
          </gpxtpx:TrackPointExtension>
        </extensions>
      </trkpt>
      <trkpt lat="25.703857085096836" lon="100.16944661060742">
        <ele>1957.7099609375</ele>
        <time>2026-08-04T23:11:38Z</time>
        <extensions>
          <gpxtpx:TrackPointExtension>
            <gpxtpx:hr>158</gpxtpx:hr>
          </gpxtpx:TrackPointExtension>
        </extensions>
      </trkpt>
      <trkpt lat="25.703839175413336" lon="100.16949972291538">
        <ele>1954.507568359375</ele>
        <time>2026-08-04T23:11:41Z</time>
        <extensions>
          <gpxtpx:TrackPointExtension>
            <gpxtpx:hr>157</gpxtpx:hr>
          </gpxtpx:TrackPointExtension>
        </extensions>
      </trkpt>
      <trkpt lat="25.70387628661294" lon="100.16954782328992">
        <ele>1955.291015625</ele>
        <time>2026-08-04T23:11:44Z</time>
        <extensions>
          <gpxtpx:TrackPointExtension>
            <gpxtpx:hr>157</gpxtpx:hr>
          </gpxtpx:TrackPointExtension>
        </extensions>
      </trkpt>
      <trkpt lat="25.703969440059378" lon="100.16960193492156">
        <ele>1954.91650390625</ele>
        <time>2026-08-04T23:11:47Z</time>
        <extensions>
          <gpxtpx:TrackPointExtension>
            <gpxtpx:hr>156</gpxtpx:hr>
          </gpxtpx:TrackPointExtension>
        </extensions>
      </trkpt>
      <trkpt lat="25.70417195254768" lon="100.16981437729117">
        <ele>1957.53271484375</ele>
        <time>2026-08-04T23:11:56Z</time>
        <extensions>
          <gpxtpx:TrackPointExtension>
            <gpxtpx:hr>156</gpxtpx:hr>
          </gpxtpx:TrackPointExtension>
        </extensions>
      </trkpt>
      <trkpt lat="25.704272266911538" lon="100.16995166393724">
        <ele>1957.69189453125</ele>
        <time>2026-08-04T23:12:02Z</time>
        <extensions>
          <gpxtpx:TrackPointExtension>
            <gpxtpx:hr>156</gpxtpx:hr>
          </gpxtpx:TrackPointExtension>
        </extensions>
      </trkpt>
      <trkpt lat="25.704486833429105" lon="100.17018915879044">
        <ele>1957.31298828125</ele>
        <time>2026-08-04T23:12:14Z</time>
        <extensions>
          <gpxtpx:TrackPointExtension>
            <gpxtpx:hr>154</gpxtpx:hr>
          </gpxtpx:TrackPointExtension>
        </extensions>
      </trkpt>
      <trkpt lat="25.704668294753343" lon="100.17038055738136">
        <ele>1956.0166015625</ele>
        <time>2026-08-04T23:12:23Z</time>
        <extensions>
          <gpxtpx:TrackPointExtension>
            <gpxtpx:hr>149</gpxtpx:hr>
          </gpxtpx:TrackPointExtension>
        </extensions>
      </trkpt>
      <trkpt lat="25.704908818992703" lon="100.17058798825312">
        <ele>1952.904296875</ele>
        <time>2026-08-04T23:12:35Z</time>
        <extensions>
          <gpxtpx:TrackPointExtension>
            <gpxtpx:hr>149</gpxtpx:hr>
          </gpxtpx:TrackPointExtension>
        </extensions>
      </trkpt>
      <trkpt lat="25.705121439438084" lon="100.17085454433081">
        <ele>1951.28955078125</ele>
        <time>2026-08-04T23:12:50Z</time>
        <extensions>
          <gpxtpx:TrackPointExtension>
            <gpxtpx:hr>154</gpxtpx:hr>
          </gpxtpx:TrackPointExtension>
        </extensions>
      </trkpt>
      <trkpt lat="25.705286127967575" lon="100.17117120708298">
        <ele>1949.786865234375</ele>
        <time>2026-08-04T23:13:03Z</time>
        <extensions>
          <gpxtpx:TrackPointExtension>
            <gpxtpx:hr>154</gpxtpx:hr>
          </gpxtpx:TrackPointExtension>
        </extensions>
      </trkpt>
      <trkpt lat="25.705412859783763" lon="100.17152194243573">
        <ele>1950.34423828125</ele>
        <time>2026-08-04T23:13:15Z</time>
        <extensions>
          <gpxtpx:TrackPointExtension>
            <gpxtpx:hr>153</gpxtpx:hr>
          </gpxtpx:TrackPointExtension>
        </extensions>
      </trkpt>
      <trkpt lat="25.705527522477688" lon="100.1718396083322">
        <ele>1950.52783203125</ele>
        <time>2026-08-04T23:13:27Z</time>
        <extensions>
          <gpxtpx:TrackPointExtension>
            <gpxtpx:hr>154</gpxtpx:hr>
          </gpxtpx:TrackPointExtension>
        </extensions>
      </trkpt>
      <trkpt lat="25.705668123833355" lon="100.17211718906995">
        <ele>1949.45068359375</ele>
        <time>2026-08-04T23:13:39Z</time>
        <extensions>
          <gpxtpx:TrackPointExtension>
            <gpxtpx:hr>152</gpxtpx:hr>
          </gpxtpx:TrackPointExtension>
        </extensions>
      </trkpt>
      <trkpt lat="25.705828774007514" lon="100.17241481134343">
        <ele>1950.5078125</ele>
        <time>2026-08-04T23:13:51Z</time>
        <extensions>
          <gpxtpx:TrackPointExtension>
            <gpxtpx:hr>152</gpxtpx:hr>
          </gpxtpx:TrackPointExtension>
        </extensions>
      </trkpt>
      <trkpt lat="25.705858922965984" lon="100.17248495817616">
        <ele>1950.2939453125</ele>
        <time>2026-08-04T23:14:00Z</time>
        <extensions>
          <gpxtpx:TrackPointExtension>
            <gpxtpx:hr>150</gpxtpx:hr>
          </gpxtpx:TrackPointExtension>
        </extensions>
      </trkpt>
      <trkpt lat="25.7059892785236" lon="100.17263527113538">
        <ele>1950.97216796875</ele>
        <time>2026-08-04T23:14:09Z</time>
        <extensions>
          <gpxtpx:TrackPointExtension>
            <gpxtpx:hr>145</gpxtpx:hr>
          </gpxtpx:TrackPointExtension>
        </extensions>
      </trkpt>
      <trkpt lat="25.706209895604818" lon="100.1728978178301">
        <ele>1950.005126953125</ele>
        <time>2026-08-04T23:14:21Z</time>
        <extensions>
          <gpxtpx:TrackPointExtension>
            <gpxtpx:hr>145</gpxtpx:hr>
          </gpxtpx:TrackPointExtension>
        </extensions>
      </trkpt>
      <trkpt lat="25.706422487395155" lon="100.17314934138787">
        <ele>1949.2197265625</ele>
        <time>2026-08-04T23:14:33Z</time>
        <extensions>
          <gpxtpx:TrackPointExtension>
            <gpxtpx:hr>149</gpxtpx:hr>
          </gpxtpx:TrackPointExtension>
        </extensions>
      </trkpt>
      <trkpt lat="25.706597144939682" lon="100.1734469626106">
        <ele>1948.85400390625</ele>
        <time>2026-08-04T23:14:45Z</time>
        <extensions>
          <gpxtpx:TrackPointExtension>
            <gpxtpx:hr>147</gpxtpx:hr>
          </gpxtpx:TrackPointExtension>
        </extensions>
      </trkpt>
      <trkpt lat="25.706747813563624" lon="100.17375761154739">
        <ele>1947.83837890625</ele>
        <time>2026-08-04T23:14:57Z</time>
        <extensions>
          <gpxtpx:TrackPointExtension>
            <gpxtpx:hr>147</gpxtpx:hr>
          </gpxtpx:TrackPointExtension>
        </extensions>
      </trkpt>
      <trkpt lat="25.70688649608482" lon="100.17407928362695">
        <ele>1947.317626953125</ele>
        <time>2026-08-04T23:15:09Z</time>
        <extensions>
          <gpxtpx:TrackPointExtension>
            <gpxtpx:hr>147</gpxtpx:hr>
          </gpxtpx:TrackPointExtension>
        </extensions>
      </trkpt>
      <trkpt lat="25.70702017746285" lon="100.1744019575824">
        <ele>1947.30810546875</ele>
        <time>2026-08-04T23:15:21Z</time>
        <extensions>
          <gpxtpx:TrackPointExtension>
            <gpxtpx:hr>145</gpxtpx:hr>
          </gpxtpx:TrackPointExtension>
        </extensions>
      </trkpt>
      <trkpt lat="25.70716586144175" lon="100.17472262665075">
        <ele>1946.990478515625</ele>
        <time>2026-08-04T23:15:33Z</time>
        <extensions>
          <gpxtpx:TrackPointExtension>
            <gpxtpx:hr>146</gpxtpx:hr>
          </gpxtpx:TrackPointExtension>
        </extensions>
      </trkpt>
      <trkpt lat="25.707297469502343" lon="100.17500722005114">
        <ele>1947.3369140625</ele>
        <time>2026-08-04T23:15:57Z</time>
        <extensions>
          <gpxtpx:TrackPointExtension>
            <gpxtpx:hr>139</gpxtpx:hr>
          </gpxtpx:TrackPointExtension>
        </extensions>
      </trkpt>
      <trkpt lat="25.707427104450346" lon="100.17530684464838">
        <ele>1946.67138671875</ele>
        <time>2026-08-04T23:16:09Z</time>
        <extensions>
          <gpxtpx:TrackPointExtension>
            <gpxtpx:hr>142</gpxtpx:hr>
          </gpxtpx:TrackPointExtension>
        </extensions>
      </trkpt>
      <trkpt lat="25.707543754462783" lon="100.1756184943431">
        <ele>1945.86083984375</ele>
        <time>2026-08-04T23:16:21Z</time>
        <extensions>
          <gpxtpx:TrackPointExtension>
            <gpxtpx:hr>140</gpxtpx:hr>
          </gpxtpx:TrackPointExtension>
        </extensions>
      </trkpt>
      <trkpt lat="25.707660415401442" lon="100.17593615615539">
        <ele>1945.279296875</ele>
        <time>2026-08-04T23:16:33Z</time>
        <extensions>
          <gpxtpx:TrackPointExtension>
            <gpxtpx:hr>138</gpxtpx:hr>
          </gpxtpx:TrackPointExtension>
        </extensions>
      </trkpt>
      <trkpt lat="25.707808072479015" lon="100.17624279364776">
        <ele>1943.82763671875</ele>
        <time>2026-08-04T23:16:45Z</time>
        <extensions>
          <gpxtpx:TrackPointExtension>
            <gpxtpx:hr>140</gpxtpx:hr>
          </gpxtpx:TrackPointExtension>
        </extensions>
      </trkpt>
      <trkpt lat="25.707956733482717" lon="100.17655143480636">
        <ele>1942.878173828125</ele>
        <time>2026-08-04T23:16:57Z</time>
        <extensions>
          <gpxtpx:TrackPointExtension>
            <gpxtpx:hr>144</gpxtpx:hr>
          </gpxtpx:TrackPointExtension>
        </extensions>
      </trkpt>
      <trkpt lat="25.708130406088067" lon="100.17685907272238">
        <ele>1943.35986328125</ele>
        <time>2026-08-04T23:17:09Z</time>
        <extensions>
          <gpxtpx:TrackPointExtension>
            <gpxtpx:hr>143</gpxtpx:hr>
          </gpxtpx:TrackPointExtension>
        </extensions>
      </trkpt>
      <trkpt lat="25.70832899838194" lon="100.17711660499346">
        <ele>1943.9091796875</ele>
        <time>2026-08-04T23:17:21Z</time>
        <extensions>
          <gpxtpx:TrackPointExtension>
            <gpxtpx:hr>144</gpxtpx:hr>
          </gpxtpx:TrackPointExtension>
        </extensions>
      </trkpt>
      <trkpt lat="25.708546554084506" lon="100.17734908418929">
        <ele>1943.271484375</ele>
        <time>2026-08-04T23:17:33Z</time>
        <extensions>
          <gpxtpx:TrackPointExtension>
            <gpxtpx:hr>144</gpxtpx:hr>
          </gpxtpx:TrackPointExtension>
        </extensions>
      </trkpt>
      <trkpt lat="25.708816048554986" lon="100.17753346158094">
        <ele>1942.548095703125</ele>
        <time>2026-08-04T23:17:45Z</time>
        <extensions>
          <gpxtpx:TrackPointExtension>
            <gpxtpx:hr>144</gpxtpx:hr>
          </gpxtpx:TrackPointExtension>
        </extensions>
      </trkpt>
      <trkpt lat="25.70901844943962" lon="100.17768777785477">
        <ele>1943.271484375</ele>
        <time>2026-08-04T23:17:54Z</time>
        <extensions>
          <gpxtpx:TrackPointExtension>
            <gpxtpx:hr>149</gpxtpx:hr>
          </gpxtpx:TrackPointExtension>
        </extensions>
      </trkpt>
      <trkpt lat="25.70921511826627" lon="100.17798739638084">
        <ele>1943.605712890625</ele>
        <time>2026-08-04T23:18:06Z</time>
        <extensions>
          <gpxtpx:TrackPointExtension>
            <gpxtpx:hr>149</gpxtpx:hr>
          </gpxtpx:TrackPointExtension>
        </extensions>
      </trkpt>
      <trkpt lat="25.709374747319604" lon="100.17827699440652">
        <ele>1943.53369140625</ele>
        <time>2026-08-04T23:18:19Z</time>
        <extensions>
          <gpxtpx:TrackPointExtension>
            <gpxtpx:hr>147</gpxtpx:hr>
          </gpxtpx:TrackPointExtension>
        </extensions>
      </trkpt>
      <trkpt lat="25.709451103631764" lon="100.17844534219022">
        <ele>1943.10400390625</ele>
        <time>2026-08-04T23:18:25Z</time>
        <extensions>
          <gpxtpx:TrackPointExtension>
            <gpxtpx:hr>148</gpxtpx:hr>
          </gpxtpx:TrackPointExtension>
        </extensions>
      </trkpt>
      <trkpt lat="25.709672749675416" lon="100.17872591902132">
        <ele>1942.162109375</ele>
        <time>2026-08-04T23:18:37Z</time>
        <extensions>
          <gpxtpx:TrackPointExtension>
            <gpxtpx:hr>149</gpxtpx:hr>
          </gpxtpx:TrackPointExtension>
        </extensions>
      </trkpt>
      <trkpt lat="25.709861371285726" lon="100.17900348986709">
        <ele>1940.79345703125</ele>
        <time>2026-08-04T23:18:49Z</time>
        <extensions>
          <gpxtpx:TrackPointExtension>
            <gpxtpx:hr>149</gpxtpx:hr>
          </gpxtpx:TrackPointExtension>
        </extensions>
      </trkpt>
      <trkpt lat="25.710014946834225" lon="100.17926703195667">
        <ele>1940.987548828125</ele>
        <time>2026-08-04T23:19:01Z</time>
        <extensions>
          <gpxtpx:TrackPointExtension>
            <gpxtpx:hr>147</gpxtpx:hr>
          </gpxtpx:TrackPointExtension>
        </extensions>
      </trkpt>
      <trkpt lat="25.710220617951418" lon="100.17956664681192">
        <ele>1940.204345703125</ele>
        <time>2026-08-04T23:19:16Z</time>
        <extensions>
          <gpxtpx:TrackPointExtension>
            <gpxtpx:hr>144</gpxtpx:hr>
          </gpxtpx:TrackPointExtension>
        </extensions>
      </trkpt>
      <trkpt lat="25.710410154989308" lon="100.17979912264444">
        <ele>1939.576171875</ele>
        <time>2026-08-04T23:19:28Z</time>
        <extensions>
          <gpxtpx:TrackPointExtension>
            <gpxtpx:hr>146</gpxtpx:hr>
          </gpxtpx:TrackPointExtension>
        </extensions>
      </trkpt>
      <trkpt lat="25.710596723446983" lon="100.18004963533551">
        <ele>1939.2353515625</ele>
        <time>2026-08-04T23:19:40Z</time>
        <extensions>
          <gpxtpx:TrackPointExtension>
            <gpxtpx:hr>146</gpxtpx:hr>
          </gpxtpx:TrackPointExtension>
        </extensions>
      </trkpt>
      <trkpt lat="25.710801308955713" lon="100.18030415530947">
        <ele>1940.668701171875</ele>
        <time>2026-08-04T23:20:01Z</time>
        <extensions>
          <gpxtpx:TrackPointExtension>
            <gpxtpx:hr>144</gpxtpx:hr>
          </gpxtpx:TrackPointExtension>
        </extensions>
      </trkpt>
      <trkpt lat="25.711054897286672" lon="100.18054564666667">
        <ele>1940.266845703125</ele>
        <time>2026-08-04T23:20:22Z</time>
        <extensions>
          <gpxtpx:TrackPointExtension>
            <gpxtpx:hr>133</gpxtpx:hr>
          </gpxtpx:TrackPointExtension>
        </extensions>
      </trkpt>
      <trkpt lat="25.71129354908335" lon="100.1808262182823">
        <ele>1940.421142578125</ele>
        <time>2026-08-04T23:20:43Z</time>
        <extensions>
          <gpxtpx:TrackPointExtension>
            <gpxtpx:hr>135</gpxtpx:hr>
          </gpxtpx:TrackPointExtension>
        </extensions>
      </trkpt>
      <trkpt lat="25.711510003012194" lon="100.18100658379929">
        <ele>1939.50390625</ele>
        <time>2026-08-04T23:20:55Z</time>
        <extensions>
          <gpxtpx:TrackPointExtension>
            <gpxtpx:hr>133</gpxtpx:hr>
          </gpxtpx:TrackPointExtension>
        </extensions>
      </trkpt>
      <trkpt lat="25.711709373253004" lon="100.18114686710865">
        <ele>1939.19921875</ele>
        <time>2026-08-04T23:21:04Z</time>
        <extensions>
          <gpxtpx:TrackPointExtension>
            <gpxtpx:hr>132</gpxtpx:hr>
          </gpxtpx:TrackPointExtension>
        </extensions>
      </trkpt>
      <trkpt lat="25.71189873777934" lon="100.18128715048286">
        <ele>1938.98583984375</ele>
        <time>2026-08-04T23:21:34Z</time>
        <extensions>
          <gpxtpx:TrackPointExtension>
            <gpxtpx:hr>130</gpxtpx:hr>
          </gpxtpx:TrackPointExtension>
        </extensions>
      </trkpt>
      <trkpt lat="25.712001970938402" lon="100.18138234329602">
        <ele>1939.43359375</ele>
        <time>2026-08-04T23:21:40Z</time>
        <extensions>
          <gpxtpx:TrackPointExtension>
            <gpxtpx:hr>131</gpxtpx:hr>
          </gpxtpx:TrackPointExtension>
        </extensions>
      </trkpt>
      <trkpt lat="25.712248383761345" lon="100.18153164342652">
        <ele>1939.71826171875</ele>
        <time>2026-08-04T23:21:52Z</time>
        <extensions>
          <gpxtpx:TrackPointExtension>
            <gpxtpx:hr>130</gpxtpx:hr>
          </gpxtpx:TrackPointExtension>
        </extensions>
      </trkpt>
      <trkpt lat="25.712433743853715" lon="100.18167092432886">
        <ele>1939.87451171875</ele>
        <time>2026-08-04T23:22:01Z</time>
        <extensions>
          <gpxtpx:TrackPointExtension>
            <gpxtpx:hr>129</gpxtpx:hr>
          </gpxtpx:TrackPointExtension>
        </extensions>
      </trkpt>
      <trkpt lat="25.712670322243977" lon="100.1819134150726">
        <ele>1940.1455078125</ele>
        <time>2026-08-04T23:22:13Z</time>
        <extensions>
          <gpxtpx:TrackPointExtension>
            <gpxtpx:hr>131</gpxtpx:hr>
          </gpxtpx:TrackPointExtension>
        </extensions>
      </trkpt>
      <trkpt lat="25.7128859344298" lon="100.1821809569594">
        <ele>1939.180419921875</ele>
        <time>2026-08-04T23:22:25Z</time>
        <extensions>
          <gpxtpx:TrackPointExtension>
            <gpxtpx:hr>140</gpxtpx:hr>
          </gpxtpx:TrackPointExtension>
        </extensions>
      </trkpt>
      <trkpt lat="25.713078582762666" lon="100.18247555390879">
        <ele>1938.87060546875</ele>
        <time>2026-08-04T23:22:37Z</time>
        <extensions>
          <gpxtpx:TrackPointExtension>
            <gpxtpx:hr>141</gpxtpx:hr>
          </gpxtpx:TrackPointExtension>
        </extensions>
      </trkpt>
      <trkpt lat="25.713284263323597" lon="100.18278417820942">
        <ele>1939.359130859375</ele>
        <time>2026-08-04T23:22:55Z</time>
        <extensions>
          <gpxtpx:TrackPointExtension>
            <gpxtpx:hr>142</gpxtpx:hr>
          </gpxtpx:TrackPointExtension>
        </extensions>
      </trkpt>
      <trkpt lat="25.713402610146094" lon="100.18293748755022">
        <ele>1939.42529296875</ele>
        <time>2026-08-04T23:23:01Z</time>
        <extensions>
          <gpxtpx:TrackPointExtension>
            <gpxtpx:hr>140</gpxtpx:hr>
          </gpxtpx:TrackPointExtension>
        </extensions>
      </trkpt>
      <trkpt lat="25.713661156196277" lon="100.18315692766592">
        <ele>1939.1474609375</ele>
        <time>2026-08-04T23:23:13Z</time>
        <extensions>
          <gpxtpx:TrackPointExtension>
            <gpxtpx:hr>143</gpxtpx:hr>
          </gpxtpx:TrackPointExtension>
        </extensions>
      </trkpt>
      <trkpt lat="25.713876655761254" lon="100.18336434389535">
        <ele>1938.40283203125</ele>
        <time>2026-08-04T23:23:25Z</time>
        <extensions>
          <gpxtpx:TrackPointExtension>
            <gpxtpx:hr>144</gpxtpx:hr>
          </gpxtpx:TrackPointExtension>
        </extensions>
      </trkpt>
      <trkpt lat="25.714091172664396" lon="100.18358177999708">
        <ele>1938.107177734375</ele>
        <time>2026-08-04T23:23:37Z</time>
        <extensions>
          <gpxtpx:TrackPointExtension>
            <gpxtpx:hr>144</gpxtpx:hr>
          </gpxtpx:TrackPointExtension>
        </extensions>
      </trkpt>
      <trkpt lat="25.714304695882195" lon="100.18380322370592">
        <ele>1937.33740234375</ele>
        <time>2026-08-04T23:23:49Z</time>
        <extensions>
          <gpxtpx:TrackPointExtension>
            <gpxtpx:hr>143</gpxtpx:hr>
          </gpxtpx:TrackPointExtension>
        </extensions>
      </trkpt>
      <trkpt lat="25.714532179114887" lon="100.18399861376894">
        <ele>1936.081787109375</ele>
        <time>2026-08-04T23:24:01Z</time>
        <extensions>
          <gpxtpx:TrackPointExtension>
            <gpxtpx:hr>143</gpxtpx:hr>
          </gpxtpx:TrackPointExtension>
        </extensions>
      </trkpt>
      <trkpt lat="25.714775762046667" lon="100.18424410426223">
        <ele>1936.30908203125</ele>
        <time>2026-08-04T23:24:13Z</time>
        <extensions>
          <gpxtpx:TrackPointExtension>
            <gpxtpx:hr>143</gpxtpx:hr>
          </gpxtpx:TrackPointExtension>
        </extensions>
      </trkpt>
      <trkpt lat="25.714894055880215" lon="100.18436935438588">
        <ele>1935.94482421875</ele>
        <time>2026-08-04T23:24:19Z</time>
        <extensions>
          <gpxtpx:TrackPointExtension>
            <gpxtpx:hr>140</gpxtpx:hr>
          </gpxtpx:TrackPointExtension>
        </extensions>
      </trkpt>
      <trkpt lat="25.715116666101153" lon="100.18463688876209">
        <ele>1936.642578125</ele>
        <time>2026-08-04T23:24:31Z</time>
        <extensions>
          <gpxtpx:TrackPointExtension>
            <gpxtpx:hr>143</gpxtpx:hr>
          </gpxtpx:TrackPointExtension>
        </extensions>
      </trkpt>
      <trkpt lat="25.715329302622102" lon="100.1849224588143">
        <ele>1935.649658203125</ele>
        <time>2026-08-04T23:24:43Z</time>
        <extensions>
          <gpxtpx:TrackPointExtension>
            <gpxtpx:hr>145</gpxtpx:hr>
          </gpxtpx:TrackPointExtension>
        </extensions>
      </trkpt>
      <trkpt lat="25.715506911359043" lon="100.18520402066298">
        <ele>1934.7568359375</ele>
        <time>2026-08-04T23:24:55Z</time>
        <extensions>
          <gpxtpx:TrackPointExtension>
            <gpxtpx:hr>147</gpxtpx:hr>
          </gpxtpx:TrackPointExtension>
        </extensions>
      </trkpt>
      <trkpt lat="25.71566647838944" lon="100.1854685477812">
        <ele>1934.134521484375</ele>
        <time>2026-08-04T23:25:16Z</time>
        <extensions>
          <gpxtpx:TrackPointExtension>
            <gpxtpx:hr>140</gpxtpx:hr>
          </gpxtpx:TrackPointExtension>
        </extensions>
      </trkpt>
      <trkpt lat="25.715822031574863" lon="100.18572706205215">
        <ele>1935.237548828125</ele>
        <time>2026-08-04T23:25:31Z</time>
        <extensions>
          <gpxtpx:TrackPointExtension>
            <gpxtpx:hr>142</gpxtpx:hr>
          </gpxtpx:TrackPointExtension>
        </extensions>
      </trkpt>
      <trkpt lat="25.71599661092881" lon="100.18599459299686">
        <ele>1935.409423828125</ele>
        <time>2026-08-04T23:25:49Z</time>
        <extensions>
          <gpxtpx:TrackPointExtension>
            <gpxtpx:hr>139</gpxtpx:hr>
          </gpxtpx:TrackPointExtension>
        </extensions>
      </trkpt>
      <trkpt lat="25.71613810074689" lon="100.18622304581797">
        <ele>1935.920166015625</ele>
        <time>2026-08-04T23:25:58Z</time>
        <extensions>
          <gpxtpx:TrackPointExtension>
            <gpxtpx:hr>139</gpxtpx:hr>
          </gpxtpx:TrackPointExtension>
        </extensions>
      </trkpt>
      <trkpt lat="25.716213445002147" lon="100.18639137974107">
        <ele>1935.93994140625</ele>
        <time>2026-08-04T23:26:04Z</time>
        <extensions>
          <gpxtpx:TrackPointExtension>
            <gpxtpx:hr>140</gpxtpx:hr>
          </gpxtpx:TrackPointExtension>
        </extensions>
      </trkpt>
      <trkpt lat="25.716313774296015" lon="100.18654368072767">
        <ele>1936.490234375</ele>
        <time>2026-08-04T23:26:10Z</time>
        <extensions>
          <gpxtpx:TrackPointExtension>
            <gpxtpx:hr>139</gpxtpx:hr>
          </gpxtpx:TrackPointExtension>
        </extensions>
      </trkpt>
      <trkpt lat="25.716457435758326" lon="100.18686832297333">
        <ele>1936.341796875</ele>
        <time>2026-08-04T23:26:22Z</time>
        <extensions>
          <gpxtpx:TrackPointExtension>
            <gpxtpx:hr>143</gpxtpx:hr>
          </gpxtpx:TrackPointExtension>
        </extensions>
      </trkpt>
      <trkpt lat="25.71659911982798" lon="100.18720699158827">
        <ele>1936.63623046875</ele>
        <time>2026-08-04T23:26:34Z</time>
        <extensions>
          <gpxtpx:TrackPointExtension>
            <gpxtpx:hr>145</gpxtpx:hr>
          </gpxtpx:TrackPointExtension>
        </extensions>
      </trkpt>
      <trkpt lat="25.716728767190375" lon="100.18752962715116">
        <ele>1935.9404296875</ele>
        <time>2026-08-04T23:26:46Z</time>
        <extensions>
          <gpxtpx:TrackPointExtension>
            <gpxtpx:hr>145</gpxtpx:hr>
          </gpxtpx:TrackPointExtension>
        </extensions>
      </trkpt>
      <trkpt lat="25.716858402566395" lon="100.18784624932981">
        <ele>1936.2919921875</ele>
        <time>2026-08-04T23:26:58Z</time>
        <extensions>
          <gpxtpx:TrackPointExtension>
            <gpxtpx:hr>147</gpxtpx:hr>
          </gpxtpx:TrackPointExtension>
        </extensions>
      </trkpt>
      <trkpt lat="25.71701599211713" lon="100.18812880226464">
        <ele>1935.7041015625</ele>
        <time>2026-08-04T23:27:10Z</time>
        <extensions>
          <gpxtpx:TrackPointExtension>
            <gpxtpx:hr>146</gpxtpx:hr>
          </gpxtpx:TrackPointExtension>
        </extensions>
      </trkpt>
      <trkpt lat="25.717071347692954" lon="100.188312161604">
        <ele>1935.7685546875</ele>
        <time>2026-08-04T23:27:19Z</time>
        <extensions>
          <gpxtpx:TrackPointExtension>
            <gpxtpx:hr>145</gpxtpx:hr>
          </gpxtpx:TrackPointExtension>
        </extensions>
      </trkpt>
      <trkpt lat="25.71717546485394" lon="100.18834522401154">
        <ele>1935.69921875</ele>
        <time>2026-08-04T23:27:28Z</time>
        <extensions>
          <gpxtpx:TrackPointExtension>
            <gpxtpx:hr>144</gpxtpx:hr>
          </gpxtpx:TrackPointExtension>
        </extensions>
      </trkpt>
      <trkpt lat="25.717286686907084" lon="100.18843539841713">
        <ele>1936.216796875</ele>
        <time>2026-08-04T23:27:34Z</time>
        <extensions>
          <gpxtpx:TrackPointExtension>
            <gpxtpx:hr>142</gpxtpx:hr>
          </gpxtpx:TrackPointExtension>
        </extensions>
      </trkpt>
      <trkpt lat="25.71735872046558" lon="100.1884313887576">
        <ele>1935.9716796875</ele>
        <time>2026-08-04T23:27:37Z</time>
        <extensions>
          <gpxtpx:TrackPointExtension>
            <gpxtpx:hr>142</gpxtpx:hr>
          </gpxtpx:TrackPointExtension>
        </extensions>
      </trkpt>
      <trkpt lat="25.7174227849236" lon="100.18844741865156">
        <ele>1936.90234375</ele>
        <time>2026-08-04T23:27:40Z</time>
        <extensions>
          <gpxtpx:TrackPointExtension>
            <gpxtpx:hr>142</gpxtpx:hr>
          </gpxtpx:TrackPointExtension>
        </extensions>
      </trkpt>
      <trkpt lat="25.717451937579007" lon="100.18852456939044">
        <ele>1936.767578125</ele>
        <time>2026-08-04T23:27:43Z</time>
        <extensions>
          <gpxtpx:TrackPointExtension>
            <gpxtpx:hr>142</gpxtpx:hr>
          </gpxtpx:TrackPointExtension>
        </extensions>
      </trkpt>
      <trkpt lat="25.717507993967025" lon="100.1885385955278">
        <ele>1934.8115234375</ele>
        <time>2026-08-04T23:27:46Z</time>
        <extensions>
          <gpxtpx:TrackPointExtension>
            <gpxtpx:hr>141</gpxtpx:hr>
          </gpxtpx:TrackPointExtension>
        </extensions>
      </trkpt>
      <trkpt lat="25.71764090978877" lon="100.18844841520465">
        <ele>1935.5908203125</ele>
        <time>2026-08-04T23:27:52Z</time>
        <extensions>
          <gpxtpx:TrackPointExtension>
            <gpxtpx:hr>142</gpxtpx:hr>
          </gpxtpx:TrackPointExtension>
        </extensions>
      </trkpt>
      <trkpt lat="25.717471984255823" lon="100.18854460821875">
        <ele>1937.1455078125</ele>
        <time>2026-08-04T23:28:07Z</time>
        <extensions>
          <gpxtpx:TrackPointExtension>
            <gpxtpx:hr>139</gpxtpx:hr>
          </gpxtpx:TrackPointExtension>
        </extensions>
      </trkpt>
      <trkpt lat="25.717393752617564" lon="100.18843840166284">
        <ele>1935.91748046875</ele>
        <time>2026-08-04T23:28:13Z</time>
        <extensions>
          <gpxtpx:TrackPointExtension>
            <gpxtpx:hr>138</gpxtpx:hr>
          </gpxtpx:TrackPointExtension>
        </extensions>
      </trkpt>
      <trkpt lat="25.717260666920545" lon="100.18843239315949">
        <ele>1936.1865234375</ele>
        <time>2026-08-04T23:28:19Z</time>
        <extensions>
          <gpxtpx:TrackPointExtension>
            <gpxtpx:hr>140</gpxtpx:hr>
          </gpxtpx:TrackPointExtension>
        </extensions>
      </trkpt>
      <trkpt lat="25.71715470977346" lon="100.18849050990006">
        <ele>1934.477783203125</ele>
        <time>2026-08-04T23:28:25Z</time>
        <extensions>
          <gpxtpx:TrackPointExtension>
            <gpxtpx:hr>143</gpxtpx:hr>
          </gpxtpx:TrackPointExtension>
        </extensions>
      </trkpt>
      <trkpt lat="25.717175873780803" lon="100.188576678477">
        <ele>1935.28466796875</ele>
        <time>2026-08-04T23:28:28Z</time>
        <extensions>
          <gpxtpx:TrackPointExtension>
            <gpxtpx:hr>143</gpxtpx:hr>
          </gpxtpx:TrackPointExtension>
        </extensions>
      </trkpt>
      <trkpt lat="25.71733353825386" lon="100.18890331453139">
        <ele>1936.168701171875</ele>
        <time>2026-08-04T23:28:40Z</time>
        <extensions>
          <gpxtpx:TrackPointExtension>
            <gpxtpx:hr>143</gpxtpx:hr>
          </gpxtpx:TrackPointExtension>
        </extensions>
      </trkpt>
      <trkpt lat="25.71749418713604" lon="100.1892209312343">
        <ele>1936.0830078125</ele>
        <time>2026-08-04T23:28:52Z</time>
        <extensions>
          <gpxtpx:TrackPointExtension>
            <gpxtpx:hr>145</gpxtpx:hr>
          </gpxtpx:TrackPointExtension>
        </extensions>
      </trkpt>
      <trkpt lat="25.717615845951904" lon="100.18955758434548">
        <ele>1936.6025390625</ele>
        <time>2026-08-04T23:29:04Z</time>
        <extensions>
          <gpxtpx:TrackPointExtension>
            <gpxtpx:hr>147</gpxtpx:hr>
          </gpxtpx:TrackPointExtension>
        </extensions>
      </trkpt>
      <trkpt lat="25.71774848837697" lon="100.18988221200668">
        <ele>1935.33154296875</ele>
        <time>2026-08-04T23:29:16Z</time>
        <extensions>
          <gpxtpx:TrackPointExtension>
            <gpxtpx:hr>150</gpxtpx:hr>
          </gpxtpx:TrackPointExtension>
        </extensions>
      </trkpt>
      <trkpt lat="25.717875104954523" lon="100.19019481480477">
        <ele>1936.96533203125</ele>
        <time>2026-08-04T23:29:31Z</time>
        <extensions>
          <gpxtpx:TrackPointExtension>
            <gpxtpx:hr>148</gpxtpx:hr>
          </gpxtpx:TrackPointExtension>
        </extensions>
      </trkpt>
      <trkpt lat="25.717904269677184" lon="100.19027997887801">
        <ele>1936.57763671875</ele>
        <time>2026-08-04T23:29:34Z</time>
        <extensions>
          <gpxtpx:TrackPointExtension>
            <gpxtpx:hr>148</gpxtpx:hr>
          </gpxtpx:TrackPointExtension>
        </extensions>
      </trkpt>
      <trkpt lat="25.71794863443786" lon="100.19047535537838">
        <ele>1935.854248046875</ele>
        <time>2026-08-04T23:29:40Z</time>
        <extensions>
          <gpxtpx:TrackPointExtension>
            <gpxtpx:hr>149</gpxtpx:hr>
          </gpxtpx:TrackPointExtension>
        </extensions>
      </trkpt>
      <trkpt lat="25.718096267111335" lon="100.19079196224598">
        <ele>1936.263671875</ele>
        <time>2026-08-04T23:29:52Z</time>
        <extensions>
          <gpxtpx:TrackPointExtension>
            <gpxtpx:hr>154</gpxtpx:hr>
          </gpxtpx:TrackPointExtension>
        </extensions>
      </trkpt>
      <trkpt lat="25.718262874387044" lon="100.19108852843732">
        <ele>1935.63623046875</ele>
        <time>2026-08-04T23:30:04Z</time>
        <extensions>
          <gpxtpx:TrackPointExtension>
            <gpxtpx:hr>155</gpxtpx:hr>
          </gpxtpx:TrackPointExtension>
        </extensions>
      </trkpt>
      <trkpt lat="25.71841649717626" lon="100.19139912027961">
        <ele>1936.91064453125</ele>
        <time>2026-08-04T23:30:16Z</time>
        <extensions>
          <gpxtpx:TrackPointExtension>
            <gpxtpx:hr>154</gpxtpx:hr>
          </gpxtpx:TrackPointExtension>
        </extensions>
      </trkpt>
      <trkpt lat="25.71856805188402" lon="100.1916716377535">
        <ele>1937.0888671875</ele>
        <time>2026-08-04T23:30:28Z</time>
        <extensions>
          <gpxtpx:TrackPointExtension>
            <gpxtpx:hr>152</gpxtpx:hr>
          </gpxtpx:TrackPointExtension>
        </extensions>
      </trkpt>
      <trkpt lat="25.71863134238972" lon="100.19181991923777">
        <ele>1936.1884765625</ele>
        <time>2026-08-04T23:30:34Z</time>
        <extensions>
          <gpxtpx:TrackPointExtension>
            <gpxtpx:hr>151</gpxtpx:hr>
          </gpxtpx:TrackPointExtension>
        </extensions>
      </trkpt>
      <trkpt lat="25.718688778610495" lon="100.1920553664408">
        <ele>1935.332763671875</ele>
        <time>2026-08-04T23:30:43Z</time>
        <extensions>
          <gpxtpx:TrackPointExtension>
            <gpxtpx:hr>146</gpxtpx:hr>
          </gpxtpx:TrackPointExtension>
        </extensions>
      </trkpt>
      <trkpt lat="25.718836405313553" lon="100.19237296635146">
        <ele>1936.276611328125</ele>
        <time>2026-08-04T23:30:55Z</time>
        <extensions>
          <gpxtpx:TrackPointExtension>
            <gpxtpx:hr>149</gpxtpx:hr>
          </gpxtpx:TrackPointExtension>
        </extensions>
      </trkpt>
      <trkpt lat="25.718899685619768" lon="100.19251623644836">
        <ele>1936.03662109375</ele>
        <time>2026-08-04T23:31:01Z</time>
        <extensions>
          <gpxtpx:TrackPointExtension>
            <gpxtpx:hr>151</gpxtpx:hr>
          </gpxtpx:TrackPointExtension>
        </extensions>
      </trkpt>
      <trkpt lat="25.718993697783617" lon="100.19249218855293">
        <ele>1936.13330078125</ele>
        <time>2026-08-04T23:31:07Z</time>
        <extensions>
          <gpxtpx:TrackPointExtension>
            <gpxtpx:hr>150</gpxtpx:hr>
          </gpxtpx:TrackPointExtension>
        </extensions>
      </trkpt>
      <trkpt lat="25.719162625786048" lon="100.19239399819125">
        <ele>1937.4912109375</ele>
        <time>2026-08-04T23:31:16Z</time>
        <extensions>
          <gpxtpx:TrackPointExtension>
            <gpxtpx:hr>147</gpxtpx:hr>
          </gpxtpx:TrackPointExtension>
        </extensions>
      </trkpt>
      <trkpt lat="25.719243524383337" lon="100.19230783265988">
        <ele>1935.35693359375</ele>
        <time>2026-08-04T23:31:22Z</time>
        <extensions>
          <gpxtpx:TrackPointExtension>
            <gpxtpx:hr>146</gpxtpx:hr>
          </gpxtpx:TrackPointExtension>
        </extensions>
      </trkpt>
      <trkpt lat="25.719228346213903" lon="100.19220864461937">
        <ele>1935.5654296875</ele>
        <time>2026-08-04T23:31:28Z</time>
        <extensions>
          <gpxtpx:TrackPointExtension>
            <gpxtpx:hr>146</gpxtpx:hr>
          </gpxtpx:TrackPointExtension>
        </extensions>
      </trkpt>
      <trkpt lat="25.71940250818613" lon="100.19224571074533">
        <ele>1936.125732421875</ele>
        <time>2026-08-04T23:31:37Z</time>
        <extensions>
          <gpxtpx:TrackPointExtension>
            <gpxtpx:hr>144</gpxtpx:hr>
          </gpxtpx:TrackPointExtension>
        </extensions>
      </trkpt>
      <trkpt lat="25.719498533422847" lon="100.19222867600608">
        <ele>1936.418212890625</ele>
        <time>2026-08-04T23:31:43Z</time>
        <extensions>
          <gpxtpx:TrackPointExtension>
            <gpxtpx:hr>144</gpxtpx:hr>
          </gpxtpx:TrackPointExtension>
        </extensions>
      </trkpt>
      <trkpt lat="25.719653324411816" lon="100.19205534254935">
        <ele>1936.146484375</ele>
        <time>2026-08-04T23:31:55Z</time>
        <extensions>
          <gpxtpx:TrackPointExtension>
            <gpxtpx:hr>143</gpxtpx:hr>
          </gpxtpx:TrackPointExtension>
        </extensions>
      </trkpt>
      <trkpt lat="25.71971335326007" lon="100.1920523353416">
        <ele>1935.324462890625</ele>
        <time>2026-08-04T23:31:58Z</time>
        <extensions>
          <gpxtpx:TrackPointExtension>
            <gpxtpx:hr>143</gpxtpx:hr>
          </gpxtpx:TrackPointExtension>
        </extensions>
      </trkpt>
      <trkpt lat="25.719753492661688" lon="100.19212046397944">
        <ele>1934.7939453125</ele>
        <time>2026-08-04T23:32:01Z</time>
        <extensions>
          <gpxtpx:TrackPointExtension>
            <gpxtpx:hr>142</gpxtpx:hr>
          </gpxtpx:TrackPointExtension>
        </extensions>
      </trkpt>
      <trkpt lat="25.719861123876875" lon="100.19245409490169">
        <ele>1933.89697265625</ele>
        <time>2026-08-04T23:32:13Z</time>
        <extensions>
          <gpxtpx:TrackPointExtension>
            <gpxtpx:hr>141</gpxtpx:hr>
          </gpxtpx:TrackPointExtension>
        </extensions>
      </trkpt>
      <trkpt lat="25.719908398400495" lon="100.19259936897541">
        <ele>1935.078125</ele>
        <time>2026-08-04T23:32:25Z</time>
        <extensions>
          <gpxtpx:TrackPointExtension>
            <gpxtpx:hr>143</gpxtpx:hr>
          </gpxtpx:TrackPointExtension>
        </extensions>
      </trkpt>
      <trkpt lat="25.719943513882807" lon="100.1926554743021">
        <ele>1935.4716796875</ele>
        <time>2026-08-04T23:32:28Z</time>
        <extensions>
          <gpxtpx:TrackPointExtension>
            <gpxtpx:hr>141</gpxtpx:hr>
          </gpxtpx:TrackPointExtension>
        </extensions>
      </trkpt>
      <trkpt lat="25.720002531964425" lon="100.19264645577744">
        <ele>1935.21435546875</ele>
        <time>2026-08-04T23:32:34Z</time>
        <extensions>
          <gpxtpx:TrackPointExtension>
            <gpxtpx:hr>142</gpxtpx:hr>
          </gpxtpx:TrackPointExtension>
        </extensions>
      </trkpt>
      <trkpt lat="25.72005688672103" lon="100.19283681433386">
        <ele>1933.330322265625</ele>
        <time>2026-08-04T23:32:43Z</time>
        <extensions>
          <gpxtpx:TrackPointExtension>
            <gpxtpx:hr>138</gpxtpx:hr>
          </gpxtpx:TrackPointExtension>
        </extensions>
      </trkpt>
      <trkpt lat="25.72013415181815" lon="100.1929670582776">
        <ele>1931.6025390625</ele>
        <time>2026-08-04T23:32:49Z</time>
        <extensions>
          <gpxtpx:TrackPointExtension>
            <gpxtpx:hr>135</gpxtpx:hr>
          </gpxtpx:TrackPointExtension>
        </extensions>
      </trkpt>
      <trkpt lat="25.720109263562826" lon="100.1930411986998">
        <ele>1931.5546875</ele>
        <time>2026-08-04T23:32:52Z</time>
        <extensions>
          <gpxtpx:TrackPointExtension>
            <gpxtpx:hr>135</gpxtpx:hr>
          </gpxtpx:TrackPointExtension>
        </extensions>
      </trkpt>
      <trkpt lat="25.720085370684018" lon="100.19311233333151">
        <ele>1932.193359375</ele>
        <time>2026-08-04T23:32:55Z</time>
        <extensions>
          <gpxtpx:TrackPointExtension>
            <gpxtpx:hr>135</gpxtpx:hr>
          </gpxtpx:TrackPointExtension>
        </extensions>
      </trkpt>
      <trkpt lat="25.720101520784862" lon="100.19319548950463">
        <ele>1933.16162109375</ele>
        <time>2026-08-04T23:32:58Z</time>
        <extensions>
          <gpxtpx:TrackPointExtension>
            <gpxtpx:hr>135</gpxtpx:hr>
          </gpxtpx:TrackPointExtension>
        </extensions>
      </trkpt>
      <trkpt lat="25.720088630565183" lon="100.1932646198863">
        <ele>1932.786376953125</ele>
        <time>2026-08-04T23:33:01Z</time>
        <extensions>
          <gpxtpx:TrackPointExtension>
            <gpxtpx:hr>135</gpxtpx:hr>
          </gpxtpx:TrackPointExtension>
        </extensions>
      </trkpt>
      <trkpt lat="25.720103734091566" lon="100.1933207250033">
        <ele>1933.23876953125</ele>
        <time>2026-08-04T23:33:07Z</time>
        <extensions>
          <gpxtpx:TrackPointExtension>
            <gpxtpx:hr>137</gpxtpx:hr>
          </gpxtpx:TrackPointExtension>
        </extensions>
      </trkpt>
      <trkpt lat="25.72000768644392" lon="100.19332473491336">
        <ele>1932.38818359375</ele>
        <time>2026-08-04T23:33:34Z</time>
        <extensions>
          <gpxtpx:TrackPointExtension>
            <gpxtpx:hr>129</gpxtpx:hr>
          </gpxtpx:TrackPointExtension>
        </extensions>
      </trkpt>
      <trkpt lat="25.719994760474265" lon="100.19337282560221">
        <ele>1932.877197265625</ele>
        <time>2026-08-04T23:33:40Z</time>
        <extensions>
          <gpxtpx:TrackPointExtension>
            <gpxtpx:hr>125</gpxtpx:hr>
          </gpxtpx:TrackPointExtension>
        </extensions>
      </trkpt>
      <trkpt lat="25.7200656429807" lon="100.19327964871766">
        <ele>1932.42578125</ele>
        <time>2026-08-04T23:34:07Z</time>
        <extensions>
          <gpxtpx:TrackPointExtension>
            <gpxtpx:hr>127</gpxtpx:hr>
          </gpxtpx:TrackPointExtension>
        </extensions>
      </trkpt>
      <trkpt lat="25.72009451851395" lon="100.19319649156358">
        <ele>1932.023681640625</ele>
        <time>2026-08-04T23:34:13Z</time>
        <extensions>
          <gpxtpx:TrackPointExtension>
            <gpxtpx:hr>125</gpxtpx:hr>
          </gpxtpx:TrackPointExtension>
        </extensions>
      </trkpt>
      <trkpt lat="25.720083396745107" lon="100.19312836357335">
        <ele>1932.33447265625</ele>
        <time>2026-08-04T23:34:16Z</time>
        <extensions>
          <gpxtpx:TrackPointExtension>
            <gpxtpx:hr>126</gpxtpx:hr>
          </gpxtpx:TrackPointExtension>
        </extensions>
      </trkpt>
      <trkpt lat="25.720101291342786" lon="100.1930602347765">
        <ele>1932.1865234375</ele>
        <time>2026-08-04T23:34:19Z</time>
        <extensions>
          <gpxtpx:TrackPointExtension>
            <gpxtpx:hr>127</gpxtpx:hr>
          </gpxtpx:TrackPointExtension>
        </extensions>
      </trkpt>
      <trkpt lat="25.720373198837574" lon="100.19291495405506">
        <ele>1931.748779296875</ele>
        <time>2026-08-04T23:34:31Z</time>
        <extensions>
          <gpxtpx:TrackPointExtension>
            <gpxtpx:hr>131</gpxtpx:hr>
          </gpxtpx:TrackPointExtension>
        </extensions>
      </trkpt>
      <trkpt lat="25.720632192452474" lon="100.19282477737926">
        <ele>1930.02001953125</ele>
        <time>2026-08-04T23:34:43Z</time>
        <extensions>
          <gpxtpx:TrackPointExtension>
            <gpxtpx:hr>134</gpxtpx:hr>
          </gpxtpx:TrackPointExtension>
        </extensions>
      </trkpt>
      <trkpt lat="25.720895133662744" lon="100.1927025398227">
        <ele>1932.697265625</ele>
        <time>2026-08-04T23:34:55Z</time>
        <extensions>
          <gpxtpx:TrackPointExtension>
            <gpxtpx:hr>137</gpxtpx:hr>
          </gpxtpx:TrackPointExtension>
        </extensions>
      </trkpt>
      <trkpt lat="25.721059115826936" lon="100.1926374125495">
        <ele>1933.45654296875</ele>
        <time>2026-08-04T23:35:07Z</time>
        <extensions>
          <gpxtpx:TrackPointExtension>
            <gpxtpx:hr>138</gpxtpx:hr>
          </gpxtpx:TrackPointExtension>
        </extensions>
      </trkpt>
      <trkpt lat="25.721107148212514" lon="100.1926404170486">
        <ele>1932.0029296875</ele>
        <time>2026-08-04T23:35:19Z</time>
        <extensions>
          <gpxtpx:TrackPointExtension>
            <gpxtpx:hr>132</gpxtpx:hr>
          </gpxtpx:TrackPointExtension>
        </extensions>
      </trkpt>
      <trkpt lat="25.72118890938212" lon="100.19247309810865">
        <ele>1931.157470703125</ele>
        <time>2026-08-04T23:35:43Z</time>
        <extensions>
          <gpxtpx:TrackPointExtension>
            <gpxtpx:hr>125</gpxtpx:hr>
          </gpxtpx:TrackPointExtension>
        </extensions>
      </trkpt>
      <trkpt lat="25.72132091081278" lon="100.19243001315448">
        <ele>1930.84521484375</ele>
        <time>2026-08-04T23:35:49Z</time>
        <extensions>
          <gpxtpx:TrackPointExtension>
            <gpxtpx:hr>127</gpxtpx:hr>
          </gpxtpx:TrackPointExtension>
        </extensions>
      </trkpt>
      <trkpt lat="25.721413785615464" lon="100.19232581314829">
        <ele>1930.12744140625</ele>
        <time>2026-08-04T23:35:58Z</time>
        <extensions>
          <gpxtpx:TrackPointExtension>
            <gpxtpx:hr>130</gpxtpx:hr>
          </gpxtpx:TrackPointExtension>
        </extensions>
      </trkpt>
      <trkpt lat="25.721394663452106" lon="100.19226068995403">
        <ele>1930.42333984375</ele>
        <time>2026-08-04T23:36:01Z</time>
        <extensions>
          <gpxtpx:TrackPointExtension>
            <gpxtpx:hr>132</gpxtpx:hr>
          </gpxtpx:TrackPointExtension>
        </extensions>
      </trkpt>
      <trkpt lat="25.72131350599137" lon="100.19219556821844">
        <ele>1930.9560546875</ele>
        <time>2026-08-04T23:36:07Z</time>
        <extensions>
          <gpxtpx:TrackPointExtension>
            <gpxtpx:hr>132</gpxtpx:hr>
          </gpxtpx:TrackPointExtension>
        </extensions>
      </trkpt>
      <trkpt lat="25.721305407101674" lon="100.19214046365046">
        <ele>1930.835205078125</ele>
        <time>2026-08-04T23:36:10Z</time>
        <extensions>
          <gpxtpx:TrackPointExtension>
            <gpxtpx:hr>132</gpxtpx:hr>
          </gpxtpx:TrackPointExtension>
        </extensions>
      </trkpt>
      <trkpt lat="25.72136637655045" lon="100.19210238972224">
        <ele>1931.54052734375</ele>
        <time>2026-08-04T23:36:13Z</time>
        <extensions>
          <gpxtpx:TrackPointExtension>
            <gpxtpx:hr>132</gpxtpx:hr>
          </gpxtpx:TrackPointExtension>
        </extensions>
      </trkpt>
      <trkpt lat="25.721439436913524" lon="100.19211340887833">
        <ele>1932.2236328125</ele>
        <time>2026-08-04T23:36:16Z</time>
        <extensions>
          <gpxtpx:TrackPointExtension>
            <gpxtpx:hr>131</gpxtpx:hr>
          </gpxtpx:TrackPointExtension>
        </extensions>
      </trkpt>
      <trkpt lat="25.72155293825042" lon="100.1923688914701">
        <ele>1930.84765625</ele>
        <time>2026-08-04T23:36:31Z</time>
        <extensions>
          <gpxtpx:TrackPointExtension>
            <gpxtpx:hr>137</gpxtpx:hr>
          </gpxtpx:TrackPointExtension>
        </extensions>
      </trkpt>
      <trkpt lat="25.72146346771453" lon="100.192123427341">
        <ele>1932.54248046875</ele>
        <time>2026-08-04T23:36:43Z</time>
        <extensions>
          <gpxtpx:TrackPointExtension>
            <gpxtpx:hr>133</gpxtpx:hr>
          </gpxtpx:TrackPointExtension>
        </extensions>
      </trkpt>
      <trkpt lat="25.721600408246896" lon="100.192043271434">
        <ele>1933.75537109375</ele>
        <time>2026-08-04T23:36:55Z</time>
        <extensions>
          <gpxtpx:TrackPointExtension>
            <gpxtpx:hr>133</gpxtpx:hr>
          </gpxtpx:TrackPointExtension>
        </extensions>
      </trkpt>
      <trkpt lat="25.72170022622989" lon="100.19190400368856">
        <ele>1933.3994140625</ele>
        <time>2026-08-04T23:37:01Z</time>
        <extensions>
          <gpxtpx:TrackPointExtension>
            <gpxtpx:hr>139</gpxtpx:hr>
          </gpxtpx:TrackPointExtension>
        </extensions>
      </trkpt>
      <trkpt lat="25.721828836438537" lon="100.19163448613742">
        <ele>1933.052734375</ele>
        <time>2026-08-04T23:37:13Z</time>
        <extensions>
          <gpxtpx:TrackPointExtension>
            <gpxtpx:hr>138</gpxtpx:hr>
          </gpxtpx:TrackPointExtension>
        </extensions>
      </trkpt>
      <trkpt lat="25.721932685158652" lon="100.19151224985416">
        <ele>1933.68359375</ele>
        <time>2026-08-04T23:37:19Z</time>
        <extensions>
          <gpxtpx:TrackPointExtension>
            <gpxtpx:hr>140</gpxtpx:hr>
          </gpxtpx:TrackPointExtension>
        </extensions>
      </trkpt>
      <trkpt lat="25.722191528522924" lon="100.19133590581582">
        <ele>1933.9638671875</ele>
        <time>2026-08-04T23:37:40Z</time>
        <extensions>
          <gpxtpx:TrackPointExtension>
            <gpxtpx:hr>140</gpxtpx:hr>
          </gpxtpx:TrackPointExtension>
        </extensions>
      </trkpt>
      <trkpt lat="25.722351477785228" lon="100.19125374436172">
        <ele>1934.27685546875</ele>
        <time>2026-08-04T23:37:46Z</time>
        <extensions>
          <gpxtpx:TrackPointExtension>
            <gpxtpx:hr>136</gpxtpx:hr>
          </gpxtpx:TrackPointExtension>
        </extensions>
      </trkpt>
      <trkpt lat="25.72268651276014" lon="100.19116356306604">
        <ele>1934.13330078125</ele>
        <time>2026-08-04T23:37:58Z</time>
        <extensions>
          <gpxtpx:TrackPointExtension>
            <gpxtpx:hr>144</gpxtpx:hr>
          </gpxtpx:TrackPointExtension>
        </extensions>
      </trkpt>
      <trkpt lat="25.722998588311743" lon="100.19110444184744">
        <ele>1933.88623046875</ele>
        <time>2026-08-04T23:38:10Z</time>
        <extensions>
          <gpxtpx:TrackPointExtension>
            <gpxtpx:hr>147</gpxtpx:hr>
          </gpxtpx:TrackPointExtension>
        </extensions>
      </trkpt>
      <trkpt lat="25.72331269449881" lon="100.1910623532394">
        <ele>1935.91845703125</ele>
        <time>2026-08-04T23:38:22Z</time>
        <extensions>
          <gpxtpx:TrackPointExtension>
            <gpxtpx:hr>146</gpxtpx:hr>
          </gpxtpx:TrackPointExtension>
        </extensions>
      </trkpt>
      <trkpt lat="25.72355977467302" lon="100.19102727973919">
        <ele>1936.59375</ele>
        <time>2026-08-04T23:38:40Z</time>
        <extensions>
          <gpxtpx:TrackPointExtension>
            <gpxtpx:hr>142</gpxtpx:hr>
          </gpxtpx:TrackPointExtension>
        </extensions>
      </trkpt>
      <trkpt lat="25.723893764033683" lon="100.19091104800435">
        <ele>1937.27880859375</ele>
        <time>2026-08-04T23:38:52Z</time>
        <extensions>
          <gpxtpx:TrackPointExtension>
            <gpxtpx:hr>142</gpxtpx:hr>
          </gpxtpx:TrackPointExtension>
        </extensions>
      </trkpt>
      <trkpt lat="25.724225727833677" lon="100.19078078907157">
        <ele>1941.052734375</ele>
        <time>2026-08-04T23:39:04Z</time>
        <extensions>
          <gpxtpx:TrackPointExtension>
            <gpxtpx:hr>146</gpxtpx:hr>
          </gpxtpx:TrackPointExtension>
        </extensions>
      </trkpt>
      <trkpt lat="25.72430778333464" lon="100.19078579668505">
        <ele>1939.36279296875</ele>
        <time>2026-08-04T23:39:07Z</time>
        <extensions>
          <gpxtpx:TrackPointExtension>
            <gpxtpx:hr>148</gpxtpx:hr>
          </gpxtpx:TrackPointExtension>
        </extensions>
      </trkpt>
      <trkpt lat="25.724451241550824" lon="100.19100321142778">
        <ele>1934.794921875</ele>
        <time>2026-08-04T23:39:19Z</time>
        <extensions>
          <gpxtpx:TrackPointExtension>
            <gpxtpx:hr>149</gpxtpx:hr>
          </gpxtpx:TrackPointExtension>
        </extensions>
      </trkpt>
      <trkpt lat="25.724468597679405" lon="100.19120359579891">
        <ele>1933.68017578125</ele>
        <time>2026-08-04T23:39:37Z</time>
        <extensions>
          <gpxtpx:TrackPointExtension>
            <gpxtpx:hr>141</gpxtpx:hr>
          </gpxtpx:TrackPointExtension>
        </extensions>
      </trkpt>
      <trkpt lat="25.72446269632867" lon="100.19126270932725">
        <ele>1933.605224609375</ele>
        <time>2026-08-04T23:39:52Z</time>
        <extensions>
          <gpxtpx:TrackPointExtension>
            <gpxtpx:hr>142</gpxtpx:hr>
          </gpxtpx:TrackPointExtension>
        </extensions>
      </trkpt>
      <trkpt lat="25.724463506545344" lon="100.19115249786745">
        <ele>1933.138427734375</ele>
        <time>2026-08-04T23:43:08Z</time>
        <extensions>
          <gpxtpx:TrackPointExtension>
            <gpxtpx:hr>114</gpxtpx:hr>
          </gpxtpx:TrackPointExtension>
        </extensions>
      </trkpt>
      <trkpt lat="25.724445406214766" lon="100.1911003982887">
        <ele>1932.44189453125</ele>
        <time>2026-08-04T23:43:11Z</time>
        <extensions>
          <gpxtpx:TrackPointExtension>
            <gpxtpx:hr>114</gpxtpx:hr>
          </gpxtpx:TrackPointExtension>
        </extensions>
      </trkpt>
      <trkpt lat="25.72444516876655" lon="100.19096313453403">
        <ele>1932.76904296875</ele>
        <time>2026-08-04T23:43:17Z</time>
        <extensions>
          <gpxtpx:TrackPointExtension>
            <gpxtpx:hr>118</gpxtpx:hr>
          </gpxtpx:TrackPointExtension>
        </extensions>
      </trkpt>
      <trkpt lat="25.724751098883065" lon="100.19082185514611">
        <ele>1935.71044921875</ele>
        <time>2026-08-04T23:43:32Z</time>
        <extensions>
          <gpxtpx:TrackPointExtension>
            <gpxtpx:hr>120</gpxtpx:hr>
          </gpxtpx:TrackPointExtension>
        </extensions>
      </trkpt>
      <trkpt lat="25.725065073339486" lon="100.19070361962947">
        <ele>1935.97705078125</ele>
        <time>2026-08-04T23:43:50Z</time>
        <extensions>
          <gpxtpx:TrackPointExtension>
            <gpxtpx:hr>132</gpxtpx:hr>
          </gpxtpx:TrackPointExtension>
        </extensions>
      </trkpt>
      <trkpt lat="25.725208061212786" lon="100.19064951178741">
        <ele>1936.012939453125</ele>
        <time>2026-08-04T23:43:56Z</time>
        <extensions>
          <gpxtpx:TrackPointExtension>
            <gpxtpx:hr>132</gpxtpx:hr>
          </gpxtpx:TrackPointExtension>
        </extensions>
      </trkpt>
      <trkpt lat="25.725279098334582" lon="100.19064750616222">
        <ele>1935.86083984375</ele>
        <time>2026-08-04T23:43:59Z</time>
        <extensions>
          <gpxtpx:TrackPointExtension>
            <gpxtpx:hr>131</gpxtpx:hr>
          </gpxtpx:TrackPointExtension>
        </extensions>
      </trkpt>
      <trkpt lat="25.725356100629536" lon="100.19062345788183">
        <ele>1936.45458984375</ele>
        <time>2026-08-04T23:44:02Z</time>
        <extensions>
          <gpxtpx:TrackPointExtension>
            <gpxtpx:hr>132</gpxtpx:hr>
          </gpxtpx:TrackPointExtension>
        </extensions>
      </trkpt>
      <trkpt lat="25.725418198699483" lon="100.19065952589503">
        <ele>1935.501953125</ele>
        <time>2026-08-04T23:44:05Z</time>
        <extensions>
          <gpxtpx:TrackPointExtension>
            <gpxtpx:hr>134</gpxtpx:hr>
          </gpxtpx:TrackPointExtension>
        </extensions>
      </trkpt>
      <trkpt lat="25.725528499704495" lon="100.19079678764386">
        <ele>1934.4150390625</ele>
        <time>2026-08-04T23:44:11Z</time>
        <extensions>
          <gpxtpx:TrackPointExtension>
            <gpxtpx:hr>137</gpxtpx:hr>
          </gpxtpx:TrackPointExtension>
        </extensions>
      </trkpt>
      <trkpt lat="25.72549128740061" lon="100.1906865762329">
        <ele>1933.417236328125</ele>
        <time>2026-08-04T23:44:41Z</time>
        <extensions>
          <gpxtpx:TrackPointExtension>
            <gpxtpx:hr>128</gpxtpx:hr>
          </gpxtpx:TrackPointExtension>
        </extensions>
      </trkpt>
      <trkpt lat="25.725483136741786" lon="100.19060241414901">
        <ele>1933.855712890625</ele>
        <time>2026-08-04T23:44:44Z</time>
        <extensions>
          <gpxtpx:TrackPointExtension>
            <gpxtpx:hr>125</gpxtpx:hr>
          </gpxtpx:TrackPointExtension>
        </extensions>
      </trkpt>
      <trkpt lat="25.725510051259057" lon="100.19054430135634">
        <ele>1933.9521484375</ele>
        <time>2026-08-04T23:44:47Z</time>
        <extensions>
          <gpxtpx:TrackPointExtension>
            <gpxtpx:hr>128</gpxtpx:hr>
          </gpxtpx:TrackPointExtension>
        </extensions>
      </trkpt>
      <trkpt lat="25.725762016091778" lon="100.19044109584716">
        <ele>1936.875</ele>
        <time>2026-08-04T23:45:02Z</time>
        <extensions>
          <gpxtpx:TrackPointExtension>
            <gpxtpx:hr>132</gpxtpx:hr>
          </gpxtpx:TrackPointExtension>
        </extensions>
      </trkpt>
      <trkpt lat="25.72582296910799" lon="100.19039400335049">
        <ele>1936.6748046875</ele>
        <time>2026-08-04T23:45:05Z</time>
        <extensions>
          <gpxtpx:TrackPointExtension>
            <gpxtpx:hr>131</gpxtpx:hr>
          </gpxtpx:TrackPointExtension>
        </extensions>
      </trkpt>
      <trkpt lat="25.725798033211124" lon="100.19043909108305">
        <ele>1935.07421875</ele>
        <time>2026-08-04T23:45:14Z</time>
        <extensions>
          <gpxtpx:TrackPointExtension>
            <gpxtpx:hr>131</gpxtpx:hr>
          </gpxtpx:TrackPointExtension>
        </extensions>
      </trkpt>
      <trkpt lat="25.725737057524654" lon="100.19047315839187">
        <ele>1934.41796875</ele>
        <time>2026-08-04T23:45:35Z</time>
        <extensions>
          <gpxtpx:TrackPointExtension>
            <gpxtpx:hr>130</gpxtpx:hr>
          </gpxtpx:TrackPointExtension>
        </extensions>
      </trkpt>
      <trkpt lat="25.725473059680642" lon="100.1905613351439">
        <ele>1935.047607421875</ele>
        <time>2026-08-04T23:45:47Z</time>
        <extensions>
          <gpxtpx:TrackPointExtension>
            <gpxtpx:hr>130</gpxtpx:hr>
          </gpxtpx:TrackPointExtension>
        </extensions>
      </trkpt>
      <trkpt lat="25.725205097751783" lon="100.19067155435822">
        <ele>1935.70556640625</ele>
        <time>2026-08-04T23:46:02Z</time>
        <extensions>
          <gpxtpx:TrackPointExtension>
            <gpxtpx:hr>127</gpxtpx:hr>
          </gpxtpx:TrackPointExtension>
        </extensions>
      </trkpt>
      <trkpt lat="25.724897137162056" lon="100.19079580136788">
        <ele>1936.42578125</ele>
        <time>2026-08-04T23:46:17Z</time>
        <extensions>
          <gpxtpx:TrackPointExtension>
            <gpxtpx:hr>128</gpxtpx:hr>
          </gpxtpx:TrackPointExtension>
        </extensions>
      </trkpt>
      <trkpt lat="25.72465616785261" lon="100.19089299440853">
        <ele>1936.35791015625</ele>
        <time>2026-08-04T23:46:32Z</time>
        <extensions>
          <gpxtpx:TrackPointExtension>
            <gpxtpx:hr>129</gpxtpx:hr>
          </gpxtpx:TrackPointExtension>
        </extensions>
      </trkpt>
      <trkpt lat="25.724585146381166" lon="100.19090401737263">
        <ele>1935.945556640625</ele>
        <time>2026-08-04T23:46:38Z</time>
        <extensions>
          <gpxtpx:TrackPointExtension>
            <gpxtpx:hr>127</gpxtpx:hr>
          </gpxtpx:TrackPointExtension>
        </extensions>
      </trkpt>
      <trkpt lat="25.72452708548755" lon="100.19088798797003">
        <ele>1935.935546875</ele>
        <time>2026-08-04T23:46:41Z</time>
        <extensions>
          <gpxtpx:TrackPointExtension>
            <gpxtpx:hr>126</gpxtpx:hr>
          </gpxtpx:TrackPointExtension>
        </extensions>
      </trkpt>
      <trkpt lat="25.724397006037336" lon="100.19088498541149">
        <ele>1935.76171875</ele>
        <time>2026-08-04T23:46:47Z</time>
        <extensions>
          <gpxtpx:TrackPointExtension>
            <gpxtpx:hr>126</gpxtpx:hr>
          </gpxtpx:TrackPointExtension>
        </extensions>
      </trkpt>
      <trkpt lat="25.724311802987206" lon="100.19079581587981">
        <ele>1935.76220703125</ele>
        <time>2026-08-04T23:46:53Z</time>
        <extensions>
          <gpxtpx:TrackPointExtension>
            <gpxtpx:hr>127</gpxtpx:hr>
          </gpxtpx:TrackPointExtension>
        </extensions>
      </trkpt>
      <trkpt lat="25.724263723471122" lon="100.19076575918342">
        <ele>1936.33837890625</ele>
        <time>2026-08-04T23:46:56Z</time>
        <extensions>
          <gpxtpx:TrackPointExtension>
            <gpxtpx:hr>127</gpxtpx:hr>
          </gpxtpx:TrackPointExtension>
        </extensions>
      </trkpt>
      <trkpt lat="25.723978727501084" lon="100.19086195143684">
        <ele>1936.82763671875</ele>
        <time>2026-08-04T23:47:14Z</time>
        <extensions>
          <gpxtpx:TrackPointExtension>
            <gpxtpx:hr>128</gpxtpx:hr>
          </gpxtpx:TrackPointExtension>
        </extensions>
      </trkpt>
      <trkpt lat="25.723689734387225" lon="100.19096114940804">
        <ele>1937.2939453125</ele>
        <time>2026-08-04T23:47:29Z</time>
        <extensions>
          <gpxtpx:TrackPointExtension>
            <gpxtpx:hr>126</gpxtpx:hr>
          </gpxtpx:TrackPointExtension>
        </extensions>
      </trkpt>
      <trkpt lat="25.723581766418924" lon="100.19101525608887">
        <ele>1936.737060546875</ele>
        <time>2026-08-04T23:47:35Z</time>
        <extensions>
          <gpxtpx:TrackPointExtension>
            <gpxtpx:hr>127</gpxtpx:hr>
          </gpxtpx:TrackPointExtension>
        </extensions>
      </trkpt>
      <trkpt lat="25.72357484908037" lon="100.19106535251527">
        <ele>1936.04833984375</ele>
        <time>2026-08-04T23:47:41Z</time>
        <extensions>
          <gpxtpx:TrackPointExtension>
            <gpxtpx:hr>127</gpxtpx:hr>
          </gpxtpx:TrackPointExtension>
        </extensions>
      </trkpt>
      <trkpt lat="25.7234006788114" lon="100.19102427790683">
        <ele>1936.6796875</ele>
        <time>2026-08-04T23:47:56Z</time>
        <extensions>
          <gpxtpx:TrackPointExtension>
            <gpxtpx:hr>125</gpxtpx:hr>
          </gpxtpx:TrackPointExtension>
        </extensions>
      </trkpt>
      <trkpt lat="25.723132597103948" lon="100.19106536347762">
        <ele>1937.63427734375</ele>
        <time>2026-08-04T23:48:14Z</time>
        <extensions>
          <gpxtpx:TrackPointExtension>
            <gpxtpx:hr>125</gpxtpx:hr>
          </gpxtpx:TrackPointExtension>
        </extensions>
      </trkpt>
      <trkpt lat="25.722936513146756" lon="100.1910813991302">
        <ele>1936.819580078125</ele>
        <time>2026-08-04T23:48:23Z</time>
        <extensions>
          <gpxtpx:TrackPointExtension>
            <gpxtpx:hr>127</gpxtpx:hr>
          </gpxtpx:TrackPointExtension>
        </extensions>
      </trkpt>
      <trkpt lat="25.722627487819086" lon="100.19116857414342">
        <ele>1935.86376953125</ele>
        <time>2026-08-04T23:48:41Z</time>
        <extensions>
          <gpxtpx:TrackPointExtension>
            <gpxtpx:hr>129</gpxtpx:hr>
          </gpxtpx:TrackPointExtension>
        </extensions>
      </trkpt>
      <trkpt lat="25.722346474939474" lon="100.1912537444857">
        <ele>1935.865478515625</ele>
        <time>2026-08-04T23:48:53Z</time>
        <extensions>
          <gpxtpx:TrackPointExtension>
            <gpxtpx:hr>126</gpxtpx:hr>
          </gpxtpx:TrackPointExtension>
        </extensions>
      </trkpt>
      <trkpt lat="25.722208462126545" lon="100.19129182090414">
        <ele>1935.28369140625</ele>
        <time>2026-08-04T23:48:59Z</time>
        <extensions>
          <gpxtpx:TrackPointExtension>
            <gpxtpx:hr>128</gpxtpx:hr>
          </gpxtpx:TrackPointExtension>
        </extensions>
      </trkpt>
      <trkpt lat="25.721941674745057" lon="100.19150323237993">
        <ele>1936.18115234375</ele>
        <time>2026-08-04T23:49:14Z</time>
        <extensions>
          <gpxtpx:TrackPointExtension>
            <gpxtpx:hr>134</gpxtpx:hr>
          </gpxtpx:TrackPointExtension>
        </extensions>
      </trkpt>
      <trkpt lat="25.721795834910726" lon="100.19164450609983">
        <ele>1936.487060546875</ele>
        <time>2026-08-04T23:49:23Z</time>
        <extensions>
          <gpxtpx:TrackPointExtension>
            <gpxtpx:hr>132</gpxtpx:hr>
          </gpxtpx:TrackPointExtension>
        </extensions>
      </trkpt>
      <trkpt lat="25.721723012183645" lon="100.19177175088542">
        <ele>1935.21484375</ele>
        <time>2026-08-04T23:49:29Z</time>
        <extensions>
          <gpxtpx:TrackPointExtension>
            <gpxtpx:hr>132</gpxtpx:hr>
          </gpxtpx:TrackPointExtension>
        </extensions>
      </trkpt>
      <trkpt lat="25.721671232095623" lon="100.19191702923145">
        <ele>1935.15966796875</ele>
        <time>2026-08-04T23:49:35Z</time>
        <extensions>
          <gpxtpx:TrackPointExtension>
            <gpxtpx:hr>131</gpxtpx:hr>
          </gpxtpx:TrackPointExtension>
        </extensions>
      </trkpt>
      <trkpt lat="25.721633313626064" lon="100.19197714470597">
        <ele>1935.3125</ele>
        <time>2026-08-04T23:49:38Z</time>
        <extensions>
          <gpxtpx:TrackPointExtension>
            <gpxtpx:hr>131</gpxtpx:hr>
          </gpxtpx:TrackPointExtension>
        </extensions>
      </trkpt>
      <trkpt lat="25.72147140017213" lon="100.19208134708886">
        <ele>1935.73291015625</ele>
        <time>2026-08-04T23:49:47Z</time>
        <extensions>
          <gpxtpx:TrackPointExtension>
            <gpxtpx:hr>131</gpxtpx:hr>
          </gpxtpx:TrackPointExtension>
        </extensions>
      </trkpt>
      <trkpt lat="25.721422353439824" lon="100.1920703273315">
        <ele>1935.7265625</ele>
        <time>2026-08-04T23:49:53Z</time>
        <extensions>
          <gpxtpx:TrackPointExtension>
            <gpxtpx:hr>133</gpxtpx:hr>
          </gpxtpx:TrackPointExtension>
        </extensions>
      </trkpt>
      <trkpt lat="25.72131692082597" lon="100.19185291576632">
        <ele>1934.592529296875</ele>
        <time>2026-08-04T23:50:35Z</time>
        <extensions>
          <gpxtpx:TrackPointExtension>
            <gpxtpx:hr>122</gpxtpx:hr>
          </gpxtpx:TrackPointExtension>
        </extensions>
      </trkpt>
      <trkpt lat="25.72127983097523" lon="100.19181284024586">
        <ele>1934.4169921875</ele>
        <time>2026-08-04T23:50:53Z</time>
        <extensions>
          <gpxtpx:TrackPointExtension>
            <gpxtpx:hr>117</gpxtpx:hr>
          </gpxtpx:TrackPointExtension>
        </extensions>
      </trkpt>
      <trkpt lat="25.721110245560293" lon="100.19152830089928">
        <ele>1933.912109375</ele>
        <time>2026-08-04T23:51:35Z</time>
        <extensions>
          <gpxtpx:TrackPointExtension>
            <gpxtpx:hr>113</gpxtpx:hr>
          </gpxtpx:TrackPointExtension>
        </extensions>
      </trkpt>
      <trkpt lat="25.721013831791687" lon="100.19131990428163">
        <ele>1933.0126953125</ele>
        <time>2026-08-04T23:51:44Z</time>
        <extensions>
          <gpxtpx:TrackPointExtension>
            <gpxtpx:hr>114</gpxtpx:hr>
          </gpxtpx:TrackPointExtension>
        </extensions>
      </trkpt>
      <trkpt lat="25.720831205655838" lon="100.19101732811927">
        <ele>1934.5439453125</ele>
        <time>2026-08-04T23:51:56Z</time>
        <extensions>
          <gpxtpx:TrackPointExtension>
            <gpxtpx:hr>118</gpxtpx:hr>
          </gpxtpx:TrackPointExtension>
        </extensions>
      </trkpt>
      <trkpt lat="25.720661613337075" lon="100.19073078093064">
        <ele>1935.816162109375</ele>
        <time>2026-08-04T23:52:08Z</time>
        <extensions>
          <gpxtpx:TrackPointExtension>
            <gpxtpx:hr>125</gpxtpx:hr>
          </gpxtpx:TrackPointExtension>
        </extensions>
      </trkpt>
      <trkpt lat="25.720525007172583" lon="100.19042619667592">
        <ele>1936.93359375</ele>
        <time>2026-08-04T23:52:23Z</time>
        <extensions>
          <gpxtpx:TrackPointExtension>
            <gpxtpx:hr>133</gpxtpx:hr>
          </gpxtpx:TrackPointExtension>
        </extensions>
      </trkpt>
      <trkpt lat="25.720355375684598" lon="100.19011860584685">
        <ele>1934.73876953125</ele>
        <time>2026-08-04T23:52:38Z</time>
        <extensions>
          <gpxtpx:TrackPointExtension>
            <gpxtpx:hr>134</gpxtpx:hr>
          </gpxtpx:TrackPointExtension>
        </extensions>
      </trkpt>
      <trkpt lat="25.7201857130621" lon="100.18979398035633">
        <ele>1935.859619140625</ele>
        <time>2026-08-04T23:52:53Z</time>
        <extensions>
          <gpxtpx:TrackPointExtension>
            <gpxtpx:hr>136</gpxtpx:hr>
          </gpxtpx:TrackPointExtension>
        </extensions>
      </trkpt>
      <trkpt lat="25.720008065485565" lon="100.18948137674873">
        <ele>1935.771728515625</ele>
        <time>2026-08-04T23:53:08Z</time>
        <extensions>
          <gpxtpx:TrackPointExtension>
            <gpxtpx:hr>138</gpxtpx:hr>
          </gpxtpx:TrackPointExtension>
        </extensions>
      </trkpt>
      <trkpt lat="25.719840411656033" lon="100.1891627595727">
        <ele>1935.46142578125</ele>
        <time>2026-08-04T23:53:23Z</time>
        <extensions>
          <gpxtpx:TrackPointExtension>
            <gpxtpx:hr>139</gpxtpx:hr>
          </gpxtpx:TrackPointExtension>
        </extensions>
      </trkpt>
      <trkpt lat="25.71970485750912" lon="100.18889123215477">
        <ele>1935.306396484375</ele>
        <time>2026-08-04T23:53:35Z</time>
        <extensions>
          <gpxtpx:TrackPointExtension>
            <gpxtpx:hr>140</gpxtpx:hr>
          </gpxtpx:TrackPointExtension>
        </extensions>
      </trkpt>
      <trkpt lat="25.71960841284819" lon="100.18866980083749">
        <ele>1935.35107421875</ele>
        <time>2026-08-04T23:53:44Z</time>
        <extensions>
          <gpxtpx:TrackPointExtension>
            <gpxtpx:hr>137</gpxtpx:hr>
          </gpxtpx:TrackPointExtension>
        </extensions>
      </trkpt>
      <trkpt lat="25.71947099740839" lon="100.18847842879752">
        <ele>1934.134765625</ele>
        <time>2026-08-04T23:53:56Z</time>
        <extensions>
          <gpxtpx:TrackPointExtension>
            <gpxtpx:hr>138</gpxtpx:hr>
          </gpxtpx:TrackPointExtension>
        </extensions>
      </trkpt>
      <trkpt lat="25.719334449077778" lon="100.1882119083694">
        <ele>1935.080322265625</ele>
        <time>2026-08-04T23:54:08Z</time>
        <extensions>
          <gpxtpx:TrackPointExtension>
            <gpxtpx:hr>138</gpxtpx:hr>
          </gpxtpx:TrackPointExtension>
        </extensions>
      </trkpt>
      <trkpt lat="25.71918988640525" lon="100.18794037718489">
        <ele>1935.416259765625</ele>
        <time>2026-08-04T23:54:20Z</time>
        <extensions>
          <gpxtpx:TrackPointExtension>
            <gpxtpx:hr>139</gpxtpx:hr>
          </gpxtpx:TrackPointExtension>
        </extensions>
      </trkpt>
      <trkpt lat="25.719012239993045" lon="100.18763277444947">
        <ele>1935.78955078125</ele>
        <time>2026-08-04T23:54:35Z</time>
        <extensions>
          <gpxtpx:TrackPointExtension>
            <gpxtpx:hr>139</gpxtpx:hr>
          </gpxtpx:TrackPointExtension>
        </extensions>
      </trkpt>
      <trkpt lat="25.71886369447373" lon="100.1873732648357">
        <ele>1935.69677734375</ele>
        <time>2026-08-04T23:54:47Z</time>
        <extensions>
          <gpxtpx:TrackPointExtension>
            <gpxtpx:hr>139</gpxtpx:hr>
          </gpxtpx:TrackPointExtension>
        </extensions>
      </trkpt>
      <trkpt lat="25.718776311321186" lon="100.18718589578863">
        <ele>1936.49365234375</ele>
        <time>2026-08-04T23:54:56Z</time>
        <extensions>
          <gpxtpx:TrackPointExtension>
            <gpxtpx:hr>139</gpxtpx:hr>
          </gpxtpx:TrackPointExtension>
        </extensions>
      </trkpt>
      <trkpt lat="25.718617755134503" lon="100.18692438076874">
        <ele>1935.72314453125</ele>
        <time>2026-08-04T23:55:08Z</time>
        <extensions>
          <gpxtpx:TrackPointExtension>
            <gpxtpx:hr>139</gpxtpx:hr>
          </gpxtpx:TrackPointExtension>
        </extensions>
      </trkpt>
      <trkpt lat="25.718452154711066" lon="100.18664082108698">
        <ele>1936.455322265625</ele>
        <time>2026-08-04T23:55:20Z</time>
        <extensions>
          <gpxtpx:TrackPointExtension>
            <gpxtpx:hr>142</gpxtpx:hr>
          </gpxtpx:TrackPointExtension>
        </extensions>
      </trkpt>
      <trkpt lat="25.71838393145161" lon="100.18653761730533">
        <ele>1935.43798828125</ele>
        <time>2026-08-04T23:55:32Z</time>
        <extensions>
          <gpxtpx:TrackPointExtension>
            <gpxtpx:hr>140</gpxtpx:hr>
          </gpxtpx:TrackPointExtension>
        </extensions>
      </trkpt>
      <trkpt lat="25.718227304251414" lon="100.18623702188387">
        <ele>1934.4267578125</ele>
        <time>2026-08-04T23:55:47Z</time>
        <extensions>
          <gpxtpx:TrackPointExtension>
            <gpxtpx:hr>137</gpxtpx:hr>
          </gpxtpx:TrackPointExtension>
        </extensions>
      </trkpt>
      <trkpt lat="25.718068718117024" lon="100.18596047337054">
        <ele>1936.72705078125</ele>
        <time>2026-08-04T23:55:59Z</time>
        <extensions>
          <gpxtpx:TrackPointExtension>
            <gpxtpx:hr>137</gpxtpx:hr>
          </gpxtpx:TrackPointExtension>
        </extensions>
      </trkpt>
      <trkpt lat="25.717929152679577" lon="100.18568993540435">
        <ele>1936.65625</ele>
        <time>2026-08-04T23:56:11Z</time>
        <extensions>
          <gpxtpx:TrackPointExtension>
            <gpxtpx:hr>137</gpxtpx:hr>
          </gpxtpx:TrackPointExtension>
        </extensions>
      </trkpt>
      <trkpt lat="25.717752482344146" lon="100.18537330489433">
        <ele>1937.619140625</ele>
        <time>2026-08-04T23:56:26Z</time>
        <extensions>
          <gpxtpx:TrackPointExtension>
            <gpxtpx:hr>137</gpxtpx:hr>
          </gpxtpx:TrackPointExtension>
        </extensions>
      </trkpt>
      <trkpt lat="25.717589746330738" lon="100.1850165921224">
        <ele>1936.16748046875</ele>
        <time>2026-08-04T23:56:47Z</time>
        <extensions>
          <gpxtpx:TrackPointExtension>
            <gpxtpx:hr>137</gpxtpx:hr>
          </gpxtpx:TrackPointExtension>
        </extensions>
      </trkpt>
      <trkpt lat="25.71757964098417" lon="100.18496148148505">
        <ele>1935.95703125</ele>
        <time>2026-08-04T23:56:50Z</time>
        <extensions>
          <gpxtpx:TrackPointExtension>
            <gpxtpx:hr>135</gpxtpx:hr>
          </gpxtpx:TrackPointExtension>
        </extensions>
      </trkpt>
      <trkpt lat="25.717520555085787" lon="100.18493242447099">
        <ele>1936.1171875</ele>
        <time>2026-08-04T23:57:08Z</time>
        <extensions>
          <gpxtpx:TrackPointExtension>
            <gpxtpx:hr>130</gpxtpx:hr>
          </gpxtpx:TrackPointExtension>
        </extensions>
      </trkpt>
      <trkpt lat="25.71724746080446" lon="100.18496549781477">
        <ele>1937.54736328125</ele>
        <time>2026-08-04T23:57:20Z</time>
        <extensions>
          <gpxtpx:TrackPointExtension>
            <gpxtpx:hr>129</gpxtpx:hr>
          </gpxtpx:TrackPointExtension>
        </extensions>
      </trkpt>
      <trkpt lat="25.717008577837838" lon="100.18510478392126">
        <ele>1937.98388671875</ele>
        <time>2026-08-04T23:57:32Z</time>
        <extensions>
          <gpxtpx:TrackPointExtension>
            <gpxtpx:hr>131</gpxtpx:hr>
          </gpxtpx:TrackPointExtension>
        </extensions>
      </trkpt>
      <trkpt lat="25.716735666488024" lon="100.1852390605621">
        <ele>1938.1689453125</ele>
        <time>2026-08-04T23:57:44Z</time>
        <extensions>
          <gpxtpx:TrackPointExtension>
            <gpxtpx:hr>136</gpxtpx:hr>
          </gpxtpx:TrackPointExtension>
        </extensions>
      </trkpt>
      <trkpt lat="25.716469760762138" lon="100.18537433880786">
        <ele>1938.338134765625</ele>
        <time>2026-08-04T23:57:56Z</time>
        <extensions>
          <gpxtpx:TrackPointExtension>
            <gpxtpx:hr>139</gpxtpx:hr>
          </gpxtpx:TrackPointExtension>
        </extensions>
      </trkpt>
      <trkpt lat="25.716192812559797" lon="100.18548957689902">
        <ele>1938.25146484375</ele>
        <time>2026-08-04T23:58:08Z</time>
        <extensions>
          <gpxtpx:TrackPointExtension>
            <gpxtpx:hr>138</gpxtpx:hr>
          </gpxtpx:TrackPointExtension>
        </extensions>
      </trkpt>
      <trkpt lat="25.715930905230152" lon="100.18562285058792">
        <ele>1938.2412109375</ele>
        <time>2026-08-04T23:58:20Z</time>
        <extensions>
          <gpxtpx:TrackPointExtension>
            <gpxtpx:hr>140</gpxtpx:hr>
          </gpxtpx:TrackPointExtension>
        </extensions>
      </trkpt>
      <trkpt lat="25.715801928273244" lon="100.18567596019867">
        <ele>1938.652099609375</ele>
        <time>2026-08-04T23:58:26Z</time>
        <extensions>
          <gpxtpx:TrackPointExtension>
            <gpxtpx:hr>140</gpxtpx:hr>
          </gpxtpx:TrackPointExtension>
        </extensions>
      </trkpt>
      <trkpt lat="25.71574482216676" lon="100.18563487930966">
        <ele>1938.50244140625</ele>
        <time>2026-08-04T23:58:29Z</time>
        <extensions>
          <gpxtpx:TrackPointExtension>
            <gpxtpx:hr>141</gpxtpx:hr>
          </gpxtpx:TrackPointExtension>
        </extensions>
      </trkpt>
      <trkpt lat="25.715594173865167" lon="100.18532225598362">
        <ele>1937.86474609375</ele>
        <time>2026-08-04T23:58:41Z</time>
        <extensions>
          <gpxtpx:TrackPointExtension>
            <gpxtpx:hr>141</gpxtpx:hr>
          </gpxtpx:TrackPointExtension>
        </extensions>
      </trkpt>
      <trkpt lat="25.715437626221526" lon="100.1850677484466">
        <ele>1938.062255859375</ele>
        <time>2026-08-04T23:58:53Z</time>
        <extensions>
          <gpxtpx:TrackPointExtension>
            <gpxtpx:hr>140</gpxtpx:hr>
          </gpxtpx:TrackPointExtension>
        </extensions>
      </trkpt>
      <trkpt lat="25.71522793373153" lon="100.18475011423304">
        <ele>1937.22119140625</ele>
        <time>2026-08-04T23:59:08Z</time>
        <extensions>
          <gpxtpx:TrackPointExtension>
            <gpxtpx:hr>139</gpxtpx:hr>
          </gpxtpx:TrackPointExtension>
        </extensions>
      </trkpt>
      <trkpt lat="25.715052417502637" lon="100.18451965387597">
        <ele>1936.617431640625</ele>
        <time>2026-08-04T23:59:23Z</time>
        <extensions>
          <gpxtpx:TrackPointExtension>
            <gpxtpx:hr>138</gpxtpx:hr>
          </gpxtpx:TrackPointExtension>
        </extensions>
      </trkpt>
      <trkpt lat="25.714819826830837" lon="100.18426614771916">
        <ele>1937.96435546875</ele>
        <time>2026-08-04T23:59:35Z</time>
        <extensions>
          <gpxtpx:TrackPointExtension>
            <gpxtpx:hr>139</gpxtpx:hr>
          </gpxtpx:TrackPointExtension>
        </extensions>
      </trkpt>
      <trkpt lat="25.71460032669619" lon="100.1840587337443">
        <ele>1937.51416015625</ele>
        <time>2026-08-04T23:59:47Z</time>
        <extensions>
          <gpxtpx:TrackPointExtension>
            <gpxtpx:hr>142</gpxtpx:hr>
          </gpxtpx:TrackPointExtension>
        </extensions>
      </trkpt>
      <trkpt lat="25.714359765099573" lon="100.18382426497308">
        <ele>1938.026611328125</ele>
        <time>2026-08-04T23:59:59Z</time>
        <extensions>
          <gpxtpx:TrackPointExtension>
            <gpxtpx:hr>144</gpxtpx:hr>
          </gpxtpx:TrackPointExtension>
        </extensions>
      </trkpt>
      <trkpt lat="25.714160279011885" lon="100.18361885349194">
        <ele>1938.6806640625</ele>
        <time>2026-08-05T00:00:11Z</time>
        <extensions>
          <gpxtpx:TrackPointExtension>
            <gpxtpx:hr>144</gpxtpx:hr>
          </gpxtpx:TrackPointExtension>
        </extensions>
      </trkpt>
      <trkpt lat="25.713914697212513" lon="100.18337536533828">
        <ele>1939.1025390625</ele>
        <time>2026-08-05T00:00:26Z</time>
        <extensions>
          <gpxtpx:TrackPointExtension>
            <gpxtpx:hr>143</gpxtpx:hr>
          </gpxtpx:TrackPointExtension>
        </extensions>
      </trkpt>
      <trkpt lat="25.713715213964445" lon="100.18317195688623">
        <ele>1939.46630859375</ele>
        <time>2026-08-05T00:00:38Z</time>
        <extensions>
          <gpxtpx:TrackPointExtension>
            <gpxtpx:hr>141</gpxtpx:hr>
          </gpxtpx:TrackPointExtension>
        </extensions>
      </trkpt>
      <trkpt lat="25.713501748171016" lon="100.18298257688203">
        <ele>1941.406982421875</ele>
        <time>2026-08-05T00:00:50Z</time>
        <extensions>
          <gpxtpx:TrackPointExtension>
            <gpxtpx:hr>140</gpxtpx:hr>
          </gpxtpx:TrackPointExtension>
        </extensions>
      </trkpt>
      <trkpt lat="25.713352411538636" lon="100.18284429900841">
        <ele>1941.408935546875</ele>
        <time>2026-08-05T00:00:59Z</time>
        <extensions>
          <gpxtpx:TrackPointExtension>
            <gpxtpx:hr>140</gpxtpx:hr>
          </gpxtpx:TrackPointExtension>
        </extensions>
      </trkpt>
      <trkpt lat="25.7131567587886" lon="100.18254769919">
        <ele>1940.855712890625</ele>
        <time>2026-08-05T00:01:14Z</time>
        <extensions>
          <gpxtpx:TrackPointExtension>
            <gpxtpx:hr>140</gpxtpx:hr>
          </gpxtpx:TrackPointExtension>
        </extensions>
      </trkpt>
      <trkpt lat="25.71295910231101" lon="100.18225009644402">
        <ele>1941.01123046875</ele>
        <time>2026-08-05T00:01:29Z</time>
        <extensions>
          <gpxtpx:TrackPointExtension>
            <gpxtpx:hr>138</gpxtpx:hr>
          </gpxtpx:TrackPointExtension>
        </extensions>
      </trkpt>
      <trkpt lat="25.712782525014784" lon="100.18198956812462">
        <ele>1940.804443359375</ele>
        <time>2026-08-05T00:01:41Z</time>
        <extensions>
          <gpxtpx:TrackPointExtension>
            <gpxtpx:hr>139</gpxtpx:hr>
          </gpxtpx:TrackPointExtension>
        </extensions>
      </trkpt>
      <trkpt lat="25.71258300436222" lon="100.18176711769279">
        <ele>1941.9296875</ele>
        <time>2026-08-05T00:01:56Z</time>
        <extensions>
          <gpxtpx:TrackPointExtension>
            <gpxtpx:hr>137</gpxtpx:hr>
          </gpxtpx:TrackPointExtension>
        </extensions>
      </trkpt>
      <trkpt lat="25.712354537235655" lon="100.18158274556255">
        <ele>1941.02392578125</ele>
        <time>2026-08-05T00:02:08Z</time>
        <extensions>
          <gpxtpx:TrackPointExtension>
            <gpxtpx:hr>137</gpxtpx:hr>
          </gpxtpx:TrackPointExtension>
        </extensions>
      </trkpt>
      <trkpt lat="25.71211811711753" lon="100.18142643086603">
        <ele>1941.004150390625</ele>
        <time>2026-08-05T00:02:20Z</time>
        <extensions>
          <gpxtpx:TrackPointExtension>
            <gpxtpx:hr>138</gpxtpx:hr>
          </gpxtpx:TrackPointExtension>
        </extensions>
      </trkpt>
      <trkpt lat="25.71188069998744" lon="100.18127212007411">
        <ele>1940.437255859375</ele>
        <time>2026-08-05T00:02:32Z</time>
        <extensions>
          <gpxtpx:TrackPointExtension>
            <gpxtpx:hr>139</gpxtpx:hr>
          </gpxtpx:TrackPointExtension>
        </extensions>
      </trkpt>
      <trkpt lat="25.711629187949743" lon="100.18107071263562">
        <ele>1940.87841796875</ele>
        <time>2026-08-05T00:02:44Z</time>
        <extensions>
          <gpxtpx:TrackPointExtension>
            <gpxtpx:hr>139</gpxtpx:hr>
          </gpxtpx:TrackPointExtension>
        </extensions>
      </trkpt>
      <trkpt lat="25.71135962670337" lon="100.1808482619845">
        <ele>1941.5673828125</ele>
        <time>2026-08-05T00:03:05Z</time>
        <extensions>
          <gpxtpx:TrackPointExtension>
            <gpxtpx:hr>139</gpxtpx:hr>
          </gpxtpx:TrackPointExtension>
        </extensions>
      </trkpt>
      <trkpt lat="25.711132029283217" lon="100.18059374380474">
        <ele>1941.369140625</ele>
        <time>2026-08-05T00:03:20Z</time>
        <extensions>
          <gpxtpx:TrackPointExtension>
            <gpxtpx:hr>139</gpxtpx:hr>
          </gpxtpx:TrackPointExtension>
        </extensions>
      </trkpt>
      <trkpt lat="25.710877429329532" lon="100.1803462401805">
        <ele>1942.12255859375</ele>
        <time>2026-08-05T00:03:35Z</time>
        <extensions>
          <gpxtpx:TrackPointExtension>
            <gpxtpx:hr>139</gpxtpx:hr>
          </gpxtpx:TrackPointExtension>
        </extensions>
      </trkpt>
      <trkpt lat="25.710680922643064" lon="100.18013180280893">
        <ele>1942.638427734375</ele>
        <time>2026-08-05T00:03:47Z</time>
        <extensions>
          <gpxtpx:TrackPointExtension>
            <gpxtpx:hr>140</gpxtpx:hr>
          </gpxtpx:TrackPointExtension>
        </extensions>
      </trkpt>
      <trkpt lat="25.710471309880866" lon="100.17986425567899">
        <ele>1941.916015625</ele>
        <time>2026-08-05T00:03:59Z</time>
        <extensions>
          <gpxtpx:TrackPointExtension>
            <gpxtpx:hr>141</gpxtpx:hr>
          </gpxtpx:TrackPointExtension>
        </extensions>
      </trkpt>
      <trkpt lat="25.7102626841826" lon="100.1795896934237">
        <ele>1942.59033203125</ele>
        <time>2026-08-05T00:04:11Z</time>
        <extensions>
          <gpxtpx:TrackPointExtension>
            <gpxtpx:hr>143</gpxtpx:hr>
          </gpxtpx:TrackPointExtension>
        </extensions>
      </trkpt>
      <trkpt lat="25.710061076811954" lon="100.1793231469777">
        <ele>1942.6875</ele>
        <time>2026-08-05T00:04:23Z</time>
        <extensions>
          <gpxtpx:TrackPointExtension>
            <gpxtpx:hr>145</gpxtpx:hr>
          </gpxtpx:TrackPointExtension>
        </extensions>
      </trkpt>
      <trkpt lat="25.70989645047013" lon="100.179035555444">
        <ele>1942.884521484375</ele>
        <time>2026-08-05T00:04:35Z</time>
        <extensions>
          <gpxtpx:TrackPointExtension>
            <gpxtpx:hr>146</gpxtpx:hr>
          </gpxtpx:TrackPointExtension>
        </extensions>
      </trkpt>
      <trkpt lat="25.70972785498703" lon="100.17876600079352">
        <ele>1944.43896484375</ele>
        <time>2026-08-05T00:04:47Z</time>
        <extensions>
          <gpxtpx:TrackPointExtension>
            <gpxtpx:hr>144</gpxtpx:hr>
          </gpxtpx:TrackPointExtension>
        </extensions>
      </trkpt>
      <trkpt lat="25.709539249801892" lon="100.17849744818551">
        <ele>1944.0546875</ele>
        <time>2026-08-05T00:04:59Z</time>
        <extensions>
          <gpxtpx:TrackPointExtension>
            <gpxtpx:hr>144</gpxtpx:hr>
          </gpxtpx:TrackPointExtension>
        </extensions>
      </trkpt>
      <trkpt lat="25.70944194351723" lon="100.17836216968007">
        <ele>1943.791259765625</ele>
        <time>2026-08-05T00:05:05Z</time>
        <extensions>
          <gpxtpx:TrackPointExtension>
            <gpxtpx:hr>144</gpxtpx:hr>
          </gpxtpx:TrackPointExtension>
        </extensions>
      </trkpt>
      <trkpt lat="25.709269240011594" lon="100.17803649714064">
        <ele>1945.59033203125</ele>
        <time>2026-08-05T00:05:17Z</time>
        <extensions>
          <gpxtpx:TrackPointExtension>
            <gpxtpx:hr>144</gpxtpx:hr>
          </gpxtpx:TrackPointExtension>
        </extensions>
      </trkpt>
      <trkpt lat="25.709075589779246" lon="100.17774589740812">
        <ele>1947.48095703125</ele>
        <time>2026-08-05T00:05:29Z</time>
        <extensions>
          <gpxtpx:TrackPointExtension>
            <gpxtpx:hr>148</gpxtpx:hr>
          </gpxtpx:TrackPointExtension>
        </extensions>
      </trkpt>
      <trkpt lat="25.708964297642382" lon="100.17762264359956">
        <ele>1947.536376953125</ele>
        <time>2026-08-05T00:05:35Z</time>
        <extensions>
          <gpxtpx:TrackPointExtension>
            <gpxtpx:hr>150</gpxtpx:hr>
          </gpxtpx:TrackPointExtension>
        </extensions>
      </trkpt>
      <trkpt lat="25.708726864125328" lon="100.17746131352466">
        <ele>1944.154296875</ele>
        <time>2026-08-05T00:05:47Z</time>
        <extensions>
          <gpxtpx:TrackPointExtension>
            <gpxtpx:hr>150</gpxtpx:hr>
          </gpxtpx:TrackPointExtension>
        </extensions>
      </trkpt>
      <trkpt lat="25.708530479572403" lon="100.1773140114994">
        <ele>1943.81689453125</ele>
        <time>2026-08-05T00:05:56Z</time>
        <extensions>
          <gpxtpx:TrackPointExtension>
            <gpxtpx:hr>150</gpxtpx:hr>
          </gpxtpx:TrackPointExtension>
        </extensions>
      </trkpt>
      <trkpt lat="25.708313922511696" lon="100.17708053013916">
        <ele>1944.59130859375</ele>
        <time>2026-08-05T00:06:08Z</time>
        <extensions>
          <gpxtpx:TrackPointExtension>
            <gpxtpx:hr>147</gpxtpx:hr>
          </gpxtpx:TrackPointExtension>
        </extensions>
      </trkpt>
      <trkpt lat="25.708168496654036" lon="100.17689614913928">
        <ele>1944.42041015625</ele>
        <time>2026-08-05T00:06:17Z</time>
        <extensions>
          <gpxtpx:TrackPointExtension>
            <gpxtpx:hr>146</gpxtpx:hr>
          </gpxtpx:TrackPointExtension>
        </extensions>
      </trkpt>
      <trkpt lat="25.708012869784284" lon="100.17660755059703">
        <ele>1945.44580078125</ele>
        <time>2026-08-05T00:06:29Z</time>
        <extensions>
          <gpxtpx:TrackPointExtension>
            <gpxtpx:hr>147</gpxtpx:hr>
          </gpxtpx:TrackPointExtension>
        </extensions>
      </trkpt>
      <trkpt lat="25.707853234692998" lon="100.17631594540862">
        <ele>1945.79150390625</ele>
        <time>2026-08-05T00:06:41Z</time>
        <extensions>
          <gpxtpx:TrackPointExtension>
            <gpxtpx:hr>147</gpxtpx:hr>
          </gpxtpx:TrackPointExtension>
        </extensions>
      </trkpt>
      <trkpt lat="25.707720595438364" lon="100.17601431813515">
        <ele>1945.4970703125</ele>
        <time>2026-08-05T00:06:53Z</time>
        <extensions>
          <gpxtpx:TrackPointExtension>
            <gpxtpx:hr>147</gpxtpx:hr>
          </gpxtpx:TrackPointExtension>
        </extensions>
      </trkpt>
      <trkpt lat="25.707600955511975" lon="100.17570868168656">
        <ele>1945.698486328125</ele>
        <time>2026-08-05T00:07:05Z</time>
        <extensions>
          <gpxtpx:TrackPointExtension>
            <gpxtpx:hr>149</gpxtpx:hr>
          </gpxtpx:TrackPointExtension>
        </extensions>
      </trkpt>
      <trkpt lat="25.7074923269891" lon="100.17540605080968">
        <ele>1946.12939453125</ele>
        <time>2026-08-05T00:07:17Z</time>
        <extensions>
          <gpxtpx:TrackPointExtension>
            <gpxtpx:hr>152</gpxtpx:hr>
          </gpxtpx:TrackPointExtension>
        </extensions>
      </trkpt>
      <trkpt lat="25.707417002831676" lon="100.17525573783882">
        <ele>1947.316162109375</ele>
        <time>2026-08-05T00:07:23Z</time>
        <extensions>
          <gpxtpx:TrackPointExtension>
            <gpxtpx:hr>150</gpxtpx:hr>
          </gpxtpx:TrackPointExtension>
        </extensions>
      </trkpt>
      <trkpt lat="25.707304418730683" lon="100.17497815896233">
        <ele>1948.481201171875</ele>
        <time>2026-08-05T00:07:35Z</time>
        <extensions>
          <gpxtpx:TrackPointExtension>
            <gpxtpx:hr>149</gpxtpx:hr>
          </gpxtpx:TrackPointExtension>
        </extensions>
      </trkpt>
      <trkpt lat="25.707144717792968" lon="100.17465248005732">
        <ele>1948.88671875</ele>
        <time>2026-08-05T00:07:50Z</time>
        <extensions>
          <gpxtpx:TrackPointExtension>
            <gpxtpx:hr>148</gpxtpx:hr>
          </gpxtpx:TrackPointExtension>
        </extensions>
      </trkpt>
      <trkpt lat="25.70703112885295" lon="100.17437289632409">
        <ele>1948.6455078125</ele>
        <time>2026-08-05T00:08:02Z</time>
        <extensions>
          <gpxtpx:TrackPointExtension>
            <gpxtpx:hr>149</gpxtpx:hr>
          </gpxtpx:TrackPointExtension>
        </extensions>
      </trkpt>
      <trkpt lat="25.706905519833203" lon="100.17408629787833">
        <ele>1948.66796875</ele>
        <time>2026-08-05T00:08:14Z</time>
        <extensions>
          <gpxtpx:TrackPointExtension>
            <gpxtpx:hr>150</gpxtpx:hr>
          </gpxtpx:TrackPointExtension>
        </extensions>
      </trkpt>
      <trkpt lat="25.70677989739275" lon="100.17379268441837">
        <ele>1949.740478515625</ele>
        <time>2026-08-05T00:08:26Z</time>
        <extensions>
          <gpxtpx:TrackPointExtension>
            <gpxtpx:hr>149</gpxtpx:hr>
          </gpxtpx:TrackPointExtension>
        </extensions>
      </trkpt>
      <trkpt lat="25.706634276893652" lon="100.17350608592807">
        <ele>1947.89111328125</ele>
        <time>2026-08-05T00:08:38Z</time>
        <extensions>
          <gpxtpx:TrackPointExtension>
            <gpxtpx:hr>148</gpxtpx:hr>
          </gpxtpx:TrackPointExtension>
        </extensions>
      </trkpt>
      <trkpt lat="25.70647065192717" lon="100.17322249396997">
        <ele>1947.400390625</ele>
        <time>2026-08-05T00:08:50Z</time>
        <extensions>
          <gpxtpx:TrackPointExtension>
            <gpxtpx:hr>148</gpxtpx:hr>
          </gpxtpx:TrackPointExtension>
        </extensions>
      </trkpt>
      <trkpt lat="25.706270034679513" lon="100.17295393433476">
        <ele>1946.46728515625</ele>
        <time>2026-08-05T00:09:02Z</time>
        <extensions>
          <gpxtpx:TrackPointExtension>
            <gpxtpx:hr>148</gpxtpx:hr>
          </gpxtpx:TrackPointExtension>
        </extensions>
      </trkpt>
      <trkpt lat="25.706056455512833" lon="100.17270942543902">
        <ele>1949.09765625</ele>
        <time>2026-08-05T00:09:14Z</time>
        <extensions>
          <gpxtpx:TrackPointExtension>
            <gpxtpx:hr>145</gpxtpx:hr>
          </gpxtpx:TrackPointExtension>
        </extensions>
      </trkpt>
      <trkpt lat="25.705917032590634" lon="100.17252604315941">
        <ele>1949.92041015625</ele>
        <time>2026-08-05T00:09:23Z</time>
        <extensions>
          <gpxtpx:TrackPointExtension>
            <gpxtpx:hr>147</gpxtpx:hr>
          </gpxtpx:TrackPointExtension>
        </extensions>
      </trkpt>
      <trkpt lat="25.705736375158857" lon="100.1722304256675">
        <ele>1952.35986328125</ele>
        <time>2026-08-05T00:09:41Z</time>
        <extensions>
          <gpxtpx:TrackPointExtension>
            <gpxtpx:hr>145</gpxtpx:hr>
          </gpxtpx:TrackPointExtension>
        </extensions>
      </trkpt>
      <trkpt lat="25.70558371801264" lon="100.17192679044116">
        <ele>1950.930908203125</ele>
        <time>2026-08-05T00:09:56Z</time>
        <extensions>
          <gpxtpx:TrackPointExtension>
            <gpxtpx:hr>138</gpxtpx:hr>
          </gpxtpx:TrackPointExtension>
        </extensions>
      </trkpt>
      <trkpt lat="25.705472126985075" lon="100.17164620256689">
        <ele>1951.4111328125</ele>
        <time>2026-08-05T00:10:08Z</time>
        <extensions>
          <gpxtpx:TrackPointExtension>
            <gpxtpx:hr>142</gpxtpx:hr>
          </gpxtpx:TrackPointExtension>
        </extensions>
      </trkpt>
      <trkpt lat="25.70535439827228" lon="100.17129446492588">
        <ele>1949.81591796875</ele>
        <time>2026-08-05T00:10:23Z</time>
        <extensions>
          <gpxtpx:TrackPointExtension>
            <gpxtpx:hr>142</gpxtpx:hr>
          </gpxtpx:TrackPointExtension>
        </extensions>
      </trkpt>
      <trkpt lat="25.705212737596575" lon="100.17098581851052">
        <ele>1949.80029296875</ele>
        <time>2026-08-05T00:10:35Z</time>
        <extensions>
          <gpxtpx:TrackPointExtension>
            <gpxtpx:hr>144</gpxtpx:hr>
          </gpxtpx:TrackPointExtension>
        </extensions>
      </trkpt>
      <trkpt lat="25.705030131825296" lon="100.17071825958797">
        <ele>1954.66943359375</ele>
        <time>2026-08-05T00:10:47Z</time>
        <extensions>
          <gpxtpx:TrackPointExtension>
            <gpxtpx:hr>147</gpxtpx:hr>
          </gpxtpx:TrackPointExtension>
        </extensions>
      </trkpt>
      <trkpt lat="25.704905720843815" lon="100.17053688068759">
        <ele>1955.03369140625</ele>
        <time>2026-08-05T00:11:02Z</time>
        <extensions>
          <gpxtpx:TrackPointExtension>
            <gpxtpx:hr>149</gpxtpx:hr>
          </gpxtpx:TrackPointExtension>
        </extensions>
      </trkpt>
      <trkpt lat="25.70485064882768" lon="100.17051483563547">
        <ele>1954.54931640625</ele>
        <time>2026-08-05T00:11:05Z</time>
        <extensions>
          <gpxtpx:TrackPointExtension>
            <gpxtpx:hr>144</gpxtpx:hr>
          </gpxtpx:TrackPointExtension>
        </extensions>
      </trkpt>
      <trkpt lat="25.704771383817846" lon="100.17039759067515">
        <ele>1952.9384765625</ele>
        <time>2026-08-05T00:11:11Z</time>
        <extensions>
          <gpxtpx:TrackPointExtension>
            <gpxtpx:hr>144</gpxtpx:hr>
          </gpxtpx:TrackPointExtension>
        </extensions>
      </trkpt>
      <trkpt lat="25.70469429587214" lon="100.17037354195365">
        <ele>1952.8876953125</ele>
        <time>2026-08-05T00:11:14Z</time>
        <extensions>
          <gpxtpx:TrackPointExtension>
            <gpxtpx:hr>144</gpxtpx:hr>
          </gpxtpx:TrackPointExtension>
        </extensions>
      </trkpt>
      <trkpt lat="25.704481745533254" lon="100.17014406393548">
        <ele>1952.85009765625</ele>
        <time>2026-08-05T00:11:29Z</time>
        <extensions>
          <gpxtpx:TrackPointExtension>
            <gpxtpx:hr>143</gpxtpx:hr>
          </gpxtpx:TrackPointExtension>
        </extensions>
      </trkpt>
      <trkpt lat="25.704269147966272" lon="100.16988953315186">
        <ele>1954.20458984375</ele>
        <time>2026-08-05T00:11:41Z</time>
        <extensions>
          <gpxtpx:TrackPointExtension>
            <gpxtpx:hr>143</gpxtpx:hr>
          </gpxtpx:TrackPointExtension>
        </extensions>
      </trkpt>
      <trkpt lat="25.70415885835573" lon="100.16976828052911">
        <ele>1954.03125</ele>
        <time>2026-08-05T00:11:47Z</time>
        <extensions>
          <gpxtpx:TrackPointExtension>
            <gpxtpx:hr>148</gpxtpx:hr>
          </gpxtpx:TrackPointExtension>
        </extensions>
      </trkpt>
      <trkpt lat="25.70391431514116" lon="100.16955183077695">
        <ele>1952.00390625</ele>
        <time>2026-08-05T00:11:59Z</time>
        <extensions>
          <gpxtpx:TrackPointExtension>
            <gpxtpx:hr>146</gpxtpx:hr>
          </gpxtpx:TrackPointExtension>
        </extensions>
      </trkpt>
      <trkpt lat="25.703766101104478" lon="100.16948168676132">
        <ele>1952.267578125</ele>
        <time>2026-08-05T00:12:05Z</time>
        <extensions>
          <gpxtpx:TrackPointExtension>
            <gpxtpx:hr>147</gpxtpx:hr>
          </gpxtpx:TrackPointExtension>
        </extensions>
      </trkpt>
      <trkpt lat="25.703437019956592" lon="100.16953480688663">
        <ele>1956.488525390625</ele>
        <time>2026-08-05T00:12:17Z</time>
        <extensions>
          <gpxtpx:TrackPointExtension>
            <gpxtpx:hr>149</gpxtpx:hr>
          </gpxtpx:TrackPointExtension>
        </extensions>
      </trkpt>
      <trkpt lat="25.703356015034498" lon="100.16955585324318">
        <ele>1957.04248046875</ele>
        <time>2026-08-05T00:12:20Z</time>
        <extensions>
          <gpxtpx:TrackPointExtension>
            <gpxtpx:hr>148</gpxtpx:hr>
          </gpxtpx:TrackPointExtension>
        </extensions>
      </trkpt>
      <trkpt lat="25.70328805889621" lon="100.16959894570488">
        <ele>1956.36279296875</ele>
        <time>2026-08-05T00:12:23Z</time>
        <extensions>
          <gpxtpx:TrackPointExtension>
            <gpxtpx:hr>148</gpxtpx:hr>
          </gpxtpx:TrackPointExtension>
        </extensions>
      </trkpt>
      <trkpt lat="25.703216058945824" lon="100.16961999183573">
        <ele>1956.740234375</ele>
        <time>2026-08-05T00:12:26Z</time>
        <extensions>
          <gpxtpx:TrackPointExtension>
            <gpxtpx:hr>148</gpxtpx:hr>
          </gpxtpx:TrackPointExtension>
        </extensions>
      </trkpt>
      <trkpt lat="25.703098103648827" lon="100.16967811721352">
        <ele>1958.90185546875</ele>
        <time>2026-08-05T00:12:32Z</time>
        <extensions>
          <gpxtpx:TrackPointExtension>
            <gpxtpx:hr>149</gpxtpx:hr>
          </gpxtpx:TrackPointExtension>
        </extensions>
      </trkpt>
      <trkpt lat="25.702864941276484" lon="100.16966008507877">
        <ele>1961.625</ele>
        <time>2026-08-05T00:12:41Z</time>
        <extensions>
          <gpxtpx:TrackPointExtension>
            <gpxtpx:hr>149</gpxtpx:hr>
          </gpxtpx:TrackPointExtension>
        </extensions>
      </trkpt>
      <trkpt lat="25.702845051326936" lon="100.16972422065784">
        <ele>1958.72802734375</ele>
        <time>2026-08-05T00:12:44Z</time>
        <extensions>
          <gpxtpx:TrackPointExtension>
            <gpxtpx:hr>149</gpxtpx:hr>
          </gpxtpx:TrackPointExtension>
        </extensions>
      </trkpt>
      <trkpt lat="25.70286921587481" lon="100.16980438890232">
        <ele>1957.93115234375</ele>
        <time>2026-08-05T00:12:47Z</time>
        <extensions>
          <gpxtpx:TrackPointExtension>
            <gpxtpx:hr>148</gpxtpx:hr>
          </gpxtpx:TrackPointExtension>
        </extensions>
      </trkpt>
      <trkpt lat="25.70283228630385" lon="100.1698524911415">
        <ele>1957.98046875</ele>
        <time>2026-08-05T00:12:50Z</time>
        <extensions>
          <gpxtpx:TrackPointExtension>
            <gpxtpx:hr>148</gpxtpx:hr>
          </gpxtpx:TrackPointExtension>
        </extensions>
      </trkpt>
      <trkpt lat="25.702616296035835" lon="100.16992064009135">
        <ele>1959.24267578125</ele>
        <time>2026-08-05T00:12:59Z</time>
        <extensions>
          <gpxtpx:TrackPointExtension>
            <gpxtpx:hr>146</gpxtpx:hr>
          </gpxtpx:TrackPointExtension>
        </extensions>
      </trkpt>
      <trkpt lat="25.702557231404768" lon="100.16990360569311">
        <ele>1958.12451171875</ele>
        <time>2026-08-05T00:13:02Z</time>
        <extensions>
          <gpxtpx:TrackPointExtension>
            <gpxtpx:hr>146</gpxtpx:hr>
          </gpxtpx:TrackPointExtension>
        </extensions>
      </trkpt>
      <trkpt lat="25.702425363082614" lon="100.17001183695808">
        <ele>1957.1181640625</ele>
        <time>2026-08-05T00:13:11Z</time>
        <extensions>
          <gpxtpx:TrackPointExtension>
            <gpxtpx:hr>146</gpxtpx:hr>
          </gpxtpx:TrackPointExtension>
        </extensions>
      </trkpt>
      <trkpt lat="25.702109461694743" lon="100.17015614882932">
        <ele>1958.03955078125</ele>
        <time>2026-08-05T00:13:23Z</time>
        <extensions>
          <gpxtpx:TrackPointExtension>
            <gpxtpx:hr>148</gpxtpx:hr>
          </gpxtpx:TrackPointExtension>
        </extensions>
      </trkpt>
      <trkpt lat="25.701979515082417" lon="100.17022229139715">
        <ele>1958.42041015625</ele>
        <time>2026-08-05T00:13:29Z</time>
        <extensions>
          <gpxtpx:TrackPointExtension>
            <gpxtpx:hr>147</gpxtpx:hr>
          </gpxtpx:TrackPointExtension>
        </extensions>
      </trkpt>
      <trkpt lat="25.702290392865123" lon="100.17006695643505">
        <ele>1957.23291015625</ele>
        <time>2026-08-05T00:13:44Z</time>
        <extensions>
          <gpxtpx:TrackPointExtension>
            <gpxtpx:hr>147</gpxtpx:hr>
          </gpxtpx:TrackPointExtension>
        </extensions>
      </trkpt>
      <trkpt lat="25.70247530357092" lon="100.16996573861252">
        <ele>1958.61669921875</ele>
        <time>2026-08-05T00:13:53Z</time>
        <extensions>
          <gpxtpx:TrackPointExtension>
            <gpxtpx:hr>146</gpxtpx:hr>
          </gpxtpx:TrackPointExtension>
        </extensions>
      </trkpt>
      <trkpt lat="25.70232861033866" lon="100.16964105844826">
        <ele>1957.418212890625</ele>
        <time>2026-08-05T00:14:08Z</time>
        <extensions>
          <gpxtpx:TrackPointExtension>
            <gpxtpx:hr>145</gpxtpx:hr>
          </gpxtpx:TrackPointExtension>
        </extensions>
      </trkpt>
      <trkpt lat="25.70225917517357" lon="100.16943061697975">
        <ele>1957.6318359375</ele>
        <time>2026-08-05T00:14:17Z</time>
        <extensions>
          <gpxtpx:TrackPointExtension>
            <gpxtpx:hr>147</gpxtpx:hr>
          </gpxtpx:TrackPointExtension>
        </extensions>
      </trkpt>
      <trkpt lat="25.702219047257103" lon="100.16937449980202">
        <ele>1957.2578125</ele>
        <time>2026-08-05T00:14:20Z</time>
        <extensions>
          <gpxtpx:TrackPointExtension>
            <gpxtpx:hr>146</gpxtpx:hr>
          </gpxtpx:TrackPointExtension>
        </extensions>
      </trkpt>
      <trkpt lat="25.702135455064038" lon="100.16908489201565">
        <ele>1956.92333984375</ele>
        <time>2026-08-05T00:14:32Z</time>
        <extensions>
          <gpxtpx:TrackPointExtension>
            <gpxtpx:hr>146</gpxtpx:hr>
          </gpxtpx:TrackPointExtension>
        </extensions>
      </trkpt>
      <trkpt lat="25.70202974879602" lon="100.16874117092843">
        <ele>1959.143310546875</ele>
        <time>2026-08-05T00:14:47Z</time>
        <extensions>
          <gpxtpx:TrackPointExtension>
            <gpxtpx:hr>145</gpxtpx:hr>
          </gpxtpx:TrackPointExtension>
        </extensions>
      </trkpt>
      <trkpt lat="25.701975479024167" lon="100.16861390435182">
        <ele>1958.721923828125</ele>
        <time>2026-08-05T00:14:53Z</time>
        <extensions>
          <gpxtpx:TrackPointExtension>
            <gpxtpx:hr>146</gpxtpx:hr>
          </gpxtpx:TrackPointExtension>
        </extensions>
      </trkpt>
      <trkpt lat="25.701967070136583" lon="100.16839945312215">
        <ele>1958.63916015625</ele>
        <time>2026-08-05T00:15:05Z</time>
        <extensions>
          <gpxtpx:TrackPointExtension>
            <gpxtpx:hr>147</gpxtpx:hr>
          </gpxtpx:TrackPointExtension>
        </extensions>
      </trkpt>
      <trkpt lat="25.701942926540347" lon="100.16833030818533">
        <ele>1958.79638671875</ele>
        <time>2026-08-05T00:15:08Z</time>
        <extensions>
          <gpxtpx:TrackPointExtension>
            <gpxtpx:hr>146</gpxtpx:hr>
          </gpxtpx:TrackPointExtension>
        </extensions>
      </trkpt>
      <trkpt lat="25.701859652260687" lon="100.16820905506822">
        <ele>1957.053466796875</ele>
        <time>2026-08-05T00:15:14Z</time>
        <extensions>
          <gpxtpx:TrackPointExtension>
            <gpxtpx:hr>145</gpxtpx:hr>
          </gpxtpx:TrackPointExtension>
        </extensions>
      </trkpt>
      <trkpt lat="25.701759024845455" lon="100.1679054186289">
        <ele>1960.35302734375</ele>
        <time>2026-08-05T00:15:26Z</time>
        <extensions>
          <gpxtpx:TrackPointExtension>
            <gpxtpx:hr>143</gpxtpx:hr>
          </gpxtpx:TrackPointExtension>
        </extensions>
      </trkpt>
      <trkpt lat="25.701730875346897" lon="100.16783426963623">
        <ele>1960.7119140625</ele>
        <time>2026-08-05T00:15:29Z</time>
        <extensions>
          <gpxtpx:TrackPointExtension>
            <gpxtpx:hr>143</gpxtpx:hr>
          </gpxtpx:TrackPointExtension>
        </extensions>
      </trkpt>
      <trkpt lat="25.701690758928713" lon="100.16778416522818">
        <ele>1959.9375</ele>
        <time>2026-08-05T00:15:32Z</time>
        <extensions>
          <gpxtpx:TrackPointExtension>
            <gpxtpx:hr>143</gpxtpx:hr>
          </gpxtpx:TrackPointExtension>
        </extensions>
      </trkpt>
      <trkpt lat="25.70159916319299" lon="100.16749455832655">
        <ele>1960.20166015625</ele>
        <time>2026-08-05T00:15:47Z</time>
        <extensions>
          <gpxtpx:TrackPointExtension>
            <gpxtpx:hr>145</gpxtpx:hr>
          </gpxtpx:TrackPointExtension>
        </extensions>
      </trkpt>
      <trkpt lat="25.70151345207923" lon="100.16714181873711">
        <ele>1961.781005859375</ele>
        <time>2026-08-05T00:16:02Z</time>
        <extensions>
          <gpxtpx:TrackPointExtension>
            <gpxtpx:hr>144</gpxtpx:hr>
          </gpxtpx:TrackPointExtension>
        </extensions>
      </trkpt>
      <trkpt lat="25.70138439066121" lon="100.16714683251791">
        <ele>1959.46826171875</ele>
        <time>2026-08-05T00:16:08Z</time>
        <extensions>
          <gpxtpx:TrackPointExtension>
            <gpxtpx:hr>144</gpxtpx:hr>
          </gpxtpx:TrackPointExtension>
        </extensions>
      </trkpt>
      <trkpt lat="25.701124487588462" lon="100.16727410664014">
        <ele>1961.361328125</ele>
        <time>2026-08-05T00:16:20Z</time>
        <extensions>
          <gpxtpx:TrackPointExtension>
            <gpxtpx:hr>142</gpxtpx:hr>
          </gpxtpx:TrackPointExtension>
        </extensions>
      </trkpt>
      <trkpt lat="25.701064564130277" lon="100.16733223036456">
        <ele>1964.31689453125</ele>
        <time>2026-08-05T00:16:23Z</time>
        <extensions>
          <gpxtpx:TrackPointExtension>
            <gpxtpx:hr>141</gpxtpx:hr>
          </gpxtpx:TrackPointExtension>
        </extensions>
      </trkpt>
      <trkpt lat="25.701001591845237" lon="100.16736530148951">
        <ele>1965.315673828125</ele>
        <time>2026-08-05T00:16:26Z</time>
        <extensions>
          <gpxtpx:TrackPointExtension>
            <gpxtpx:hr>142</gpxtpx:hr>
          </gpxtpx:TrackPointExtension>
        </extensions>
      </trkpt>
      <trkpt lat="25.700922108735085" lon="100.16713181254596">
        <ele>1961.438232421875</ele>
        <time>2026-08-05T00:16:35Z</time>
        <extensions>
          <gpxtpx:TrackPointExtension>
            <gpxtpx:hr>143</gpxtpx:hr>
          </gpxtpx:TrackPointExtension>
        </extensions>
      </trkpt>
      <trkpt lat="25.700860988462747" lon="100.16708571717574">
        <ele>1960.5146484375</ele>
        <time>2026-08-05T00:16:38Z</time>
        <extensions>
          <gpxtpx:TrackPointExtension>
            <gpxtpx:hr>142</gpxtpx:hr>
          </gpxtpx:TrackPointExtension>
        </extensions>
      </trkpt>
      <trkpt lat="25.70075302544837" lon="100.16713682733338">
        <ele>1961.5673828125</ele>
        <time>2026-08-05T00:16:47Z</time>
        <extensions>
          <gpxtpx:TrackPointExtension>
            <gpxtpx:hr>143</gpxtpx:hr>
          </gpxtpx:TrackPointExtension>
        </extensions>
      </trkpt>
      <trkpt lat="25.700677002630854" lon="100.16714685031363">
        <ele>1963.8779296875</ele>
        <time>2026-08-05T00:16:50Z</time>
        <extensions>
          <gpxtpx:TrackPointExtension>
            <gpxtpx:hr>143</gpxtpx:hr>
          </gpxtpx:TrackPointExtension>
        </extensions>
      </trkpt>
      <trkpt lat="25.7006160824052" lon="100.16720697825811">
        <ele>1963.671630859375</ele>
        <time>2026-08-05T00:16:53Z</time>
        <extensions>
          <gpxtpx:TrackPointExtension>
            <gpxtpx:hr>143</gpxtpx:hr>
          </gpxtpx:TrackPointExtension>
        </extensions>
      </trkpt>
      <trkpt lat="25.7005460723265" lon="100.16722201162365">
        <ele>1965.55810546875</ele>
        <time>2026-08-05T00:16:56Z</time>
        <extensions>
          <gpxtpx:TrackPointExtension>
            <gpxtpx:hr>143</gpxtpx:hr>
          </gpxtpx:TrackPointExtension>
        </extensions>
      </trkpt>
      <trkpt lat="25.7004779652118" lon="100.16718493538046">
        <ele>1964.87646484375</ele>
        <time>2026-08-05T00:17:02Z</time>
        <extensions>
          <gpxtpx:TrackPointExtension>
            <gpxtpx:hr>143</gpxtpx:hr>
          </gpxtpx:TrackPointExtension>
        </extensions>
      </trkpt>
      <trkpt lat="25.700435564800536" lon="100.16698451512309">
        <ele>1963.702880859375</ele>
        <time>2026-08-05T00:17:11Z</time>
        <extensions>
          <gpxtpx:TrackPointExtension>
            <gpxtpx:hr>142</gpxtpx:hr>
          </gpxtpx:TrackPointExtension>
        </extensions>
      </trkpt>
      <trkpt lat="25.700328989865568" lon="100.16670994077087">
        <ele>1961.644775390625</ele>
        <time>2026-08-05T00:17:23Z</time>
        <extensions>
          <gpxtpx:TrackPointExtension>
            <gpxtpx:hr>139</gpxtpx:hr>
          </gpxtpx:TrackPointExtension>
        </extensions>
      </trkpt>
      <trkpt lat="25.70026893434879" lon="100.16669791701555">
        <ele>1962.7060546875</ele>
        <time>2026-08-05T00:17:26Z</time>
        <extensions>
          <gpxtpx:TrackPointExtension>
            <gpxtpx:hr>139</gpxtpx:hr>
          </gpxtpx:TrackPointExtension>
        </extensions>
      </trkpt>
      <trkpt lat="25.70006495834176" lon="100.16677007375374">
        <ele>1963.9013671875</ele>
        <time>2026-08-05T00:17:35Z</time>
        <extensions>
          <gpxtpx:TrackPointExtension>
            <gpxtpx:hr>138</gpxtpx:hr>
          </gpxtpx:TrackPointExtension>
        </extensions>
      </trkpt>
      <trkpt lat="25.6999948860444" lon="100.16675203761416">
        <ele>1963.9638671875</ele>
        <time>2026-08-05T00:17:38Z</time>
        <extensions>
          <gpxtpx:TrackPointExtension>
            <gpxtpx:hr>138</gpxtpx:hr>
          </gpxtpx:TrackPointExtension>
        </extensions>
      </trkpt>
      <trkpt lat="25.699863310855804" lon="100.16648447881622">
        <ele>1964.833251953125</ele>
        <time>2026-08-05T00:17:50Z</time>
        <extensions>
          <gpxtpx:TrackPointExtension>
            <gpxtpx:hr>139</gpxtpx:hr>
          </gpxtpx:TrackPointExtension>
        </extensions>
      </trkpt>
      <trkpt lat="25.699794913625375" lon="100.1662930785684">
        <ele>1963.80224609375</ele>
        <time>2026-08-05T00:18:05Z</time>
        <extensions>
          <gpxtpx:TrackPointExtension>
            <gpxtpx:hr>139</gpxtpx:hr>
          </gpxtpx:TrackPointExtension>
        </extensions>
      </trkpt>
      <trkpt lat="25.699728436622262" lon="100.16605858794436">
        <ele>1964.45654296875</ele>
        <time>2026-08-05T00:18:14Z</time>
        <extensions>
          <gpxtpx:TrackPointExtension>
            <gpxtpx:hr>138</gpxtpx:hr>
          </gpxtpx:TrackPointExtension>
        </extensions>
      </trkpt>
      <trkpt lat="25.699565826313652" lon="100.16578100952918">
        <ele>1965.44921875</ele>
        <time>2026-08-05T00:18:26Z</time>
        <extensions>
          <gpxtpx:TrackPointExtension>
            <gpxtpx:hr>140</gpxtpx:hr>
          </gpxtpx:TrackPointExtension>
        </extensions>
      </trkpt>
      <trkpt lat="25.69940620479862" lon="100.16549641662269">
        <ele>1965.841796875</ele>
        <time>2026-08-05T00:18:38Z</time>
        <extensions>
          <gpxtpx:TrackPointExtension>
            <gpxtpx:hr>144</gpxtpx:hr>
          </gpxtpx:TrackPointExtension>
        </extensions>
      </trkpt>
      <trkpt lat="25.699315722929082" lon="100.16526593571449">
        <ele>1967.2451171875</ele>
        <time>2026-08-05T00:18:47Z</time>
        <extensions>
          <gpxtpx:TrackPointExtension>
            <gpxtpx:hr>146</gpxtpx:hr>
          </gpxtpx:TrackPointExtension>
        </extensions>
      </trkpt>
      <trkpt lat="25.69916215420626" lon="100.16500739784163">
        <ele>1966.889892578125</ele>
        <time>2026-08-05T00:18:59Z</time>
        <extensions>
          <gpxtpx:TrackPointExtension>
            <gpxtpx:hr>148</gpxtpx:hr>
          </gpxtpx:TrackPointExtension>
        </extensions>
      </trkpt>
      <trkpt lat="25.699100048881615" lon="100.1649693196397">
        <ele>1966.60986328125</ele>
        <time>2026-08-05T00:19:02Z</time>
        <extensions>
          <gpxtpx:TrackPointExtension>
            <gpxtpx:hr>149</gpxtpx:hr>
          </gpxtpx:TrackPointExtension>
        </extensions>
      </trkpt>
      <trkpt lat="25.69903601199995" lon="100.16496831915386">
        <ele>1966.64404296875</ele>
        <time>2026-08-05T00:19:05Z</time>
        <extensions>
          <gpxtpx:TrackPointExtension>
            <gpxtpx:hr>149</gpxtpx:hr>
          </gpxtpx:TrackPointExtension>
        </extensions>
      </trkpt>
      <trkpt lat="25.698975033139998" lon="100.16499738156358">
        <ele>1967.10400390625</ele>
        <time>2026-08-05T00:19:08Z</time>
        <extensions>
          <gpxtpx:TrackPointExtension>
            <gpxtpx:hr>149</gpxtpx:hr>
          </gpxtpx:TrackPointExtension>
        </extensions>
      </trkpt>
      <trkpt lat="25.69883693889514" lon="100.164987364051">
        <ele>1968.5126953125</ele>
        <time>2026-08-05T00:19:14Z</time>
        <extensions>
          <gpxtpx:TrackPointExtension>
            <gpxtpx:hr>149</gpxtpx:hr>
          </gpxtpx:TrackPointExtension>
        </extensions>
      </trkpt>
      <trkpt lat="25.698619972522604" lon="100.16506853955865">
        <ele>1971.01123046875</ele>
        <time>2026-08-05T00:19:23Z</time>
        <extensions>
          <gpxtpx:TrackPointExtension>
            <gpxtpx:hr>149</gpxtpx:hr>
          </gpxtpx:TrackPointExtension>
        </extensions>
      </trkpt>
      <trkpt lat="25.69835811513468" lon="100.16522086532328">
        <ele>1969.654296875</ele>
        <time>2026-08-05T00:19:35Z</time>
        <extensions>
          <gpxtpx:TrackPointExtension>
            <gpxtpx:hr>148</gpxtpx:hr>
          </gpxtpx:TrackPointExtension>
        </extensions>
      </trkpt>
      <trkpt lat="25.69809020197405" lon="100.16534513251852">
        <ele>1971.099365234375</ele>
        <time>2026-08-05T00:19:47Z</time>
        <extensions>
          <gpxtpx:TrackPointExtension>
            <gpxtpx:hr>148</gpxtpx:hr>
          </gpxtpx:TrackPointExtension>
        </extensions>
      </trkpt>
      <trkpt lat="25.697950183858616" lon="100.16537620116671">
        <ele>1971.791015625</ele>
        <time>2026-08-05T00:19:53Z</time>
        <extensions>
          <gpxtpx:TrackPointExtension>
            <gpxtpx:hr>148</gpxtpx:hr>
          </gpxtpx:TrackPointExtension>
        </extensions>
      </trkpt>
      <trkpt lat="25.69783600315182" lon="100.16531307170206">
        <ele>1970.000244140625</ele>
        <time>2026-08-05T00:19:59Z</time>
        <extensions>
          <gpxtpx:TrackPointExtension>
            <gpxtpx:hr>147</gpxtpx:hr>
          </gpxtpx:TrackPointExtension>
        </extensions>
      </trkpt>
      <trkpt lat="25.697824856110177" lon="100.1652379144568">
        <ele>1970.52978515625</ele>
        <time>2026-08-05T00:20:05Z</time>
        <extensions>
          <gpxtpx:TrackPointExtension>
            <gpxtpx:hr>147</gpxtpx:hr>
          </gpxtpx:TrackPointExtension>
        </extensions>
      </trkpt>
      <trkpt lat="25.69783882238295" lon="100.16521586790198">
        <ele>1968.298095703125</ele>
        <time>2026-08-05T00:20:08Z</time>
        <extensions>
          <gpxtpx:TrackPointExtension>
            <gpxtpx:hr>147</gpxtpx:hr>
          </gpxtpx:TrackPointExtension>
        </extensions>
      </trkpt>
    </trkseg>
  </trk>
</gpx>