<?xml version="1.0" encoding="UTF-8"?>
<gpx xmlns="http://www.topografix.com/GPX/1/1" xmlns:gpxtpx="http://www.garmin.com/xmlschemas/TrackPointExtension/v1" xmlns:xsi="http://www.w3.org/2001/XMLSchema-instance" xsi:schemaLocation="http://www.topografix.com/GPX/1/1 http://www.topografix.com/GPX/1/1/gpx.xsd" version="1.1" creator="gpx.py -- https://github.com/tkrajina/gpxpy">
  <trk>
    <name>gpx from keep</name>
    <type>Run</type>
    <trkseg>
      <trkpt lat="29.57248306864716" lon="106.56617629170557">
        <ele>159.9083251953125</ele>
        <time>2026-10-07T22:53:19Z</time>
        <extensions>
          <gpxtpx:TrackPointExtension>
            <gpxtpx:hr>113</gpxtpx:hr>
          </gpxtpx:TrackPointExtension>
        </extensions>
      </trkpt>
      <trkpt lat="29.572438990655815" lon="106.56610122728706">
        <ele>159.203857421875</ele>
        <time>2026-10-07T22:53:22Z</time>
        <extensions>
          <gpxtpx:TrackPointExtension>
            <gpxtpx:hr>113</gpxtpx:hr>
          </gpxtpx:TrackPointExtension>
        </extensions>
      </trkpt>
      <trkpt lat="29.57240686841077" lon="106.56599413308571">
        <ele>157.25140380859375</ele>
        <time>2026-10-07T22:53:26Z</time>
        <extensions>
          <gpxtpx:TrackPointExtension>
            <gpxtpx:hr>114</gpxtpx:hr>
          </gpxtpx:TrackPointExtension>
        </extensions>
      </trkpt>
      <trkpt lat="29.572396641586234" lon="106.5658099670997">
        <ele>156.52618408203125</ele>
        <time>2026-10-07T22:53:31Z</time>
        <extensions>
          <gpxtpx:TrackPointExtension>
            <gpxtpx:hr>120</gpxtpx:hr>
          </gpxtpx:TrackPointExtension>
        </extensions>
      </trkpt>
      <trkpt lat="29.572416300529937" lon="106.56554472302015">
        <ele>156.69122314453125</ele>
        <time>2026-10-07T22:53:40Z</time>
        <extensions>
          <gpxtpx:TrackPointExtension>
            <gpxtpx:hr>125</gpxtpx:hr>
          </gpxtpx:TrackPointExtension>
        </extensions>
      </trkpt>
      <trkpt lat="29.572396200824876" lon="106.56546064645666">
        <ele>156.3594970703125</ele>
        <time>2026-10-07T22:53:43Z</time>
        <extensions>
          <gpxtpx:TrackPointExtension>
            <gpxtpx:hr>126</gpxtpx:hr>
          </gpxtpx:TrackPointExtension>
        </extensions>
      </trkpt>
      <trkpt lat="29.572322195715444" lon="106.56543662852148">
        <ele>157.04736328125</ele>
        <time>2026-10-07T22:53:46Z</time>
        <extensions>
          <gpxtpx:TrackPointExtension>
            <gpxtpx:hr>127</gpxtpx:hr>
          </gpxtpx:TrackPointExtension>
        </extensions>
      </trkpt>
      <trkpt lat="29.572144244109463" lon="106.56542662967229">
        <ele>157.660888671875</ele>
        <time>2026-10-07T22:53:52Z</time>
        <extensions>
          <gpxtpx:TrackPointExtension>
            <gpxtpx:hr>128</gpxtpx:hr>
          </gpxtpx:TrackPointExtension>
        </extensions>
      </trkpt>
      <trkpt lat="29.572080239371232" lon="106.56540561390062">
        <ele>157.33843994140625</ele>
        <time>2026-10-07T22:53:55Z</time>
        <extensions>
          <gpxtpx:TrackPointExtension>
            <gpxtpx:hr>129</gpxtpx:hr>
          </gpxtpx:TrackPointExtension>
        </extensions>
      </trkpt>
      <trkpt lat="29.572017199868174" lon="106.56535757288232">
        <ele>157.370361328125</ele>
        <time>2026-10-07T22:53:58Z</time>
        <extensions>
          <gpxtpx:TrackPointExtension>
            <gpxtpx:hr>131</gpxtpx:hr>
          </gpxtpx:TrackPointExtension>
        </extensions>
      </trkpt>
      <trkpt lat="29.57186522532462" lon="106.56533656219945">
        <ele>157.7974853515625</ele>
        <time>2026-10-07T22:54:04Z</time>
        <extensions>
          <gpxtpx:TrackPointExtension>
            <gpxtpx:hr>132</gpxtpx:hr>
          </gpxtpx:TrackPointExtension>
        </extensions>
      </trkpt>
      <trkpt lat="29.571727305934054" lon="106.5653625945559">
        <ele>157.4659423828125</ele>
        <time>2026-10-07T22:54:10Z</time>
        <extensions>
          <gpxtpx:TrackPointExtension>
            <gpxtpx:hr>134</gpxtpx:hr>
          </gpxtpx:TrackPointExtension>
        </extensions>
      </trkpt>
      <trkpt lat="29.571672290419887" lon="106.5653355725864">
        <ele>157.52386474609375</ele>
        <time>2026-10-07T22:54:13Z</time>
        <extensions>
          <gpxtpx:TrackPointExtension>
            <gpxtpx:hr>136</gpxtpx:hr>
          </gpxtpx:TrackPointExtension>
        </extensions>
      </trkpt>
      <trkpt lat="29.571649406625763" lon="106.56542065313072">
        <ele>154.13140869140625</ele>
        <time>2026-10-07T22:54:19Z</time>
        <extensions>
          <gpxtpx:TrackPointExtension>
            <gpxtpx:hr>136</gpxtpx:hr>
          </gpxtpx:TrackPointExtension>
        </extensions>
      </trkpt>
      <trkpt lat="29.571605440842827" lon="106.56543566964939">
        <ele>150.915771484375</ele>
        <time>2026-10-07T22:54:25Z</time>
        <extensions>
          <gpxtpx:TrackPointExtension>
            <gpxtpx:hr>135</gpxtpx:hr>
          </gpxtpx:TrackPointExtension>
        </extensions>
      </trkpt>
      <trkpt lat="29.571475435961744" lon="106.56539664101274">
        <ele>146.023193359375</ele>
        <time>2026-10-07T22:54:37Z</time>
        <extensions>
          <gpxtpx:TrackPointExtension>
            <gpxtpx:hr>130</gpxtpx:hr>
          </gpxtpx:TrackPointExtension>
        </extensions>
      </trkpt>
      <trkpt lat="29.571428501766455" lon="106.5654356800314">
        <ele>142.992431640625</ele>
        <time>2026-10-07T22:54:43Z</time>
        <extensions>
          <gpxtpx:TrackPointExtension>
            <gpxtpx:hr>126</gpxtpx:hr>
          </gpxtpx:TrackPointExtension>
        </extensions>
      </trkpt>
      <trkpt lat="29.57138394080616" lon="106.56577099098989">
        <ele>142.35205078125</ele>
        <time>2026-10-07T22:54:55Z</time>
        <extensions>
          <gpxtpx:TrackPointExtension>
            <gpxtpx:hr>126</gpxtpx:hr>
          </gpxtpx:TrackPointExtension>
        </extensions>
      </trkpt>
      <trkpt lat="29.571227404873678" lon="106.56609929658143">
        <ele>138.9351806640625</ele>
        <time>2026-10-07T22:55:07Z</time>
        <extensions>
          <gpxtpx:TrackPointExtension>
            <gpxtpx:hr>126</gpxtpx:hr>
          </gpxtpx:TrackPointExtension>
        </extensions>
      </trkpt>
      <trkpt lat="29.571088774454086" lon="106.56635953580336">
        <ele>138.2777099609375</ele>
        <time>2026-10-07T22:55:16Z</time>
        <extensions>
          <gpxtpx:TrackPointExtension>
            <gpxtpx:hr>127</gpxtpx:hr>
          </gpxtpx:TrackPointExtension>
        </extensions>
      </trkpt>
      <trkpt lat="29.571025261377393" lon="106.5667398711106">
        <ele>140.7305908203125</ele>
        <time>2026-10-07T22:55:28Z</time>
        <extensions>
          <gpxtpx:TrackPointExtension>
            <gpxtpx:hr>128</gpxtpx:hr>
          </gpxtpx:TrackPointExtension>
        </extensions>
      </trkpt>
      <trkpt lat="29.57096568941274" lon="106.56710034018886">
        <ele>138.4595947265625</ele>
        <time>2026-10-07T22:55:40Z</time>
        <extensions>
          <gpxtpx:TrackPointExtension>
            <gpxtpx:hr>139</gpxtpx:hr>
          </gpxtpx:TrackPointExtension>
        </extensions>
      </trkpt>
      <trkpt lat="29.570902939272685" lon="106.56726832683536">
        <ele>133.81304931640625</ele>
        <time>2026-10-07T22:55:46Z</time>
        <extensions>
          <gpxtpx:TrackPointExtension>
            <gpxtpx:hr>143</gpxtpx:hr>
          </gpxtpx:TrackPointExtension>
        </extensions>
      </trkpt>
      <trkpt lat="29.570901001889805" lon="106.56732037035722">
        <ele>131.77191162109375</ele>
        <time>2026-10-07T22:55:49Z</time>
        <extensions>
          <gpxtpx:TrackPointExtension>
            <gpxtpx:hr>144</gpxtpx:hr>
          </gpxtpx:TrackPointExtension>
        </extensions>
      </trkpt>
      <trkpt lat="29.570928116076608" lon="106.5674244551701">
        <ele>133.9437255859375</ele>
        <time>2026-10-07T22:55:55Z</time>
        <extensions>
          <gpxtpx:TrackPointExtension>
            <gpxtpx:hr>144</gpxtpx:hr>
          </gpxtpx:TrackPointExtension>
        </extensions>
      </trkpt>
      <trkpt lat="29.570825598845197" lon="106.56780477220144">
        <ele>140.0599365234375</ele>
        <time>2026-10-07T22:56:04Z</time>
        <extensions>
          <gpxtpx:TrackPointExtension>
            <gpxtpx:hr>145</gpxtpx:hr>
          </gpxtpx:TrackPointExtension>
        </extensions>
      </trkpt>
      <trkpt lat="29.57074707278598" lon="106.56819008440232">
        <ele>139.925537109375</ele>
        <time>2026-10-07T22:56:16Z</time>
        <extensions>
          <gpxtpx:TrackPointExtension>
            <gpxtpx:hr>149</gpxtpx:hr>
          </gpxtpx:TrackPointExtension>
        </extensions>
      </trkpt>
      <trkpt lat="29.570683518032514" lon="106.56856037660044">
        <ele>141.5294189453125</ele>
        <time>2026-10-07T22:56:28Z</time>
        <extensions>
          <gpxtpx:TrackPointExtension>
            <gpxtpx:hr>151</gpxtpx:hr>
          </gpxtpx:TrackPointExtension>
        </extensions>
      </trkpt>
      <trkpt lat="29.570601967967928" lon="106.56893466584842">
        <ele>141.27374267578125</ele>
        <time>2026-10-07T22:56:40Z</time>
        <extensions>
          <gpxtpx:TrackPointExtension>
            <gpxtpx:hr>150</gpxtpx:hr>
          </gpxtpx:TrackPointExtension>
        </extensions>
      </trkpt>
      <trkpt lat="29.57054039713406" lon="106.56930194162685">
        <ele>139.81842041015625</ele>
        <time>2026-10-07T22:56:52Z</time>
        <extensions>
          <gpxtpx:TrackPointExtension>
            <gpxtpx:hr>150</gpxtpx:hr>
          </gpxtpx:TrackPointExtension>
        </extensions>
      </trkpt>
      <trkpt lat="29.57046079179329" lon="106.56963718869227">
        <ele>139.99114990234375</ele>
        <time>2026-10-07T22:57:04Z</time>
        <extensions>
          <gpxtpx:TrackPointExtension>
            <gpxtpx:hr>149</gpxtpx:hr>
          </gpxtpx:TrackPointExtension>
        </extensions>
      </trkpt>
      <trkpt lat="29.5704071778934" lon="106.56997743194934">
        <ele>142.03387451171875</ele>
        <time>2026-10-07T22:57:16Z</time>
        <extensions>
          <gpxtpx:TrackPointExtension>
            <gpxtpx:hr>146</gpxtpx:hr>
          </gpxtpx:TrackPointExtension>
        </extensions>
      </trkpt>
      <trkpt lat="29.57038256579537" lon="106.5703336784248">
        <ele>141.92413330078125</ele>
        <time>2026-10-07T22:57:28Z</time>
        <extensions>
          <gpxtpx:TrackPointExtension>
            <gpxtpx:hr>144</gpxtpx:hr>
          </gpxtpx:TrackPointExtension>
        </extensions>
      </trkpt>
      <trkpt lat="29.570382661842697" lon="106.57042474000535">
        <ele>141.5667724609375</ele>
        <time>2026-10-07T22:57:31Z</time>
        <extensions>
          <gpxtpx:TrackPointExtension>
            <gpxtpx:hr>145</gpxtpx:hr>
          </gpxtpx:TrackPointExtension>
        </extensions>
      </trkpt>
      <trkpt lat="29.57040303856821" lon="106.57079198284873">
        <ele>140.91265869140625</ele>
        <time>2026-10-07T22:57:43Z</time>
        <extensions>
          <gpxtpx:TrackPointExtension>
            <gpxtpx:hr>143</gpxtpx:hr>
          </gpxtpx:TrackPointExtension>
        </extensions>
      </trkpt>
      <trkpt lat="29.57046637506533" lon="106.57114020411316">
        <ele>140.93695068359375</ele>
        <time>2026-10-07T22:57:55Z</time>
        <extensions>
          <gpxtpx:TrackPointExtension>
            <gpxtpx:hr>144</gpxtpx:hr>
          </gpxtpx:TrackPointExtension>
        </extensions>
      </trkpt>
      <trkpt lat="29.57053767523872" lon="106.571460401282">
        <ele>141.4945068359375</ele>
        <time>2026-10-07T22:58:07Z</time>
        <extensions>
          <gpxtpx:TrackPointExtension>
            <gpxtpx:hr>145</gpxtpx:hr>
          </gpxtpx:TrackPointExtension>
        </extensions>
      </trkpt>
      <trkpt lat="29.570600882056453" lon="106.57168853780368">
        <ele>143.13690185546875</ele>
        <time>2026-10-07T22:58:16Z</time>
        <extensions>
          <gpxtpx:TrackPointExtension>
            <gpxtpx:hr>146</gpxtpx:hr>
          </gpxtpx:TrackPointExtension>
        </extensions>
      </trkpt>
      <trkpt lat="29.57064610660292" lon="106.57193068104385">
        <ele>144.25152587890625</ele>
        <time>2026-10-07T22:58:28Z</time>
        <extensions>
          <gpxtpx:TrackPointExtension>
            <gpxtpx:hr>147</gpxtpx:hr>
          </gpxtpx:TrackPointExtension>
        </extensions>
      </trkpt>
      <trkpt lat="29.570643473558007" lon="106.57230490069392">
        <ele>145.2772216796875</ele>
        <time>2026-10-07T22:58:40Z</time>
        <extensions>
          <gpxtpx:TrackPointExtension>
            <gpxtpx:hr>144</gpxtpx:hr>
          </gpxtpx:TrackPointExtension>
        </extensions>
      </trkpt>
      <trkpt lat="29.570654554953936" lon="106.57239295063538">
        <ele>144.58721923828125</ele>
        <time>2026-10-07T22:58:43Z</time>
        <extensions>
          <gpxtpx:TrackPointExtension>
            <gpxtpx:hr>144</gpxtpx:hr>
          </gpxtpx:TrackPointExtension>
        </extensions>
      </trkpt>
      <trkpt lat="29.570738745080806" lon="106.57262107490578">
        <ele>144.27294921875</ele>
        <time>2026-10-07T22:58:52Z</time>
        <extensions>
          <gpxtpx:TrackPointExtension>
            <gpxtpx:hr>147</gpxtpx:hr>
          </gpxtpx:TrackPointExtension>
        </extensions>
      </trkpt>
      <trkpt lat="29.570757903243862" lon="106.57279417001864">
        <ele>144.7362060546875</ele>
        <time>2026-10-07T22:58:58Z</time>
        <extensions>
          <gpxtpx:TrackPointExtension>
            <gpxtpx:hr>148</gpxtpx:hr>
          </gpxtpx:TrackPointExtension>
        </extensions>
      </trkpt>
      <trkpt lat="29.570729207884266" lon="106.5731073418616">
        <ele>143.94073486328125</ele>
        <time>2026-10-07T22:59:07Z</time>
        <extensions>
          <gpxtpx:TrackPointExtension>
            <gpxtpx:hr>153</gpxtpx:hr>
          </gpxtpx:TrackPointExtension>
        </extensions>
      </trkpt>
      <trkpt lat="29.570669564819198" lon="106.57347053631705">
        <ele>145.4566650390625</ele>
        <time>2026-10-07T22:59:19Z</time>
        <extensions>
          <gpxtpx:TrackPointExtension>
            <gpxtpx:hr>156</gpxtpx:hr>
          </gpxtpx:TrackPointExtension>
        </extensions>
      </trkpt>
      <trkpt lat="29.57068377723452" lon="106.57370865696124">
        <ele>144.19879150390625</ele>
        <time>2026-10-07T22:59:28Z</time>
        <extensions>
          <gpxtpx:TrackPointExtension>
            <gpxtpx:hr>158</gpxtpx:hr>
          </gpxtpx:TrackPointExtension>
        </extensions>
      </trkpt>
      <trkpt lat="29.570771029951988" lon="106.57402280759824">
        <ele>146.973876953125</ele>
        <time>2026-10-07T22:59:40Z</time>
        <extensions>
          <gpxtpx:TrackPointExtension>
            <gpxtpx:hr>158</gpxtpx:hr>
          </gpxtpx:TrackPointExtension>
        </extensions>
      </trkpt>
      <trkpt lat="29.570810192519662" lon="106.57422090087233">
        <ele>150.89373779296875</ele>
        <time>2026-10-07T22:59:46Z</time>
        <extensions>
          <gpxtpx:TrackPointExtension>
            <gpxtpx:hr>158</gpxtpx:hr>
          </gpxtpx:TrackPointExtension>
        </extensions>
      </trkpt>
      <trkpt lat="29.57076344158679" lon="106.57448602832105">
        <ele>150.333984375</ele>
        <time>2026-10-07T22:59:55Z</time>
        <extensions>
          <gpxtpx:TrackPointExtension>
            <gpxtpx:hr>158</gpxtpx:hr>
          </gpxtpx:TrackPointExtension>
        </extensions>
      </trkpt>
      <trkpt lat="29.570819715543823" lon="106.57482517920914">
        <ele>151.35894775390625</ele>
        <time>2026-10-07T23:00:07Z</time>
        <extensions>
          <gpxtpx:TrackPointExtension>
            <gpxtpx:hr>155</gpxtpx:hr>
          </gpxtpx:TrackPointExtension>
        </extensions>
      </trkpt>
      <trkpt lat="29.57081600674245" lon="106.57516632846551">
        <ele>150.6669921875</ele>
        <time>2026-10-07T23:00:19Z</time>
        <extensions>
          <gpxtpx:TrackPointExtension>
            <gpxtpx:hr>151</gpxtpx:hr>
          </gpxtpx:TrackPointExtension>
        </extensions>
      </trkpt>
      <trkpt lat="29.57078232869423" lon="106.57553848609346">
        <ele>146.62188720703125</ele>
        <time>2026-10-07T23:00:31Z</time>
        <extensions>
          <gpxtpx:TrackPointExtension>
            <gpxtpx:hr>149</gpxtpx:hr>
          </gpxtpx:TrackPointExtension>
        </extensions>
      </trkpt>
      <trkpt lat="29.57076359226943" lon="106.57585261294173">
        <ele>145.2811279296875</ele>
        <time>2026-10-07T23:00:40Z</time>
        <extensions>
          <gpxtpx:TrackPointExtension>
            <gpxtpx:hr>148</gpxtpx:hr>
          </gpxtpx:TrackPointExtension>
        </extensions>
      </trkpt>
      <trkpt lat="29.570740749563235" lon="106.57603768595268">
        <ele>145.871337890625</ele>
        <time>2026-10-07T23:00:46Z</time>
        <extensions>
          <gpxtpx:TrackPointExtension>
            <gpxtpx:hr>148</gpxtpx:hr>
          </gpxtpx:TrackPointExtension>
        </extensions>
      </trkpt>
      <trkpt lat="29.570744816289668" lon="106.57612271804373">
        <ele>145.5484619140625</ele>
        <time>2026-10-07T23:00:49Z</time>
        <extensions>
          <gpxtpx:TrackPointExtension>
            <gpxtpx:hr>148</gpxtpx:hr>
          </gpxtpx:TrackPointExtension>
        </extensions>
      </trkpt>
      <trkpt lat="29.5708289138282" lon="106.57628177257328">
        <ele>145.980712890625</ele>
        <time>2026-10-07T23:00:55Z</time>
        <extensions>
          <gpxtpx:TrackPointExtension>
            <gpxtpx:hr>147</gpxtpx:hr>
          </gpxtpx:TrackPointExtension>
        </extensions>
      </trkpt>
      <trkpt lat="29.570917994376064" lon="106.57642281897147">
        <ele>145.151123046875</ele>
        <time>2026-10-07T23:01:01Z</time>
        <extensions>
          <gpxtpx:TrackPointExtension>
            <gpxtpx:hr>148</gpxtpx:hr>
          </gpxtpx:TrackPointExtension>
        </extensions>
      </trkpt>
      <trkpt lat="29.571024211621292" lon="106.57674892810368">
        <ele>145.130126953125</ele>
        <time>2026-10-07T23:01:13Z</time>
        <extensions>
          <gpxtpx:TrackPointExtension>
            <gpxtpx:hr>143</gpxtpx:hr>
          </gpxtpx:TrackPointExtension>
        </extensions>
      </trkpt>
      <trkpt lat="29.5711224427358" lon="106.5770960390128">
        <ele>145.3927001953125</ele>
        <time>2026-10-07T23:01:25Z</time>
        <extensions>
          <gpxtpx:TrackPointExtension>
            <gpxtpx:hr>144</gpxtpx:hr>
          </gpxtpx:TrackPointExtension>
        </extensions>
      </trkpt>
      <trkpt lat="29.57122566005932" lon="106.57743414053095">
        <ele>144.1854248046875</ele>
        <time>2026-10-07T23:01:37Z</time>
        <extensions>
          <gpxtpx:TrackPointExtension>
            <gpxtpx:hr>148</gpxtpx:hr>
          </gpxtpx:TrackPointExtension>
        </extensions>
      </trkpt>
      <trkpt lat="29.571348850851372" lon="106.57775222903943">
        <ele>145.9898681640625</ele>
        <time>2026-10-07T23:01:49Z</time>
        <extensions>
          <gpxtpx:TrackPointExtension>
            <gpxtpx:hr>145</gpxtpx:hr>
          </gpxtpx:TrackPointExtension>
        </extensions>
      </trkpt>
      <trkpt lat="29.57148601733119" lon="106.57804930561215">
        <ele>145.48101806640625</ele>
        <time>2026-10-07T23:02:01Z</time>
        <extensions>
          <gpxtpx:TrackPointExtension>
            <gpxtpx:hr>144</gpxtpx:hr>
          </gpxtpx:TrackPointExtension>
        </extensions>
      </trkpt>
      <trkpt lat="29.57165519050627" lon="106.57837738375711">
        <ele>145.84906005859375</ele>
        <time>2026-10-07T23:02:13Z</time>
        <extensions>
          <gpxtpx:TrackPointExtension>
            <gpxtpx:hr>144</gpxtpx:hr>
          </gpxtpx:TrackPointExtension>
        </extensions>
      </trkpt>
      <trkpt lat="29.571807346936893" lon="106.5786794509212">
        <ele>145.6270751953125</ele>
        <time>2026-10-07T23:02:25Z</time>
        <extensions>
          <gpxtpx:TrackPointExtension>
            <gpxtpx:hr>145</gpxtpx:hr>
          </gpxtpx:TrackPointExtension>
        </extensions>
      </trkpt>
      <trkpt lat="29.571929451075444" lon="106.57889449500833">
        <ele>145.04364013671875</ele>
        <time>2026-10-07T23:02:34Z</time>
        <extensions>
          <gpxtpx:TrackPointExtension>
            <gpxtpx:hr>146</gpxtpx:hr>
          </gpxtpx:TrackPointExtension>
        </extensions>
      </trkpt>
      <trkpt lat="29.57203948720685" lon="106.5790045138371">
        <ele>146.38800048828125</ele>
        <time>2026-10-07T23:02:40Z</time>
        <extensions>
          <gpxtpx:TrackPointExtension>
            <gpxtpx:hr>145</gpxtpx:hr>
          </gpxtpx:TrackPointExtension>
        </extensions>
      </trkpt>
      <trkpt lat="29.57232150884554" lon="106.57918253686444">
        <ele>148.22650146484375</ele>
        <time>2026-10-07T23:02:52Z</time>
        <extensions>
          <gpxtpx:TrackPointExtension>
            <gpxtpx:hr>143</gpxtpx:hr>
          </gpxtpx:TrackPointExtension>
        </extensions>
      </trkpt>
      <trkpt lat="29.572576535796777" lon="106.57935655897501">
        <ele>149.00244140625</ele>
        <time>2026-10-07T23:03:04Z</time>
        <extensions>
          <gpxtpx:TrackPointExtension>
            <gpxtpx:hr>142</gpxtpx:hr>
          </gpxtpx:TrackPointExtension>
        </extensions>
      </trkpt>
      <trkpt lat="29.572839565823596" lon="106.57954158121316">
        <ele>147.33197021484375</ele>
        <time>2026-10-07T23:03:16Z</time>
        <extensions>
          <gpxtpx:TrackPointExtension>
            <gpxtpx:hr>143</gpxtpx:hr>
          </gpxtpx:TrackPointExtension>
        </extensions>
      </trkpt>
      <trkpt lat="29.57297856263966" lon="106.5796105866496">
        <ele>147.1954345703125</ele>
        <time>2026-10-07T23:03:22Z</time>
        <extensions>
          <gpxtpx:TrackPointExtension>
            <gpxtpx:hr>144</gpxtpx:hr>
          </gpxtpx:TrackPointExtension>
        </extensions>
      </trkpt>
      <trkpt lat="29.57304554226791" lon="106.57961458350339">
        <ele>146.9573974609375</ele>
        <time>2026-10-07T23:03:25Z</time>
        <extensions>
          <gpxtpx:TrackPointExtension>
            <gpxtpx:hr>145</gpxtpx:hr>
          </gpxtpx:TrackPointExtension>
        </extensions>
      </trkpt>
      <trkpt lat="29.57311249747427" lon="106.57958057292385">
        <ele>146.38897705078125</ele>
        <time>2026-10-07T23:03:28Z</time>
        <extensions>
          <gpxtpx:TrackPointExtension>
            <gpxtpx:hr>146</gpxtpx:hr>
          </gpxtpx:TrackPointExtension>
        </extensions>
      </trkpt>
      <trkpt lat="29.57336727864095" lon="106.57937751699065">
        <ele>145.6568603515625</ele>
        <time>2026-10-07T23:03:40Z</time>
        <extensions>
          <gpxtpx:TrackPointExtension>
            <gpxtpx:hr>147</gpxtpx:hr>
          </gpxtpx:TrackPointExtension>
        </extensions>
      </trkpt>
      <trkpt lat="29.573642069052955" lon="106.57920146358374">
        <ele>144.45257568359375</ele>
        <time>2026-10-07T23:03:52Z</time>
        <extensions>
          <gpxtpx:TrackPointExtension>
            <gpxtpx:hr>144</gpxtpx:hr>
          </gpxtpx:TrackPointExtension>
        </extensions>
      </trkpt>
      <trkpt lat="29.57383889881751" lon="106.57904641784825">
        <ele>144.72418212890625</ele>
        <time>2026-10-07T23:04:01Z</time>
        <extensions>
          <gpxtpx:TrackPointExtension>
            <gpxtpx:hr>144</gpxtpx:hr>
          </gpxtpx:TrackPointExtension>
        </extensions>
      </trkpt>
      <trkpt lat="29.574072649942348" lon="106.5787953460891">
        <ele>145.71795654296875</ele>
        <time>2026-10-07T23:04:13Z</time>
        <extensions>
          <gpxtpx:TrackPointExtension>
            <gpxtpx:hr>146</gpxtpx:hr>
          </gpxtpx:TrackPointExtension>
        </extensions>
      </trkpt>
      <trkpt lat="29.574339445567603" lon="106.57862929023433">
        <ele>144.8485107421875</ele>
        <time>2026-10-07T23:04:25Z</time>
        <extensions>
          <gpxtpx:TrackPointExtension>
            <gpxtpx:hr>147</gpxtpx:hr>
          </gpxtpx:TrackPointExtension>
        </extensions>
      </trkpt>
      <trkpt lat="29.57461424286548" lon="106.57847123450321">
        <ele>144.1710205078125</ele>
        <time>2026-10-07T23:04:37Z</time>
        <extensions>
          <gpxtpx:TrackPointExtension>
            <gpxtpx:hr>146</gpxtpx:hr>
          </gpxtpx:TrackPointExtension>
        </extensions>
      </trkpt>
      <trkpt lat="29.574911018326034" lon="106.57829417116082">
        <ele>144.8446044921875</ele>
        <time>2026-10-07T23:04:49Z</time>
        <extensions>
          <gpxtpx:TrackPointExtension>
            <gpxtpx:hr>146</gpxtpx:hr>
          </gpxtpx:TrackPointExtension>
        </extensions>
      </trkpt>
      <trkpt lat="29.575221789855956" lon="106.57812010617205">
        <ele>144.10845947265625</ele>
        <time>2026-10-07T23:05:01Z</time>
        <extensions>
          <gpxtpx:TrackPointExtension>
            <gpxtpx:hr>147</gpxtpx:hr>
          </gpxtpx:TrackPointExtension>
        </extensions>
      </trkpt>
      <trkpt lat="29.575529554700545" lon="106.57793703722415">
        <ele>144.923095703125</ele>
        <time>2026-10-07T23:05:13Z</time>
        <extensions>
          <gpxtpx:TrackPointExtension>
            <gpxtpx:hr>148</gpxtpx:hr>
          </gpxtpx:TrackPointExtension>
        </extensions>
      </trkpt>
      <trkpt lat="29.575822398494797" lon="106.57785799753738">
        <ele>145.7532958984375</ele>
        <time>2026-10-07T23:05:25Z</time>
        <extensions>
          <gpxtpx:TrackPointExtension>
            <gpxtpx:hr>154</gpxtpx:hr>
          </gpxtpx:TrackPointExtension>
        </extensions>
      </trkpt>
      <trkpt lat="29.57597232167075" lon="106.57782197837761">
        <ele>146.64874267578125</ele>
        <time>2026-10-07T23:05:31Z</time>
        <extensions>
          <gpxtpx:TrackPointExtension>
            <gpxtpx:hr>159</gpxtpx:hr>
          </gpxtpx:TrackPointExtension>
        </extensions>
      </trkpt>
      <trkpt lat="29.576159161068745" lon="106.57768792822405">
        <ele>149.593017578125</ele>
        <time>2026-10-07T23:05:40Z</time>
        <extensions>
          <gpxtpx:TrackPointExtension>
            <gpxtpx:hr>161</gpxtpx:hr>
          </gpxtpx:TrackPointExtension>
        </extensions>
      </trkpt>
      <trkpt lat="29.576262036205073" lon="106.57756488538087">
        <ele>150.24798583984375</ele>
        <time>2026-10-07T23:05:46Z</time>
        <extensions>
          <gpxtpx:TrackPointExtension>
            <gpxtpx:hr>163</gpxtpx:hr>
          </gpxtpx:TrackPointExtension>
        </extensions>
      </trkpt>
      <trkpt lat="29.576315037352533" lon="106.57759089012131">
        <ele>153.096923828125</ele>
        <time>2026-10-07T23:05:52Z</time>
        <extensions>
          <gpxtpx:TrackPointExtension>
            <gpxtpx:hr>163</gpxtpx:hr>
          </gpxtpx:TrackPointExtension>
        </extensions>
      </trkpt>
      <trkpt lat="29.576334085796162" lon="106.5776659114432">
        <ele>151.63848876953125</ele>
        <time>2026-10-07T23:05:58Z</time>
        <extensions>
          <gpxtpx:TrackPointExtension>
            <gpxtpx:hr>161</gpxtpx:hr>
          </gpxtpx:TrackPointExtension>
        </extensions>
      </trkpt>
      <trkpt lat="29.57642109353514" lon="106.57771692143197">
        <ele>150.9959716796875</ele>
        <time>2026-10-07T23:06:04Z</time>
        <extensions>
          <gpxtpx:TrackPointExtension>
            <gpxtpx:hr>160</gpxtpx:hr>
          </gpxtpx:TrackPointExtension>
        </extensions>
      </trkpt>
      <trkpt lat="29.576490054910906" lon="106.5776959111923">
        <ele>150.2003173828125</ele>
        <time>2026-10-07T23:06:07Z</time>
        <extensions>
          <gpxtpx:TrackPointExtension>
            <gpxtpx:hr>159</gpxtpx:hr>
          </gpxtpx:TrackPointExtension>
        </extensions>
      </trkpt>
      <trkpt lat="29.576766809513988" lon="106.57748883264553">
        <ele>148.49951171875</ele>
        <time>2026-10-07T23:06:19Z</time>
        <extensions>
          <gpxtpx:TrackPointExtension>
            <gpxtpx:hr>153</gpxtpx:hr>
          </gpxtpx:TrackPointExtension>
        </extensions>
      </trkpt>
      <trkpt lat="29.57683975308697" lon="106.57744581514086">
        <ele>150.45703125</ele>
        <time>2026-10-07T23:06:22Z</time>
        <extensions>
          <gpxtpx:TrackPointExtension>
            <gpxtpx:hr>152</gpxtpx:hr>
          </gpxtpx:TrackPointExtension>
        </extensions>
      </trkpt>
      <trkpt lat="29.576890738824833" lon="106.5774498133864">
        <ele>151.20928955078125</ele>
        <time>2026-10-07T23:06:25Z</time>
        <extensions>
          <gpxtpx:TrackPointExtension>
            <gpxtpx:hr>151</gpxtpx:hr>
          </gpxtpx:TrackPointExtension>
        </extensions>
      </trkpt>
      <trkpt lat="29.576993750563954" lon="106.57751282668183">
        <ele>147.79608154296875</ele>
        <time>2026-10-07T23:06:31Z</time>
        <extensions>
          <gpxtpx:TrackPointExtension>
            <gpxtpx:hr>150</gpxtpx:hr>
          </gpxtpx:TrackPointExtension>
        </extensions>
      </trkpt>
      <trkpt lat="29.577175716388734" lon="106.57754982727194">
        <ele>143.81500244140625</ele>
        <time>2026-10-07T23:06:37Z</time>
        <extensions>
          <gpxtpx:TrackPointExtension>
            <gpxtpx:hr>143</gpxtpx:hr>
          </gpxtpx:TrackPointExtension>
        </extensions>
      </trkpt>
      <trkpt lat="29.577274680797395" lon="106.5775468205598">
        <ele>145.07147216796875</ele>
        <time>2026-10-07T23:06:40Z</time>
        <extensions>
          <gpxtpx:TrackPointExtension>
            <gpxtpx:hr>143</gpxtpx:hr>
          </gpxtpx:TrackPointExtension>
        </extensions>
      </trkpt>
      <trkpt lat="29.577368626293218" lon="106.57751580561951">
        <ele>143.6470947265625</ele>
        <time>2026-10-07T23:06:43Z</time>
        <extensions>
          <gpxtpx:TrackPointExtension>
            <gpxtpx:hr>144</gpxtpx:hr>
          </gpxtpx:TrackPointExtension>
        </extensions>
      </trkpt>
      <trkpt lat="29.577597418785402" lon="106.57733973769726">
        <ele>142.1533203125</ele>
        <time>2026-10-07T23:06:52Z</time>
        <extensions>
          <gpxtpx:TrackPointExtension>
            <gpxtpx:hr>144</gpxtpx:hr>
          </gpxtpx:TrackPointExtension>
        </extensions>
      </trkpt>
      <trkpt lat="29.577823213966795" lon="106.57716766961867">
        <ele>143.12542724609375</ele>
        <time>2026-10-07T23:07:01Z</time>
        <extensions>
          <gpxtpx:TrackPointExtension>
            <gpxtpx:hr>144</gpxtpx:hr>
          </gpxtpx:TrackPointExtension>
        </extensions>
      </trkpt>
      <trkpt lat="29.577893148212674" lon="106.57711164732844">
        <ele>143.3048095703125</ele>
        <time>2026-10-07T23:07:04Z</time>
        <extensions>
          <gpxtpx:TrackPointExtension>
            <gpxtpx:hr>145</gpxtpx:hr>
          </gpxtpx:TrackPointExtension>
        </extensions>
      </trkpt>
      <trkpt lat="29.578010008825654" lon="106.57697959694944">
        <ele>143.16552734375</ele>
        <time>2026-10-07T23:07:10Z</time>
        <extensions>
          <gpxtpx:TrackPointExtension>
            <gpxtpx:hr>145</gpxtpx:hr>
          </gpxtpx:TrackPointExtension>
        </extensions>
      </trkpt>
      <trkpt lat="29.578305767824" lon="106.57679451706636">
        <ele>140.70758056640625</ele>
        <time>2026-10-07T23:07:22Z</time>
        <extensions>
          <gpxtpx:TrackPointExtension>
            <gpxtpx:hr>146</gpxtpx:hr>
          </gpxtpx:TrackPointExtension>
        </extensions>
      </trkpt>
      <trkpt lat="29.578601509832225" lon="106.57658942832619">
        <ele>140.9906005859375</ele>
        <time>2026-10-07T23:07:34Z</time>
        <extensions>
          <gpxtpx:TrackPointExtension>
            <gpxtpx:hr>146</gpxtpx:hr>
          </gpxtpx:TrackPointExtension>
        </extensions>
      </trkpt>
      <trkpt lat="29.578826309254165" lon="106.57642935788759">
        <ele>141.7469482421875</ele>
        <time>2026-10-07T23:07:43Z</time>
        <extensions>
          <gpxtpx:TrackPointExtension>
            <gpxtpx:hr>146</gpxtpx:hr>
          </gpxtpx:TrackPointExtension>
        </extensions>
      </trkpt>
      <trkpt lat="29.578883239778907" lon="106.57636533127065">
        <ele>140.92669677734375</ele>
        <time>2026-10-07T23:07:46Z</time>
        <extensions>
          <gpxtpx:TrackPointExtension>
            <gpxtpx:hr>147</gpxtpx:hr>
          </gpxtpx:TrackPointExtension>
        </extensions>
      </trkpt>
      <trkpt lat="29.578914170922012" lon="106.57629130227319">
        <ele>138.85699462890625</ele>
        <time>2026-10-07T23:07:49Z</time>
        <extensions>
          <gpxtpx:TrackPointExtension>
            <gpxtpx:hr>147</gpxtpx:hr>
          </gpxtpx:TrackPointExtension>
        </extensions>
      </trkpt>
      <trkpt lat="29.578959934467697" lon="106.5760141952871">
        <ele>138.27911376953125</ele>
        <time>2026-10-07T23:07:58Z</time>
        <extensions>
          <gpxtpx:TrackPointExtension>
            <gpxtpx:hr>148</gpxtpx:hr>
          </gpxtpx:TrackPointExtension>
        </extensions>
      </trkpt>
      <trkpt lat="29.5790437315697" lon="106.57579810625136">
        <ele>140.35125732421875</ele>
        <time>2026-10-07T23:08:04Z</time>
        <extensions>
          <gpxtpx:TrackPointExtension>
            <gpxtpx:hr>149</gpxtpx:hr>
          </gpxtpx:TrackPointExtension>
        </extensions>
      </trkpt>
      <trkpt lat="29.579191554489295" lon="106.57564203530944">
        <ele>142.35504150390625</ele>
        <time>2026-10-07T23:08:10Z</time>
        <extensions>
          <gpxtpx:TrackPointExtension>
            <gpxtpx:hr>149</gpxtpx:hr>
          </gpxtpx:TrackPointExtension>
        </extensions>
      </trkpt>
      <trkpt lat="29.579470314291715" lon="106.57546394635153">
        <ele>145.12298583984375</ele>
        <time>2026-10-07T23:08:22Z</time>
        <extensions>
          <gpxtpx:TrackPointExtension>
            <gpxtpx:hr>150</gpxtpx:hr>
          </gpxtpx:TrackPointExtension>
        </extensions>
      </trkpt>
      <trkpt lat="29.57978712104354" lon="106.5753588841641">
        <ele>145.7314453125</ele>
        <time>2026-10-07T23:08:35Z</time>
        <extensions>
          <gpxtpx:TrackPointExtension>
            <gpxtpx:hr>149</gpxtpx:hr>
          </gpxtpx:TrackPointExtension>
        </extensions>
      </trkpt>
      <trkpt lat="29.580015941697383" lon="106.57523581892603">
        <ele>144.5416259765625</ele>
        <time>2026-10-07T23:08:43Z</time>
        <extensions>
          <gpxtpx:TrackPointExtension>
            <gpxtpx:hr>150</gpxtpx:hr>
          </gpxtpx:TrackPointExtension>
        </extensions>
      </trkpt>
      <trkpt lat="29.580257634458412" lon="106.57496768910383">
        <ele>140.75634765625</ele>
        <time>2026-10-07T23:08:55Z</time>
        <extensions>
          <gpxtpx:TrackPointExtension>
            <gpxtpx:hr>151</gpxtpx:hr>
          </gpxtpx:TrackPointExtension>
        </extensions>
      </trkpt>
      <trkpt lat="29.58043540485005" lon="106.57476859037622">
        <ele>138.92779541015625</ele>
        <time>2026-10-07T23:09:04Z</time>
        <extensions>
          <gpxtpx:TrackPointExtension>
            <gpxtpx:hr>154</gpxtpx:hr>
          </gpxtpx:TrackPointExtension>
        </extensions>
      </trkpt>
      <trkpt lat="29.580482320239256" lon="106.57468855154318">
        <ele>138.11553955078125</ele>
        <time>2026-10-07T23:09:07Z</time>
        <extensions>
          <gpxtpx:TrackPointExtension>
            <gpxtpx:hr>154</gpxtpx:hr>
          </gpxtpx:TrackPointExtension>
        </extensions>
      </trkpt>
      <trkpt lat="29.580519956778176" lon="106.57428636296505">
        <ele>139.603759765625</ele>
        <time>2026-10-07T23:09:20Z</time>
        <extensions>
          <gpxtpx:TrackPointExtension>
            <gpxtpx:hr>153</gpxtpx:hr>
          </gpxtpx:TrackPointExtension>
        </extensions>
      </trkpt>
      <trkpt lat="29.580561683440887" lon="106.57399421985549">
        <ele>141.972412109375</ele>
        <time>2026-10-07T23:09:29Z</time>
        <extensions>
          <gpxtpx:TrackPointExtension>
            <gpxtpx:hr>154</gpxtpx:hr>
          </gpxtpx:TrackPointExtension>
        </extensions>
      </trkpt>
      <trkpt lat="29.58059459354148" lon="106.57390617466187">
        <ele>142.48846435546875</ele>
        <time>2026-10-07T23:09:32Z</time>
        <extensions>
          <gpxtpx:TrackPointExtension>
            <gpxtpx:hr>154</gpxtpx:hr>
          </gpxtpx:TrackPointExtension>
        </extensions>
      </trkpt>
      <trkpt lat="29.580651511543046" lon="106.5738361366213">
        <ele>143.31744384765625</ele>
        <time>2026-10-07T23:09:35Z</time>
        <extensions>
          <gpxtpx:TrackPointExtension>
            <gpxtpx:hr>154</gpxtpx:hr>
          </gpxtpx:TrackPointExtension>
        </extensions>
      </trkpt>
      <trkpt lat="29.580940235923688" lon="106.57363802014676">
        <ele>144.328857421875</ele>
        <time>2026-10-07T23:09:47Z</time>
        <extensions>
          <gpxtpx:TrackPointExtension>
            <gpxtpx:hr>159</gpxtpx:hr>
          </gpxtpx:TrackPointExtension>
        </extensions>
      </trkpt>
      <trkpt lat="29.581209942889323" lon="106.57341589029198">
        <ele>144.73382568359375</ele>
        <time>2026-10-07T23:09:59Z</time>
        <extensions>
          <gpxtpx:TrackPointExtension>
            <gpxtpx:hr>159</gpxtpx:hr>
          </gpxtpx:TrackPointExtension>
        </extensions>
      </trkpt>
      <trkpt lat="29.581487669263502" lon="106.57321977118859">
        <ele>146.30462646484375</ele>
        <time>2026-10-07T23:10:11Z</time>
        <extensions>
          <gpxtpx:TrackPointExtension>
            <gpxtpx:hr>157</gpxtpx:hr>
          </gpxtpx:TrackPointExtension>
        </extensions>
      </trkpt>
      <trkpt lat="29.581775436610524" lon="106.57307267588723">
        <ele>146.901123046875</ele>
        <time>2026-10-07T23:10:23Z</time>
        <extensions>
          <gpxtpx:TrackPointExtension>
            <gpxtpx:hr>154</gpxtpx:hr>
          </gpxtpx:TrackPointExtension>
        </extensions>
      </trkpt>
      <trkpt lat="29.58206321345849" lon="106.57293658545196">
        <ele>146.419677734375</ele>
        <time>2026-10-07T23:10:35Z</time>
        <extensions>
          <gpxtpx:TrackPointExtension>
            <gpxtpx:hr>154</gpxtpx:hr>
          </gpxtpx:TrackPointExtension>
        </extensions>
      </trkpt>
      <trkpt lat="29.58236698713159" lon="106.57280349477008">
        <ele>145.5125732421875</ele>
        <time>2026-10-07T23:10:47Z</time>
        <extensions>
          <gpxtpx:TrackPointExtension>
            <gpxtpx:hr>152</gpxtpx:hr>
          </gpxtpx:TrackPointExtension>
        </extensions>
      </trkpt>
      <trkpt lat="29.582676766727722" lon="106.57267940783765">
        <ele>146.20416259765625</ele>
        <time>2026-10-07T23:10:59Z</time>
        <extensions>
          <gpxtpx:TrackPointExtension>
            <gpxtpx:hr>153</gpxtpx:hr>
          </gpxtpx:TrackPointExtension>
        </extensions>
      </trkpt>
      <trkpt lat="29.582998575327647" lon="106.57259033911532">
        <ele>145.001708984375</ele>
        <time>2026-10-07T23:11:11Z</time>
        <extensions>
          <gpxtpx:TrackPointExtension>
            <gpxtpx:hr>152</gpxtpx:hr>
          </gpxtpx:TrackPointExtension>
        </extensions>
      </trkpt>
      <trkpt lat="29.583330391935913" lon="106.57251327619431">
        <ele>144.6871337890625</ele>
        <time>2026-10-07T23:11:23Z</time>
        <extensions>
          <gpxtpx:TrackPointExtension>
            <gpxtpx:hr>150</gpxtpx:hr>
          </gpxtpx:TrackPointExtension>
        </extensions>
      </trkpt>
      <trkpt lat="29.58365422068906" lon="106.57244621913468">
        <ele>143.29156494140625</ele>
        <time>2026-10-07T23:11:35Z</time>
        <extensions>
          <gpxtpx:TrackPointExtension>
            <gpxtpx:hr>150</gpxtpx:hr>
          </gpxtpx:TrackPointExtension>
        </extensions>
      </trkpt>
      <trkpt lat="29.58399204573173" lon="106.57238016159377">
        <ele>142.9285888671875</ele>
        <time>2026-10-07T23:11:47Z</time>
        <extensions>
          <gpxtpx:TrackPointExtension>
            <gpxtpx:hr>151</gpxtpx:hr>
          </gpxtpx:TrackPointExtension>
        </extensions>
      </trkpt>
      <trkpt lat="29.584328875895885" lon="106.57231910676757">
        <ele>143.09051513671875</ele>
        <time>2026-10-07T23:11:59Z</time>
        <extensions>
          <gpxtpx:TrackPointExtension>
            <gpxtpx:hr>152</gpxtpx:hr>
          </gpxtpx:TrackPointExtension>
        </extensions>
      </trkpt>
      <trkpt lat="29.58456774208308" lon="106.57226205981252">
        <ele>142.6412353515625</ele>
        <time>2026-10-07T23:12:08Z</time>
        <extensions>
          <gpxtpx:TrackPointExtension>
            <gpxtpx:hr>152</gpxtpx:hr>
          </gpxtpx:TrackPointExtension>
        </extensions>
      </trkpt>
      <trkpt lat="29.58473270736902" lon="106.5722820617137">
        <ele>142.68328857421875</ele>
        <time>2026-10-07T23:12:14Z</time>
        <extensions>
          <gpxtpx:TrackPointExtension>
            <gpxtpx:hr>150</gpxtpx:hr>
          </gpxtpx:TrackPointExtension>
        </extensions>
      </trkpt>
      <trkpt lat="29.585046532444956" lon="106.57220800036109">
        <ele>143.2381591796875</ele>
        <time>2026-10-07T23:12:26Z</time>
        <extensions>
          <gpxtpx:TrackPointExtension>
            <gpxtpx:hr>149</gpxtpx:hr>
          </gpxtpx:TrackPointExtension>
        </extensions>
      </trkpt>
      <trkpt lat="29.585366349567256" lon="106.57212793485495">
        <ele>143.87921142578125</ele>
        <time>2026-10-07T23:12:38Z</time>
        <extensions>
          <gpxtpx:TrackPointExtension>
            <gpxtpx:hr>147</gpxtpx:hr>
          </gpxtpx:TrackPointExtension>
        </extensions>
      </trkpt>
      <trkpt lat="29.585683182227037" lon="106.57206287804357">
        <ele>140.75042724609375</ele>
        <time>2026-10-07T23:12:50Z</time>
        <extensions>
          <gpxtpx:TrackPointExtension>
            <gpxtpx:hr>149</gpxtpx:hr>
          </gpxtpx:TrackPointExtension>
        </extensions>
      </trkpt>
      <trkpt lat="29.58584910442955" lon="106.57203885414062">
        <ele>139.5821533203125</ele>
        <time>2026-10-07T23:12:56Z</time>
        <extensions>
          <gpxtpx:TrackPointExtension>
            <gpxtpx:hr>149</gpxtpx:hr>
          </gpxtpx:TrackPointExtension>
        </extensions>
      </trkpt>
      <trkpt lat="29.586167907789935" lon="106.57194477965409">
        <ele>142.67205810546875</ele>
        <time>2026-10-07T23:13:08Z</time>
        <extensions>
          <gpxtpx:TrackPointExtension>
            <gpxtpx:hr>149</gpxtpx:hr>
          </gpxtpx:TrackPointExtension>
        </extensions>
      </trkpt>
      <trkpt lat="29.586498760377026" lon="106.57190473636733">
        <ele>143.799560546875</ele>
        <time>2026-10-07T23:13:20Z</time>
        <extensions>
          <gpxtpx:TrackPointExtension>
            <gpxtpx:hr>149</gpxtpx:hr>
          </gpxtpx:TrackPointExtension>
        </extensions>
      </trkpt>
      <trkpt lat="29.58681962617498" lon="106.57187469958089">
        <ele>144.044677734375</ele>
        <time>2026-10-07T23:13:32Z</time>
        <extensions>
          <gpxtpx:TrackPointExtension>
            <gpxtpx:hr>151</gpxtpx:hr>
          </gpxtpx:TrackPointExtension>
        </extensions>
      </trkpt>
      <trkpt lat="29.58713349730541" lon="106.57184766496081">
        <ele>143.8984375</ele>
        <time>2026-10-07T23:13:44Z</time>
        <extensions>
          <gpxtpx:TrackPointExtension>
            <gpxtpx:hr>149</gpxtpx:hr>
          </gpxtpx:TrackPointExtension>
        </extensions>
      </trkpt>
      <trkpt lat="29.58745537385653" lon="106.57182863464989">
        <ele>144.417724609375</ele>
        <time>2026-10-07T23:13:56Z</time>
        <extensions>
          <gpxtpx:TrackPointExtension>
            <gpxtpx:hr>149</gpxtpx:hr>
          </gpxtpx:TrackPointExtension>
        </extensions>
      </trkpt>
      <trkpt lat="29.587771249487542" lon="106.5718066028631">
        <ele>141.7625732421875</ele>
        <time>2026-10-07T23:14:08Z</time>
        <extensions>
          <gpxtpx:TrackPointExtension>
            <gpxtpx:hr>151</gpxtpx:hr>
          </gpxtpx:TrackPointExtension>
        </extensions>
      </trkpt>
      <trkpt lat="29.588078114225937" lon="106.57177056311592">
        <ele>142.741943359375</ele>
        <time>2026-10-07T23:14:20Z</time>
        <extensions>
          <gpxtpx:TrackPointExtension>
            <gpxtpx:hr>152</gpxtpx:hr>
          </gpxtpx:TrackPointExtension>
        </extensions>
      </trkpt>
      <trkpt lat="29.58841697364332" lon="106.5717395244573">
        <ele>144.005615234375</ele>
        <time>2026-10-07T23:14:32Z</time>
        <extensions>
          <gpxtpx:TrackPointExtension>
            <gpxtpx:hr>152</gpxtpx:hr>
          </gpxtpx:TrackPointExtension>
        </extensions>
      </trkpt>
      <trkpt lat="29.58875183345385" lon="106.57170748537504">
        <ele>143.85540771484375</ele>
        <time>2026-10-07T23:14:44Z</time>
        <extensions>
          <gpxtpx:TrackPointExtension>
            <gpxtpx:hr>152</gpxtpx:hr>
          </gpxtpx:TrackPointExtension>
        </extensions>
      </trkpt>
      <trkpt lat="29.58907570189493" lon="106.57168044993283">
        <ele>144.1796875</ele>
        <time>2026-10-07T23:14:56Z</time>
        <extensions>
          <gpxtpx:TrackPointExtension>
            <gpxtpx:hr>152</gpxtpx:hr>
          </gpxtpx:TrackPointExtension>
        </extensions>
      </trkpt>
      <trkpt lat="29.58937457149684" lon="106.57164641164115">
        <ele>143.72601318359375</ele>
        <time>2026-10-07T23:15:08Z</time>
        <extensions>
          <gpxtpx:TrackPointExtension>
            <gpxtpx:hr>148</gpxtpx:hr>
          </gpxtpx:TrackPointExtension>
        </extensions>
      </trkpt>
      <trkpt lat="29.589696436751975" lon="106.5716153737791">
        <ele>142.09259033203125</ele>
        <time>2026-10-07T23:15:20Z</time>
        <extensions>
          <gpxtpx:TrackPointExtension>
            <gpxtpx:hr>149</gpxtpx:hr>
          </gpxtpx:TrackPointExtension>
        </extensions>
      </trkpt>
      <trkpt lat="29.590030294222835" lon="106.57158033270461">
        <ele>143.21209716796875</ele>
        <time>2026-10-07T23:15:32Z</time>
        <extensions>
          <gpxtpx:TrackPointExtension>
            <gpxtpx:hr>151</gpxtpx:hr>
          </gpxtpx:TrackPointExtension>
        </extensions>
      </trkpt>
      <trkpt lat="29.59035416903497" lon="106.57155930077916">
        <ele>142.847412109375</ele>
        <time>2026-10-07T23:15:44Z</time>
        <extensions>
          <gpxtpx:TrackPointExtension>
            <gpxtpx:hr>150</gpxtpx:hr>
          </gpxtpx:TrackPointExtension>
        </extensions>
      </trkpt>
      <trkpt lat="29.590670039492014" lon="106.57153126498034">
        <ele>142.9725341796875</ele>
        <time>2026-10-07T23:15:56Z</time>
        <extensions>
          <gpxtpx:TrackPointExtension>
            <gpxtpx:hr>148</gpxtpx:hr>
          </gpxtpx:TrackPointExtension>
        </extensions>
      </trkpt>
      <trkpt lat="29.591001903903187" lon="106.5715022275833">
        <ele>143.455078125</ele>
        <time>2026-10-07T23:16:08Z</time>
        <extensions>
          <gpxtpx:TrackPointExtension>
            <gpxtpx:hr>148</gpxtpx:hr>
          </gpxtpx:TrackPointExtension>
        </extensions>
      </trkpt>
      <trkpt lat="29.59133181130357" lon="106.57151521626488">
        <ele>142.340087890625</ele>
        <time>2026-10-07T23:16:20Z</time>
        <extensions>
          <gpxtpx:TrackPointExtension>
            <gpxtpx:hr>151</gpxtpx:hr>
          </gpxtpx:TrackPointExtension>
        </extensions>
      </trkpt>
      <trkpt lat="29.591661710791183" lon="106.57152019999656">
        <ele>140.85382080078125</ele>
        <time>2026-10-07T23:16:32Z</time>
        <extensions>
          <gpxtpx:TrackPointExtension>
            <gpxtpx:hr>151</gpxtpx:hr>
          </gpxtpx:TrackPointExtension>
        </extensions>
      </trkpt>
      <trkpt lat="29.591983609949466" lon="106.57152218234306">
        <ele>141.190185546875</ele>
        <time>2026-10-07T23:16:44Z</time>
        <extensions>
          <gpxtpx:TrackPointExtension>
            <gpxtpx:hr>149</gpxtpx:hr>
          </gpxtpx:TrackPointExtension>
        </extensions>
      </trkpt>
      <trkpt lat="29.592307515627436" lon="106.57153116889387">
        <ele>141.9366455078125</ele>
        <time>2026-10-07T23:16:56Z</time>
        <extensions>
          <gpxtpx:TrackPointExtension>
            <gpxtpx:hr>147</gpxtpx:hr>
          </gpxtpx:TrackPointExtension>
        </extensions>
      </trkpt>
      <trkpt lat="29.592624465785885" lon="106.57158218171067">
        <ele>142.85076904296875</ele>
        <time>2026-10-07T23:17:08Z</time>
        <extensions>
          <gpxtpx:TrackPointExtension>
            <gpxtpx:hr>146</gpxtpx:hr>
          </gpxtpx:TrackPointExtension>
        </extensions>
      </trkpt>
      <trkpt lat="29.592934430172008" lon="106.57164520214333">
        <ele>145.56292724609375</ele>
        <time>2026-10-07T23:17:20Z</time>
        <extensions>
          <gpxtpx:TrackPointExtension>
            <gpxtpx:hr>147</gpxtpx:hr>
          </gpxtpx:TrackPointExtension>
        </extensions>
      </trkpt>
      <trkpt lat="29.593263370518105" lon="106.57169021030161">
        <ele>144.080322265625</ele>
        <time>2026-10-07T23:17:32Z</time>
        <extensions>
          <gpxtpx:TrackPointExtension>
            <gpxtpx:hr>148</gpxtpx:hr>
          </gpxtpx:TrackPointExtension>
        </extensions>
      </trkpt>
      <trkpt lat="29.59359332849656" lon="106.57175322920837">
        <ele>144.276611328125</ele>
        <time>2026-10-07T23:17:44Z</time>
        <extensions>
          <gpxtpx:TrackPointExtension>
            <gpxtpx:hr>150</gpxtpx:hr>
          </gpxtpx:TrackPointExtension>
        </extensions>
      </trkpt>
      <trkpt lat="29.593921294996616" lon="106.57182425284502">
        <ele>145.64111328125</ele>
        <time>2026-10-07T23:17:56Z</time>
        <extensions>
          <gpxtpx:TrackPointExtension>
            <gpxtpx:hr>149</gpxtpx:hr>
          </gpxtpx:TrackPointExtension>
        </extensions>
      </trkpt>
      <trkpt lat="29.59423527274998" lon="106.57190228122921">
        <ele>147.839111328125</ele>
        <time>2026-10-07T23:18:08Z</time>
        <extensions>
          <gpxtpx:TrackPointExtension>
            <gpxtpx:hr>148</gpxtpx:hr>
          </gpxtpx:TrackPointExtension>
        </extensions>
      </trkpt>
      <trkpt lat="29.59456926469336" lon="106.57200132058719">
        <ele>149.20867919921875</ele>
        <time>2026-10-07T23:18:20Z</time>
        <extensions>
          <gpxtpx:TrackPointExtension>
            <gpxtpx:hr>154</gpxtpx:hr>
          </gpxtpx:TrackPointExtension>
        </extensions>
      </trkpt>
      <trkpt lat="29.594898262809217" lon="106.5721053626684">
        <ele>150.3367919921875</ele>
        <time>2026-10-07T23:18:32Z</time>
        <extensions>
          <gpxtpx:TrackPointExtension>
            <gpxtpx:hr>150</gpxtpx:hr>
          </gpxtpx:TrackPointExtension>
        </extensions>
      </trkpt>
      <trkpt lat="29.595214269544382" lon="106.57221440786108">
        <ele>150.96075439453125</ele>
        <time>2026-10-07T23:18:44Z</time>
        <extensions>
          <gpxtpx:TrackPointExtension>
            <gpxtpx:hr>149</gpxtpx:hr>
          </gpxtpx:TrackPointExtension>
        </extensions>
      </trkpt>
      <trkpt lat="29.595503296970254" lon="106.57233646150743">
        <ele>150.51556396484375</ele>
        <time>2026-10-07T23:18:56Z</time>
        <extensions>
          <gpxtpx:TrackPointExtension>
            <gpxtpx:hr>149</gpxtpx:hr>
          </gpxtpx:TrackPointExtension>
        </extensions>
      </trkpt>
      <trkpt lat="29.59580230912765" lon="106.57244650696035">
        <ele>150.2640380859375</ele>
        <time>2026-10-07T23:19:08Z</time>
        <extensions>
          <gpxtpx:TrackPointExtension>
            <gpxtpx:hr>148</gpxtpx:hr>
          </gpxtpx:TrackPointExtension>
        </extensions>
      </trkpt>
      <trkpt lat="29.59611631709981" lon="106.57255755146893">
        <ele>149.60394287109375</ele>
        <time>2026-10-07T23:19:20Z</time>
        <extensions>
          <gpxtpx:TrackPointExtension>
            <gpxtpx:hr>147</gpxtpx:hr>
          </gpxtpx:TrackPointExtension>
        </extensions>
      </trkpt>
      <trkpt lat="29.596429319232644" lon="106.57266259204545">
        <ele>149.5673828125</ele>
        <time>2026-10-07T23:19:32Z</time>
        <extensions>
          <gpxtpx:TrackPointExtension>
            <gpxtpx:hr>147</gpxtpx:hr>
          </gpxtpx:TrackPointExtension>
        </extensions>
      </trkpt>
      <trkpt lat="29.596737319711607" lon="106.57276463068268">
        <ele>147.5123291015625</ele>
        <time>2026-10-07T23:19:44Z</time>
        <extensions>
          <gpxtpx:TrackPointExtension>
            <gpxtpx:hr>147</gpxtpx:hr>
          </gpxtpx:TrackPointExtension>
        </extensions>
      </trkpt>
      <trkpt lat="29.597040325186455" lon="106.57287067126398">
        <ele>146.719970703125</ele>
        <time>2026-10-07T23:19:56Z</time>
        <extensions>
          <gpxtpx:TrackPointExtension>
            <gpxtpx:hr>148</gpxtpx:hr>
          </gpxtpx:TrackPointExtension>
        </extensions>
      </trkpt>
      <trkpt lat="29.597351333409044" lon="106.57298271404439">
        <ele>147.943603515625</ele>
        <time>2026-10-07T23:20:08Z</time>
        <extensions>
          <gpxtpx:TrackPointExtension>
            <gpxtpx:hr>149</gpxtpx:hr>
          </gpxtpx:TrackPointExtension>
        </extensions>
      </trkpt>
      <trkpt lat="29.59766334555008" lon="106.57309975879366">
        <ele>148.1898193359375</ele>
        <time>2026-10-07T23:20:20Z</time>
        <extensions>
          <gpxtpx:TrackPointExtension>
            <gpxtpx:hr>149</gpxtpx:hr>
          </gpxtpx:TrackPointExtension>
        </extensions>
      </trkpt>
      <trkpt lat="29.597958355994965" lon="106.5732098001182">
        <ele>146.5306396484375</ele>
        <time>2026-10-07T23:20:32Z</time>
        <extensions>
          <gpxtpx:TrackPointExtension>
            <gpxtpx:hr>149</gpxtpx:hr>
          </gpxtpx:TrackPointExtension>
        </extensions>
      </trkpt>
      <trkpt lat="29.5978903669837" lon="106.5731987982728">
        <ele>145.57598876953125</ele>
        <time>2026-10-07T23:20:35Z</time>
        <extensions>
          <gpxtpx:TrackPointExtension>
            <gpxtpx:hr>148</gpxtpx:hr>
          </gpxtpx:TrackPointExtension>
        </extensions>
      </trkpt>
      <trkpt lat="29.5976173309259" lon="106.5730687448552">
        <ele>144.1390380859375</ele>
        <time>2026-10-07T23:20:44Z</time>
        <extensions>
          <gpxtpx:TrackPointExtension>
            <gpxtpx:hr>147</gpxtpx:hr>
          </gpxtpx:TrackPointExtension>
        </extensions>
      </trkpt>
      <trkpt lat="29.59735732683325" lon="106.57297771098192">
        <ele>146.3424072265625</ele>
        <time>2026-10-07T23:20:53Z</time>
        <extensions>
          <gpxtpx:TrackPointExtension>
            <gpxtpx:hr>147</gpxtpx:hr>
          </gpxtpx:TrackPointExtension>
        </extensions>
      </trkpt>
      <trkpt lat="29.597050316386067" lon="106.57286466738967">
        <ele>145.92620849609375</ele>
        <time>2026-10-07T23:21:05Z</time>
        <extensions>
          <gpxtpx:TrackPointExtension>
            <gpxtpx:hr>147</gpxtpx:hr>
          </gpxtpx:TrackPointExtension>
        </extensions>
      </trkpt>
      <trkpt lat="29.596755304572184" lon="106.57275462409112">
        <ele>144.958984375</ele>
        <time>2026-10-07T23:21:17Z</time>
        <extensions>
          <gpxtpx:TrackPointExtension>
            <gpxtpx:hr>149</gpxtpx:hr>
          </gpxtpx:TrackPointExtension>
        </extensions>
      </trkpt>
      <trkpt lat="29.596462278324186" lon="106.5726305722077">
        <ele>144.090576171875</ele>
        <time>2026-10-07T23:21:29Z</time>
        <extensions>
          <gpxtpx:TrackPointExtension>
            <gpxtpx:hr>149</gpxtpx:hr>
          </gpxtpx:TrackPointExtension>
        </extensions>
      </trkpt>
      <trkpt lat="29.59616325337978" lon="106.57250651987732">
        <ele>142.82080078125</ele>
        <time>2026-10-07T23:21:41Z</time>
        <extensions>
          <gpxtpx:TrackPointExtension>
            <gpxtpx:hr>148</gpxtpx:hr>
          </gpxtpx:TrackPointExtension>
        </extensions>
      </trkpt>
      <trkpt lat="29.595859240060353" lon="106.57239347334304">
        <ele>143.54998779296875</ele>
        <time>2026-10-07T23:21:53Z</time>
        <extensions>
          <gpxtpx:TrackPointExtension>
            <gpxtpx:hr>146</gpxtpx:hr>
          </gpxtpx:TrackPointExtension>
        </extensions>
      </trkpt>
      <trkpt lat="29.595548235284845" lon="106.57228743060419">
        <ele>143.8441162109375</ele>
        <time>2026-10-07T23:22:05Z</time>
        <extensions>
          <gpxtpx:TrackPointExtension>
            <gpxtpx:hr>145</gpxtpx:hr>
          </gpxtpx:TrackPointExtension>
        </extensions>
      </trkpt>
      <trkpt lat="29.59524223635227" lon="106.57218939165567">
        <ele>144.4383544921875</ele>
        <time>2026-10-07T23:22:17Z</time>
        <extensions>
          <gpxtpx:TrackPointExtension>
            <gpxtpx:hr>146</gpxtpx:hr>
          </gpxtpx:TrackPointExtension>
        </extensions>
      </trkpt>
      <trkpt lat="29.594931237704383" lon="106.57209035191384">
        <ele>145.4156494140625</ele>
        <time>2026-10-07T23:22:29Z</time>
        <extensions>
          <gpxtpx:TrackPointExtension>
            <gpxtpx:hr>146</gpxtpx:hr>
          </gpxtpx:TrackPointExtension>
        </extensions>
      </trkpt>
      <trkpt lat="29.59462623192129" lon="106.57198630834375">
        <ele>146.75079345703125</ele>
        <time>2026-10-07T23:22:41Z</time>
        <extensions>
          <gpxtpx:TrackPointExtension>
            <gpxtpx:hr>144</gpxtpx:hr>
          </gpxtpx:TrackPointExtension>
        </extensions>
      </trkpt>
      <trkpt lat="29.594320222130783" lon="106.57187826187469">
        <ele>144.8385009765625</ele>
        <time>2026-10-07T23:22:53Z</time>
        <extensions>
          <gpxtpx:TrackPointExtension>
            <gpxtpx:hr>145</gpxtpx:hr>
          </gpxtpx:TrackPointExtension>
        </extensions>
      </trkpt>
      <trkpt lat="29.594000241199822" lon="106.57179523072818">
        <ele>144.510498046875</ele>
        <time>2026-10-07T23:23:05Z</time>
        <extensions>
          <gpxtpx:TrackPointExtension>
            <gpxtpx:hr>144</gpxtpx:hr>
          </gpxtpx:TrackPointExtension>
        </extensions>
      </trkpt>
      <trkpt lat="29.593684258818122" lon="106.57171219898994">
        <ele>145.44500732421875</ele>
        <time>2026-10-07T23:23:17Z</time>
        <extensions>
          <gpxtpx:TrackPointExtension>
            <gpxtpx:hr>145</gpxtpx:hr>
          </gpxtpx:TrackPointExtension>
        </extensions>
      </trkpt>
      <trkpt lat="29.593361292470053" lon="106.57164317587096">
        <ele>144.27984619140625</ele>
        <time>2026-10-07T23:23:29Z</time>
        <extensions>
          <gpxtpx:TrackPointExtension>
            <gpxtpx:hr>148</gpxtpx:hr>
          </gpxtpx:TrackPointExtension>
        </extensions>
      </trkpt>
      <trkpt lat="29.593039356773996" lon="106.57160517148786">
        <ele>144.81134033203125</ele>
        <time>2026-10-07T23:23:41Z</time>
        <extensions>
          <gpxtpx:TrackPointExtension>
            <gpxtpx:hr>149</gpxtpx:hr>
          </gpxtpx:TrackPointExtension>
        </extensions>
      </trkpt>
      <trkpt lat="29.59273041198693" lon="106.5715621631896">
        <ele>144.96044921875</ele>
        <time>2026-10-07T23:23:53Z</time>
        <extensions>
          <gpxtpx:TrackPointExtension>
            <gpxtpx:hr>147</gpxtpx:hr>
          </gpxtpx:TrackPointExtension>
        </extensions>
      </trkpt>
      <trkpt lat="29.59241748357688" lon="106.57153416429252">
        <ele>143.93585205078125</ele>
        <time>2026-10-07T23:24:05Z</time>
        <extensions>
          <gpxtpx:TrackPointExtension>
            <gpxtpx:hr>146</gpxtpx:hr>
          </gpxtpx:TrackPointExtension>
        </extensions>
      </trkpt>
      <trkpt lat="29.59211055635269" lon="106.57150916685815">
        <ele>140.9068603515625</ele>
        <time>2026-10-07T23:24:17Z</time>
        <extensions>
          <gpxtpx:TrackPointExtension>
            <gpxtpx:hr>145</gpxtpx:hr>
          </gpxtpx:TrackPointExtension>
        </extensions>
      </trkpt>
      <trkpt lat="29.59178664873179" lon="106.57149817905913">
        <ele>142.1546630859375</ele>
        <time>2026-10-07T23:24:29Z</time>
        <extensions>
          <gpxtpx:TrackPointExtension>
            <gpxtpx:hr>145</gpxtpx:hr>
          </gpxtpx:TrackPointExtension>
        </extensions>
      </trkpt>
      <trkpt lat="29.591463740913078" lon="106.571487191195">
        <ele>141.59356689453125</ele>
        <time>2026-10-07T23:24:41Z</time>
        <extensions>
          <gpxtpx:TrackPointExtension>
            <gpxtpx:hr>148</gpxtpx:hr>
          </gpxtpx:TrackPointExtension>
        </extensions>
      </trkpt>
      <trkpt lat="29.591146831294203" lon="106.57147620297243">
        <ele>142.59930419921875</ele>
        <time>2026-10-07T23:24:53Z</time>
        <extensions>
          <gpxtpx:TrackPointExtension>
            <gpxtpx:hr>147</gpxtpx:hr>
          </gpxtpx:TrackPointExtension>
        </extensions>
      </trkpt>
      <trkpt lat="29.5908249485638" lon="106.57149023053728">
        <ele>143.89239501953125</ele>
        <time>2026-10-07T23:25:05Z</time>
        <extensions>
          <gpxtpx:TrackPointExtension>
            <gpxtpx:hr>148</gpxtpx:hr>
          </gpxtpx:TrackPointExtension>
        </extensions>
      </trkpt>
      <trkpt lat="29.59051508822839" lon="106.57153027345517">
        <ele>144.5706787109375</ele>
        <time>2026-10-07T23:25:17Z</time>
        <extensions>
          <gpxtpx:TrackPointExtension>
            <gpxtpx:hr>147</gpxtpx:hr>
          </gpxtpx:TrackPointExtension>
        </extensions>
      </trkpt>
      <trkpt lat="29.590196216789817" lon="106.57155630819949">
        <ele>145.02288818359375</ele>
        <time>2026-10-07T23:25:29Z</time>
        <extensions>
          <gpxtpx:TrackPointExtension>
            <gpxtpx:hr>147</gpxtpx:hr>
          </gpxtpx:TrackPointExtension>
        </extensions>
      </trkpt>
      <trkpt lat="29.589876345766662" lon="106.57158234296712">
        <ele>144.1776123046875</ele>
        <time>2026-10-07T23:25:41Z</time>
        <extensions>
          <gpxtpx:TrackPointExtension>
            <gpxtpx:hr>146</gpxtpx:hr>
          </gpxtpx:TrackPointExtension>
        </extensions>
      </trkpt>
      <trkpt lat="29.589548472409994" lon="106.57160337510174">
        <ele>143.5712890625</ele>
        <time>2026-10-07T23:25:53Z</time>
        <extensions>
          <gpxtpx:TrackPointExtension>
            <gpxtpx:hr>147</gpxtpx:hr>
          </gpxtpx:TrackPointExtension>
        </extensions>
      </trkpt>
      <trkpt lat="29.589234602649114" lon="106.57163241128978">
        <ele>144.2802734375</ele>
        <time>2026-10-07T23:26:05Z</time>
        <extensions>
          <gpxtpx:TrackPointExtension>
            <gpxtpx:hr>148</gpxtpx:hr>
          </gpxtpx:TrackPointExtension>
        </extensions>
      </trkpt>
      <trkpt lat="29.58891873561376" lon="106.57166344877217">
        <ele>144.6783447265625</ele>
        <time>2026-10-07T23:26:17Z</time>
        <extensions>
          <gpxtpx:TrackPointExtension>
            <gpxtpx:hr>145</gpxtpx:hr>
          </gpxtpx:TrackPointExtension>
        </extensions>
      </trkpt>
      <trkpt lat="29.58859486426278" lon="106.57168748241081">
        <ele>143.76593017578125</ele>
        <time>2026-10-07T23:26:29Z</time>
        <extensions>
          <gpxtpx:TrackPointExtension>
            <gpxtpx:hr>146</gpxtpx:hr>
          </gpxtpx:TrackPointExtension>
        </extensions>
      </trkpt>
      <trkpt lat="29.588276993064213" lon="106.57171351688311">
        <ele>144.8594970703125</ele>
        <time>2026-10-07T23:26:41Z</time>
        <extensions>
          <gpxtpx:TrackPointExtension>
            <gpxtpx:hr>146</gpxtpx:hr>
          </gpxtpx:TrackPointExtension>
        </extensions>
      </trkpt>
      <trkpt lat="29.58797213167287" lon="106.57175355904297">
        <ele>145.8310546875</ele>
        <time>2026-10-07T23:26:53Z</time>
        <extensions>
          <gpxtpx:TrackPointExtension>
            <gpxtpx:hr>146</gpxtpx:hr>
          </gpxtpx:TrackPointExtension>
        </extensions>
      </trkpt>
      <trkpt lat="29.587669270667426" lon="106.57179460160592">
        <ele>146.848388671875</ele>
        <time>2026-10-07T23:27:05Z</time>
        <extensions>
          <gpxtpx:TrackPointExtension>
            <gpxtpx:hr>145</gpxtpx:hr>
          </gpxtpx:TrackPointExtension>
        </extensions>
      </trkpt>
      <trkpt lat="29.58735939016295" lon="106.57181363124675">
        <ele>147.55224609375</ele>
        <time>2026-10-07T23:27:17Z</time>
        <extensions>
          <gpxtpx:TrackPointExtension>
            <gpxtpx:hr>146</gpxtpx:hr>
          </gpxtpx:TrackPointExtension>
        </extensions>
      </trkpt>
      <trkpt lat="29.587058526643712" lon="106.57185267236316">
        <ele>148.336669921875</ele>
        <time>2026-10-07T23:27:29Z</time>
        <extensions>
          <gpxtpx:TrackPointExtension>
            <gpxtpx:hr>146</gpxtpx:hr>
          </gpxtpx:TrackPointExtension>
        </extensions>
      </trkpt>
      <trkpt lat="29.58676065131557" lon="106.57188070663696">
        <ele>147.647705078125</ele>
        <time>2026-10-07T23:27:41Z</time>
        <extensions>
          <gpxtpx:TrackPointExtension>
            <gpxtpx:hr>146</gpxtpx:hr>
          </gpxtpx:TrackPointExtension>
        </extensions>
      </trkpt>
      <trkpt lat="29.586458779339626" lon="106.5719107422997">
        <ele>147.2008056640625</ele>
        <time>2026-10-07T23:27:53Z</time>
        <extensions>
          <gpxtpx:TrackPointExtension>
            <gpxtpx:hr>145</gpxtpx:hr>
          </gpxtpx:TrackPointExtension>
        </extensions>
      </trkpt>
      <trkpt lat="29.586150906433804" lon="106.57193777647902">
        <ele>146.43060302734375</ele>
        <time>2026-10-07T23:28:05Z</time>
        <extensions>
          <gpxtpx:TrackPointExtension>
            <gpxtpx:hr>145</gpxtpx:hr>
          </gpxtpx:TrackPointExtension>
        </extensions>
      </trkpt>
      <trkpt lat="29.585853082494218" lon="106.57201784148468">
        <ele>146.0968017578125</ele>
        <time>2026-10-07T23:28:17Z</time>
        <extensions>
          <gpxtpx:TrackPointExtension>
            <gpxtpx:hr>144</gpxtpx:hr>
          </gpxtpx:TrackPointExtension>
        </extensions>
      </trkpt>
      <trkpt lat="29.58554825772968" lon="106.57209490480454">
        <ele>145.58062744140625</ele>
        <time>2026-10-07T23:28:29Z</time>
        <extensions>
          <gpxtpx:TrackPointExtension>
            <gpxtpx:hr>144</gpxtpx:hr>
          </gpxtpx:TrackPointExtension>
        </extensions>
      </trkpt>
      <trkpt lat="29.58527141193312" lon="106.57215995916208">
        <ele>146.72821044921875</ele>
        <time>2026-10-07T23:28:44Z</time>
        <extensions>
          <gpxtpx:TrackPointExtension>
            <gpxtpx:hr>144</gpxtpx:hr>
          </gpxtpx:TrackPointExtension>
        </extensions>
      </trkpt>
      <trkpt lat="29.58500756372888" lon="106.57222701370016">
        <ele>146.8145751953125</ele>
        <time>2026-10-07T23:29:05Z</time>
        <extensions>
          <gpxtpx:TrackPointExtension>
            <gpxtpx:hr>137</gpxtpx:hr>
          </gpxtpx:TrackPointExtension>
        </extensions>
      </trkpt>
      <trkpt lat="29.584726726808764" lon="106.57230007246717">
        <ele>146.1907958984375</ele>
        <time>2026-10-07T23:29:17Z</time>
        <extensions>
          <gpxtpx:TrackPointExtension>
            <gpxtpx:hr>135</gpxtpx:hr>
          </gpxtpx:TrackPointExtension>
        </extensions>
      </trkpt>
      <trkpt lat="29.584653763369012" lon="106.5723130842498">
        <ele>145.5953369140625</ele>
        <time>2026-10-07T23:29:20Z</time>
        <extensions>
          <gpxtpx:TrackPointExtension>
            <gpxtpx:hr>137</gpxtpx:hr>
          </gpxtpx:TrackPointExtension>
        </extensions>
      </trkpt>
      <trkpt lat="29.584579753689386" lon="106.57227806837211">
        <ele>145.031982421875</ele>
        <time>2026-10-07T23:29:23Z</time>
        <extensions>
          <gpxtpx:TrackPointExtension>
            <gpxtpx:hr>138</gpxtpx:hr>
          </gpxtpx:TrackPointExtension>
        </extensions>
      </trkpt>
      <trkpt lat="29.584497770893936" lon="106.5722680673927">
        <ele>145.04901123046875</ele>
        <time>2026-10-07T23:29:26Z</time>
        <extensions>
          <gpxtpx:TrackPointExtension>
            <gpxtpx:hr>137</gpxtpx:hr>
          </gpxtpx:TrackPointExtension>
        </extensions>
      </trkpt>
      <trkpt lat="29.584205919222985" lon="106.57232211570935">
        <ele>140.0758056640625</ele>
        <time>2026-10-07T23:29:38Z</time>
        <extensions>
          <gpxtpx:TrackPointExtension>
            <gpxtpx:hr>139</gpxtpx:hr>
          </gpxtpx:TrackPointExtension>
        </extensions>
      </trkpt>
      <trkpt lat="29.583938056728815" lon="106.57237316074634">
        <ele>139.30718994140625</ele>
        <time>2026-10-07T23:29:47Z</time>
        <extensions>
          <gpxtpx:TrackPointExtension>
            <gpxtpx:hr>141</gpxtpx:hr>
          </gpxtpx:TrackPointExtension>
        </extensions>
      </trkpt>
      <trkpt lat="29.58362022803267" lon="106.5724422188487">
        <ele>141.870361328125</ele>
        <time>2026-10-07T23:29:59Z</time>
        <extensions>
          <gpxtpx:TrackPointExtension>
            <gpxtpx:hr>143</gpxtpx:hr>
          </gpxtpx:TrackPointExtension>
        </extensions>
      </trkpt>
      <trkpt lat="29.583315395921588" lon="106.57251227650751">
        <ele>143.9442138671875</ele>
        <time>2026-10-07T23:30:11Z</time>
        <extensions>
          <gpxtpx:TrackPointExtension>
            <gpxtpx:hr>142</gpxtpx:hr>
          </gpxtpx:TrackPointExtension>
        </extensions>
      </trkpt>
      <trkpt lat="29.582996573115796" lon="106.57258733754537">
        <ele>144.8048095703125</ele>
        <time>2026-10-07T23:30:23Z</time>
        <extensions>
          <gpxtpx:TrackPointExtension>
            <gpxtpx:hr>144</gpxtpx:hr>
          </gpxtpx:TrackPointExtension>
        </extensions>
      </trkpt>
      <trkpt lat="29.582705733294315" lon="106.57265439217838">
        <ele>144.2706298828125</ele>
        <time>2026-10-07T23:30:35Z</time>
        <extensions>
          <gpxtpx:TrackPointExtension>
            <gpxtpx:hr>145</gpxtpx:hr>
          </gpxtpx:TrackPointExtension>
        </extensions>
      </trkpt>
      <trkpt lat="29.582401940449444" lon="106.57276647228575">
        <ele>141.606689453125</ele>
        <time>2026-10-07T23:30:47Z</time>
        <extensions>
          <gpxtpx:TrackPointExtension>
            <gpxtpx:hr>144</gpxtpx:hr>
          </gpxtpx:TrackPointExtension>
        </extensions>
      </trkpt>
      <trkpt lat="29.582096181793528" lon="106.572914571529">
        <ele>141.1407470703125</ele>
        <time>2026-10-07T23:30:59Z</time>
        <extensions>
          <gpxtpx:TrackPointExtension>
            <gpxtpx:hr>145</gpxtpx:hr>
          </gpxtpx:TrackPointExtension>
        </extensions>
      </trkpt>
      <trkpt lat="29.581796422157936" lon="106.57306467035617">
        <ele>142.42315673828125</ele>
        <time>2026-10-07T23:31:11Z</time>
        <extensions>
          <gpxtpx:TrackPointExtension>
            <gpxtpx:hr>145</gpxtpx:hr>
          </gpxtpx:TrackPointExtension>
        </extensions>
      </trkpt>
      <trkpt lat="29.581500648213307" lon="106.57320176088491">
        <ele>143.8719482421875</ele>
        <time>2026-10-07T23:31:23Z</time>
        <extensions>
          <gpxtpx:TrackPointExtension>
            <gpxtpx:hr>147</gpxtpx:hr>
          </gpxtpx:TrackPointExtension>
        </extensions>
      </trkpt>
      <trkpt lat="29.5812239179742" lon="106.57339387803157">
        <ele>144.69293212890625</ele>
        <time>2026-10-07T23:31:35Z</time>
        <extensions>
          <gpxtpx:TrackPointExtension>
            <gpxtpx:hr>145</gpxtpx:hr>
          </gpxtpx:TrackPointExtension>
        </extensions>
      </trkpt>
      <trkpt lat="29.580960204667637" lon="106.57361100524342">
        <ele>145.61004638671875</ele>
        <time>2026-10-07T23:31:47Z</time>
        <extensions>
          <gpxtpx:TrackPointExtension>
            <gpxtpx:hr>146</gpxtpx:hr>
          </gpxtpx:TrackPointExtension>
        </extensions>
      </trkpt>
      <trkpt lat="29.58069247894302" lon="106.57381512375815">
        <ele>145.207275390625</ele>
        <time>2026-10-07T23:31:59Z</time>
        <extensions>
          <gpxtpx:TrackPointExtension>
            <gpxtpx:hr>148</gpxtpx:hr>
          </gpxtpx:TrackPointExtension>
        </extensions>
      </trkpt>
      <trkpt lat="29.58056863183298" lon="106.57393919245558">
        <ele>146.10107421875</ele>
        <time>2026-10-07T23:32:05Z</time>
        <extensions>
          <gpxtpx:TrackPointExtension>
            <gpxtpx:hr>148</gpxtpx:hr>
          </gpxtpx:TrackPointExtension>
        </extensions>
      </trkpt>
      <trkpt lat="29.58052680925629" lon="106.57412228410855">
        <ele>144.73248291015625</ele>
        <time>2026-10-07T23:32:11Z</time>
        <extensions>
          <gpxtpx:TrackPointExtension>
            <gpxtpx:hr>148</gpxtpx:hr>
          </gpxtpx:TrackPointExtension>
        </extensions>
      </trkpt>
      <trkpt lat="29.580509065040737" lon="106.57440541965246">
        <ele>141.27587890625</ele>
        <time>2026-10-07T23:32:20Z</time>
        <extensions>
          <gpxtpx:TrackPointExtension>
            <gpxtpx:hr>148</gpxtpx:hr>
          </gpxtpx:TrackPointExtension>
        </extensions>
      </trkpt>
      <trkpt lat="29.580447328448443" lon="106.57468455178228">
        <ele>139.2054443359375</ele>
        <time>2026-10-07T23:32:29Z</time>
        <extensions>
          <gpxtpx:TrackPointExtension>
            <gpxtpx:hr>147</gpxtpx:hr>
          </gpxtpx:TrackPointExtension>
        </extensions>
      </trkpt>
      <trkpt lat="29.580403412075576" lon="106.57476459045617">
        <ele>138.596923828125</ele>
        <time>2026-10-07T23:32:32Z</time>
        <extensions>
          <gpxtpx:TrackPointExtension>
            <gpxtpx:hr>148</gpxtpx:hr>
          </gpxtpx:TrackPointExtension>
        </extensions>
      </trkpt>
      <trkpt lat="29.580160734761947" lon="106.57504772970145">
        <ele>138.546142578125</ele>
        <time>2026-10-07T23:32:44Z</time>
        <extensions>
          <gpxtpx:TrackPointExtension>
            <gpxtpx:hr>149</gpxtpx:hr>
          </gpxtpx:TrackPointExtension>
        </extensions>
      </trkpt>
      <trkpt lat="29.58004588546454" lon="106.57518079374242">
        <ele>138.5087890625</ele>
        <time>2026-10-07T23:32:50Z</time>
        <extensions>
          <gpxtpx:TrackPointExtension>
            <gpxtpx:hr>146</gpxtpx:hr>
          </gpxtpx:TrackPointExtension>
        </extensions>
      </trkpt>
      <trkpt lat="29.57975212856887" lon="106.57535388412491">
        <ele>138.1875</ele>
        <time>2026-10-07T23:33:02Z</time>
        <extensions>
          <gpxtpx:TrackPointExtension>
            <gpxtpx:hr>144</gpxtpx:hr>
          </gpxtpx:TrackPointExtension>
        </extensions>
      </trkpt>
      <trkpt lat="29.579510275196572" lon="106.57543293119284">
        <ele>136.88763427734375</ele>
        <time>2026-10-07T23:33:11Z</time>
        <extensions>
          <gpxtpx:TrackPointExtension>
            <gpxtpx:hr>145</gpxtpx:hr>
          </gpxtpx:TrackPointExtension>
        </extensions>
      </trkpt>
      <trkpt lat="29.579236536139753" lon="106.57563803105838">
        <ele>137.8909912109375</ele>
        <time>2026-10-07T23:33:23Z</time>
        <extensions>
          <gpxtpx:TrackPointExtension>
            <gpxtpx:hr>147</gpxtpx:hr>
          </gpxtpx:TrackPointExtension>
        </extensions>
      </trkpt>
      <trkpt lat="29.579064748931618" lon="106.57582811684874">
        <ele>140.55218505859375</ele>
        <time>2026-10-07T23:33:32Z</time>
        <extensions>
          <gpxtpx:TrackPointExtension>
            <gpxtpx:hr>148</gpxtpx:hr>
          </gpxtpx:TrackPointExtension>
        </extensions>
      </trkpt>
      <trkpt lat="29.57895097603325" lon="106.57606221417441">
        <ele>141.968505859375</ele>
        <time>2026-10-07T23:33:41Z</time>
        <extensions>
          <gpxtpx:TrackPointExtension>
            <gpxtpx:hr>148</gpxtpx:hr>
          </gpxtpx:TrackPointExtension>
        </extensions>
      </trkpt>
      <trkpt lat="29.578899203633227" lon="106.57632631604378">
        <ele>142.3607177734375</ele>
        <time>2026-10-07T23:33:50Z</time>
        <extensions>
          <gpxtpx:TrackPointExtension>
            <gpxtpx:hr>148</gpxtpx:hr>
          </gpxtpx:TrackPointExtension>
        </extensions>
      </trkpt>
      <trkpt lat="29.57885027683457" lon="106.57639834523337">
        <ele>141.640869140625</ele>
        <time>2026-10-07T23:33:53Z</time>
        <extensions>
          <gpxtpx:TrackPointExtension>
            <gpxtpx:hr>148</gpxtpx:hr>
          </gpxtpx:TrackPointExtension>
        </extensions>
      </trkpt>
      <trkpt lat="29.578589521640108" lon="106.57659943256314">
        <ele>139.9454345703125</ele>
        <time>2026-10-07T23:34:05Z</time>
        <extensions>
          <gpxtpx:TrackPointExtension>
            <gpxtpx:hr>148</gpxtpx:hr>
          </gpxtpx:TrackPointExtension>
        </extensions>
      </trkpt>
      <trkpt lat="29.578330762502947" lon="106.57679851697215">
        <ele>138.852783203125</ele>
        <time>2026-10-07T23:34:17Z</time>
        <extensions>
          <gpxtpx:TrackPointExtension>
            <gpxtpx:hr>147</gpxtpx:hr>
          </gpxtpx:TrackPointExtension>
        </extensions>
      </trkpt>
      <trkpt lat="29.578073994912966" lon="106.57698959652747">
        <ele>140.0928955078125</ele>
        <time>2026-10-07T23:34:29Z</time>
        <extensions>
          <gpxtpx:TrackPointExtension>
            <gpxtpx:hr>147</gpxtpx:hr>
          </gpxtpx:TrackPointExtension>
        </extensions>
      </trkpt>
      <trkpt lat="29.577814223764676" lon="106.57717667305381">
        <ele>140.78900146484375</ele>
        <time>2026-10-07T23:34:41Z</time>
        <extensions>
          <gpxtpx:TrackPointExtension>
            <gpxtpx:hr>149</gpxtpx:hr>
          </gpxtpx:TrackPointExtension>
        </extensions>
      </trkpt>
      <trkpt lat="29.577553452949317" lon="106.57736574842966">
        <ele>139.7884521484375</ele>
        <time>2026-10-07T23:34:53Z</time>
        <extensions>
          <gpxtpx:TrackPointExtension>
            <gpxtpx:hr>148</gpxtpx:hr>
          </gpxtpx:TrackPointExtension>
        </extensions>
      </trkpt>
      <trkpt lat="29.577353614393363" lon="106.57749279946869">
        <ele>139.9127197265625</ele>
        <time>2026-10-07T23:35:02Z</time>
        <extensions>
          <gpxtpx:TrackPointExtension>
            <gpxtpx:hr>146</gpxtpx:hr>
          </gpxtpx:TrackPointExtension>
        </extensions>
      </trkpt>
      <trkpt lat="29.577277659916525" lon="106.57751981217255">
        <ele>139.19464111328125</ele>
        <time>2026-10-07T23:35:05Z</time>
        <extensions>
          <gpxtpx:TrackPointExtension>
            <gpxtpx:hr>146</gpxtpx:hr>
          </gpxtpx:TrackPointExtension>
        </extensions>
      </trkpt>
      <trkpt lat="29.57712069812724" lon="106.57749981526668">
        <ele>142.2113037109375</ele>
        <time>2026-10-07T23:35:11Z</time>
        <extensions>
          <gpxtpx:TrackPointExtension>
            <gpxtpx:hr>146</gpxtpx:hr>
          </gpxtpx:TrackPointExtension>
        </extensions>
      </trkpt>
      <trkpt lat="29.57700069281284" lon="106.57743780323376">
        <ele>144.33270263671875</ele>
        <time>2026-10-07T23:35:17Z</time>
        <extensions>
          <gpxtpx:TrackPointExtension>
            <gpxtpx:hr>151</gpxtpx:hr>
          </gpxtpx:TrackPointExtension>
        </extensions>
      </trkpt>
      <trkpt lat="29.576801745928325" lon="106.57741880901338">
        <ele>141.9178466796875</ele>
        <time>2026-10-07T23:35:26Z</time>
        <extensions>
          <gpxtpx:TrackPointExtension>
            <gpxtpx:hr>157</gpxtpx:hr>
          </gpxtpx:TrackPointExtension>
        </extensions>
      </trkpt>
      <trkpt lat="29.576537976589602" lon="106.57761088306398">
        <ele>143.0458984375</ele>
        <time>2026-10-07T23:35:38Z</time>
        <extensions>
          <gpxtpx:TrackPointExtension>
            <gpxtpx:hr>162</gpxtpx:hr>
          </gpxtpx:TrackPointExtension>
        </extensions>
      </trkpt>
      <trkpt lat="29.576262180024887" lon="106.57776194394914">
        <ele>144.4189453125</ele>
        <time>2026-10-07T23:35:50Z</time>
        <extensions>
          <gpxtpx:TrackPointExtension>
            <gpxtpx:hr>162</gpxtpx:hr>
          </gpxtpx:TrackPointExtension>
        </extensions>
      </trkpt>
      <trkpt lat="29.576123284258525" lon="106.57784097500954">
        <ele>145.545654296875</ele>
        <time>2026-10-07T23:35:56Z</time>
        <extensions>
          <gpxtpx:TrackPointExtension>
            <gpxtpx:hr>159</gpxtpx:hr>
          </gpxtpx:TrackPointExtension>
        </extensions>
      </trkpt>
      <trkpt lat="29.575969357334937" lon="106.57786999236393">
        <ele>146.33514404296875</ele>
        <time>2026-10-07T23:36:02Z</time>
        <extensions>
          <gpxtpx:TrackPointExtension>
            <gpxtpx:hr>157</gpxtpx:hr>
          </gpxtpx:TrackPointExtension>
        </extensions>
      </trkpt>
      <trkpt lat="29.575894360381078" lon="106.57783898785375">
        <ele>145.8819580078125</ele>
        <time>2026-10-07T23:36:05Z</time>
        <extensions>
          <gpxtpx:TrackPointExtension>
            <gpxtpx:hr>156</gpxtpx:hr>
          </gpxtpx:TrackPointExtension>
        </extensions>
      </trkpt>
      <trkpt lat="29.57567445588316" lon="106.5778680090789">
        <ele>140.9130859375</ele>
        <time>2026-10-07T23:36:14Z</time>
        <extensions>
          <gpxtpx:TrackPointExtension>
            <gpxtpx:hr>154</gpxtpx:hr>
          </gpxtpx:TrackPointExtension>
        </extensions>
      </trkpt>
      <trkpt lat="29.575356645671338" lon="106.57798206004145">
        <ele>134.8028564453125</ele>
        <time>2026-10-07T23:36:26Z</time>
        <extensions>
          <gpxtpx:TrackPointExtension>
            <gpxtpx:hr>153</gpxtpx:hr>
          </gpxtpx:TrackPointExtension>
        </extensions>
      </trkpt>
      <trkpt lat="29.57503488598719" lon="106.578166129648">
        <ele>136.2822265625</ele>
        <time>2026-10-07T23:36:38Z</time>
        <extensions>
          <gpxtpx:TrackPointExtension>
            <gpxtpx:hr>151</gpxtpx:hr>
          </gpxtpx:TrackPointExtension>
        </extensions>
      </trkpt>
      <trkpt lat="29.574734118457638" lon="106.5783511965064">
        <ele>137.41241455078125</ele>
        <time>2026-10-07T23:36:50Z</time>
        <extensions>
          <gpxtpx:TrackPointExtension>
            <gpxtpx:hr>149</gpxtpx:hr>
          </gpxtpx:TrackPointExtension>
        </extensions>
      </trkpt>
      <trkpt lat="29.574441344008328" lon="106.57853226009128">
        <ele>138.57098388671875</ele>
        <time>2026-10-07T23:37:02Z</time>
        <extensions>
          <gpxtpx:TrackPointExtension>
            <gpxtpx:hr>148</gpxtpx:hr>
          </gpxtpx:TrackPointExtension>
        </extensions>
      </trkpt>
      <trkpt lat="29.574150560675786" lon="106.57870331941285">
        <ele>138.5106201171875</ele>
        <time>2026-10-07T23:37:14Z</time>
        <extensions>
          <gpxtpx:TrackPointExtension>
            <gpxtpx:hr>148</gpxtpx:hr>
          </gpxtpx:TrackPointExtension>
        </extensions>
      </trkpt>
      <trkpt lat="29.573893472433667" lon="106.57894372087289">
        <ele>138.5047607421875</ele>
        <time>2026-10-07T23:37:26Z</time>
        <extensions>
          <gpxtpx:TrackPointExtension>
            <gpxtpx:hr>149</gpxtpx:hr>
          </gpxtpx:TrackPointExtension>
        </extensions>
      </trkpt>
      <trkpt lat="29.57370598737436" lon="106.57912444200292">
        <ele>139.3466796875</ele>
        <time>2026-10-07T23:37:35Z</time>
        <extensions>
          <gpxtpx:TrackPointExtension>
            <gpxtpx:hr>149</gpxtpx:hr>
          </gpxtpx:TrackPointExtension>
        </extensions>
      </trkpt>
      <trkpt lat="29.573430214571175" lon="106.57931249971583">
        <ele>141.7232666015625</ele>
        <time>2026-10-07T23:37:47Z</time>
        <extensions>
          <gpxtpx:TrackPointExtension>
            <gpxtpx:hr>148</gpxtpx:hr>
          </gpxtpx:TrackPointExtension>
        </extensions>
      </trkpt>
      <trkpt lat="29.57315941413209" lon="106.57950157088214">
        <ele>142.25</ele>
        <time>2026-10-07T23:37:59Z</time>
        <extensions>
          <gpxtpx:TrackPointExtension>
            <gpxtpx:hr>145</gpxtpx:hr>
          </gpxtpx:TrackPointExtension>
        </extensions>
      </trkpt>
      <trkpt lat="29.57301553068063" lon="106.57958057860755">
        <ele>141.91510009765625</ele>
        <time>2026-10-07T23:38:05Z</time>
        <extensions>
          <gpxtpx:TrackPointExtension>
            <gpxtpx:hr>145</gpxtpx:hr>
          </gpxtpx:TrackPointExtension>
        </extensions>
      </trkpt>
      <trkpt lat="29.572934559062144" lon="106.57958158355027">
        <ele>141.881103515625</ele>
        <time>2026-10-07T23:38:08Z</time>
        <extensions>
          <gpxtpx:TrackPointExtension>
            <gpxtpx:hr>146</gpxtpx:hr>
          </gpxtpx:TrackPointExtension>
        </extensions>
      </trkpt>
      <trkpt lat="29.572662536334864" lon="106.57940256346524">
        <ele>141.344970703125</ele>
        <time>2026-10-07T23:38:20Z</time>
        <extensions>
          <gpxtpx:TrackPointExtension>
            <gpxtpx:hr>147</gpxtpx:hr>
          </gpxtpx:TrackPointExtension>
        </extensions>
      </trkpt>
      <trkpt lat="29.5723935046236" lon="106.57921353936344">
        <ele>139.86334228515625</ele>
        <time>2026-10-07T23:38:32Z</time>
        <extensions>
          <gpxtpx:TrackPointExtension>
            <gpxtpx:hr>147</gpxtpx:hr>
          </gpxtpx:TrackPointExtension>
        </extensions>
      </trkpt>
      <trkpt lat="29.57210848557577" lon="106.57903751725236">
        <ele>139.2567138671875</ele>
        <time>2026-10-07T23:38:44Z</time>
        <extensions>
          <gpxtpx:TrackPointExtension>
            <gpxtpx:hr>145</gpxtpx:hr>
          </gpxtpx:TrackPointExtension>
        </extensions>
      </trkpt>
      <trkpt lat="29.571965480651173" lon="106.57894851716551">
        <ele>139.93157958984375</ele>
        <time>2026-10-07T23:38:50Z</time>
        <extensions>
          <gpxtpx:TrackPointExtension>
            <gpxtpx:hr>148</gpxtpx:hr>
          </gpxtpx:TrackPointExtension>
        </extensions>
      </trkpt>
      <trkpt lat="29.57190413073046" lon="106.57888619855984">
        <ele>140.05987548828125</ele>
        <time>2026-10-07T23:38:53Z</time>
        <extensions>
          <gpxtpx:TrackPointExtension>
            <gpxtpx:hr>147</gpxtpx:hr>
          </gpxtpx:TrackPointExtension>
        </extensions>
      </trkpt>
      <trkpt lat="29.571734288912896" lon="106.5785584252954">
        <ele>142.4798583984375</ele>
        <time>2026-10-07T23:39:05Z</time>
        <extensions>
          <gpxtpx:TrackPointExtension>
            <gpxtpx:hr>148</gpxtpx:hr>
          </gpxtpx:TrackPointExtension>
        </extensions>
      </trkpt>
      <trkpt lat="29.571590153387568" lon="106.57829236529103">
        <ele>142.3092041015625</ele>
        <time>2026-10-07T23:39:14Z</time>
        <extensions>
          <gpxtpx:TrackPointExtension>
            <gpxtpx:hr>148</gpxtpx:hr>
          </gpxtpx:TrackPointExtension>
        </extensions>
      </trkpt>
      <trkpt lat="29.571398997288394" lon="106.57797929118756">
        <ele>144.672119140625</ele>
        <time>2026-10-07T23:39:26Z</time>
        <extensions>
          <gpxtpx:TrackPointExtension>
            <gpxtpx:hr>148</gpxtpx:hr>
          </gpxtpx:TrackPointExtension>
        </extensions>
      </trkpt>
      <trkpt lat="29.5712637956058" lon="106.57763619971978">
        <ele>145.4871826171875</ele>
        <time>2026-10-07T23:39:38Z</time>
        <extensions>
          <gpxtpx:TrackPointExtension>
            <gpxtpx:hr>148</gpxtpx:hr>
          </gpxtpx:TrackPointExtension>
        </extensions>
      </trkpt>
      <trkpt lat="29.571164652171998" lon="106.57739513200112">
        <ele>145.29559326171875</ele>
        <time>2026-10-07T23:39:47Z</time>
        <extensions>
          <gpxtpx:TrackPointExtension>
            <gpxtpx:hr>148</gpxtpx:hr>
          </gpxtpx:TrackPointExtension>
        </extensions>
      </trkpt>
      <trkpt lat="29.57107442826595" lon="106.5770550283713">
        <ele>145.46575927734375</ele>
        <time>2026-10-07T23:39:59Z</time>
        <extensions>
          <gpxtpx:TrackPointExtension>
            <gpxtpx:hr>144</gpxtpx:hr>
          </gpxtpx:TrackPointExtension>
        </extensions>
      </trkpt>
      <trkpt lat="29.570974201844507" lon="106.57671391891687">
        <ele>144.694091796875</ele>
        <time>2026-10-07T23:40:11Z</time>
        <extensions>
          <gpxtpx:TrackPointExtension>
            <gpxtpx:hr>144</gpxtpx:hr>
          </gpxtpx:TrackPointExtension>
        </extensions>
      </trkpt>
      <trkpt lat="29.57094014927551" lon="106.5766308919189">
        <ele>145.036865234375</ele>
        <time>2026-10-07T23:40:14Z</time>
        <extensions>
          <gpxtpx:TrackPointExtension>
            <gpxtpx:hr>143</gpxtpx:hr>
          </gpxtpx:TrackPointExtension>
        </extensions>
      </trkpt>
      <trkpt lat="29.570886960991327" lon="106.57636680041378">
        <ele>142.601806640625</ele>
        <time>2026-10-07T23:40:23Z</time>
        <extensions>
          <gpxtpx:TrackPointExtension>
            <gpxtpx:hr>145</gpxtpx:hr>
          </gpxtpx:TrackPointExtension>
        </extensions>
      </trkpt>
      <trkpt lat="29.570853904409567" lon="106.57628077073862">
        <ele>141.6942138671875</ele>
        <time>2026-10-07T23:40:26Z</time>
        <extensions>
          <gpxtpx:TrackPointExtension>
            <gpxtpx:hr>146</gpxtpx:hr>
          </gpxtpx:TrackPointExtension>
        </extensions>
      </trkpt>
      <trkpt lat="29.570763811330185" lon="106.57612471768647">
        <ele>141.2783203125</ele>
        <time>2026-10-07T23:40:32Z</time>
        <extensions>
          <gpxtpx:TrackPointExtension>
            <gpxtpx:hr>147</gpxtpx:hr>
          </gpxtpx:TrackPointExtension>
        </extensions>
      </trkpt>
      <trkpt lat="29.570745746230923" lon="106.57603568489455">
        <ele>142.23895263671875</ele>
        <time>2026-10-07T23:40:35Z</time>
        <extensions>
          <gpxtpx:TrackPointExtension>
            <gpxtpx:hr>148</gpxtpx:hr>
          </gpxtpx:TrackPointExtension>
        </extensions>
      </trkpt>
      <trkpt lat="29.570779439134075" lon="106.57567154015635">
        <ele>142.0450439453125</ele>
        <time>2026-10-07T23:40:47Z</time>
        <extensions>
          <gpxtpx:TrackPointExtension>
            <gpxtpx:hr>150</gpxtpx:hr>
          </gpxtpx:TrackPointExtension>
        </extensions>
      </trkpt>
      <trkpt lat="29.570789141895094" lon="106.57531639367478">
        <ele>145.4185791015625</ele>
        <time>2026-10-07T23:40:59Z</time>
        <extensions>
          <gpxtpx:TrackPointExtension>
            <gpxtpx:hr>150</gpxtpx:hr>
          </gpxtpx:TrackPointExtension>
        </extensions>
      </trkpt>
      <trkpt lat="29.57082786556654" lon="106.57500425772375">
        <ele>148.347412109375</ele>
        <time>2026-10-07T23:41:11Z</time>
        <extensions>
          <gpxtpx:TrackPointExtension>
            <gpxtpx:hr>153</gpxtpx:hr>
          </gpxtpx:TrackPointExtension>
        </extensions>
      </trkpt>
      <trkpt lat="29.57080159348325" lon="106.5746761132413">
        <ele>149.972900390625</ele>
        <time>2026-10-07T23:41:23Z</time>
        <extensions>
          <gpxtpx:TrackPointExtension>
            <gpxtpx:hr>156</gpxtpx:hr>
          </gpxtpx:TrackPointExtension>
        </extensions>
      </trkpt>
      <trkpt lat="29.570769458705247" lon="106.57450803815665">
        <ele>149.618408203125</ele>
        <time>2026-10-07T23:41:29Z</time>
        <extensions>
          <gpxtpx:TrackPointExtension>
            <gpxtpx:hr>158</gpxtpx:hr>
          </gpxtpx:TrackPointExtension>
        </extensions>
      </trkpt>
      <trkpt lat="29.570805141976056" lon="106.57416187290441">
        <ele>152.1937255859375</ele>
        <time>2026-10-07T23:41:41Z</time>
        <extensions>
          <gpxtpx:TrackPointExtension>
            <gpxtpx:hr>155</gpxtpx:hr>
          </gpxtpx:TrackPointExtension>
        </extensions>
      </trkpt>
      <trkpt lat="29.570719866165426" lon="106.57382071099013">
        <ele>147.2496337890625</ele>
        <time>2026-10-07T23:41:53Z</time>
        <extensions>
          <gpxtpx:TrackPointExtension>
            <gpxtpx:hr>157</gpxtpx:hr>
          </gpxtpx:TrackPointExtension>
        </extensions>
      </trkpt>
      <trkpt lat="29.570685727474242" lon="106.57365462954364">
        <ele>145.8643798828125</ele>
        <time>2026-10-07T23:41:59Z</time>
        <extensions>
          <gpxtpx:TrackPointExtension>
            <gpxtpx:hr>156</gpxtpx:hr>
          </gpxtpx:TrackPointExtension>
        </extensions>
      </trkpt>
      <trkpt lat="29.570664487421503" lon="106.57338449199386">
        <ele>144.93597412109375</ele>
        <time>2026-10-07T23:42:08Z</time>
        <extensions>
          <gpxtpx:TrackPointExtension>
            <gpxtpx:hr>154</gpxtpx:hr>
          </gpxtpx:TrackPointExtension>
        </extensions>
      </trkpt>
      <trkpt lat="29.570753123772974" lon="106.573026296913">
        <ele>143.8966064453125</ele>
        <time>2026-10-07T23:42:20Z</time>
        <extensions>
          <gpxtpx:TrackPointExtension>
            <gpxtpx:hr>151</gpxtpx:hr>
          </gpxtpx:TrackPointExtension>
        </extensions>
      </trkpt>
      <trkpt lat="29.570771940093472" lon="106.57283819342378">
        <ele>144.1119384765625</ele>
        <time>2026-10-07T23:42:26Z</time>
        <extensions>
          <gpxtpx:TrackPointExtension>
            <gpxtpx:hr>149</gpxtpx:hr>
          </gpxtpx:TrackPointExtension>
        </extensions>
      </trkpt>
      <trkpt lat="29.57074269009425" lon="106.57256504318973">
        <ele>143.29791259765625</ele>
        <time>2026-10-07T23:42:35Z</time>
        <extensions>
          <gpxtpx:TrackPointExtension>
            <gpxtpx:hr>146</gpxtpx:hr>
          </gpxtpx:TrackPointExtension>
        </extensions>
      </trkpt>
      <trkpt lat="29.57066946458086" lon="106.57230489917008">
        <ele>142.1263427734375</ele>
        <time>2026-10-07T23:42:44Z</time>
        <extensions>
          <gpxtpx:TrackPointExtension>
            <gpxtpx:hr>145</gpxtpx:hr>
          </gpxtpx:TrackPointExtension>
        </extensions>
      </trkpt>
      <trkpt lat="29.570675097576803" lon="106.57193167994062">
        <ele>141.23638916015625</ele>
        <time>2026-10-07T23:42:56Z</time>
        <extensions>
          <gpxtpx:TrackPointExtension>
            <gpxtpx:hr>141</gpxtpx:hr>
          </gpxtpx:TrackPointExtension>
        </extensions>
      </trkpt>
      <trkpt lat="29.570675008596773" lon="106.57184162604773">
        <ele>139.79803466796875</ele>
        <time>2026-10-07T23:42:59Z</time>
        <extensions>
          <gpxtpx:TrackPointExtension>
            <gpxtpx:hr>141</gpxtpx:hr>
          </gpxtpx:TrackPointExtension>
        </extensions>
      </trkpt>
      <trkpt lat="29.57057169973971" lon="106.57149642160721">
        <ele>139.42120361328125</ele>
        <time>2026-10-07T23:43:11Z</time>
        <extensions>
          <gpxtpx:TrackPointExtension>
            <gpxtpx:hr>143</gpxtpx:hr>
          </gpxtpx:TrackPointExtension>
        </extensions>
      </trkpt>
      <trkpt lat="29.570485377695242" lon="106.57114920873428">
        <ele>139.8623046875</ele>
        <time>2026-10-07T23:43:23Z</time>
        <extensions>
          <gpxtpx:TrackPointExtension>
            <gpxtpx:hr>141</gpxtpx:hr>
          </gpxtpx:TrackPointExtension>
        </extensions>
      </trkpt>
      <trkpt lat="29.57041903822454" lon="106.57079698518733">
        <ele>137.12457275390625</ele>
        <time>2026-10-07T23:43:35Z</time>
        <extensions>
          <gpxtpx:TrackPointExtension>
            <gpxtpx:hr>140</gpxtpx:hr>
          </gpxtpx:TrackPointExtension>
        </extensions>
      </trkpt>
      <trkpt lat="29.570398655259662" lon="106.57042373839305">
        <ele>136.77569580078125</ele>
        <time>2026-10-07T23:43:47Z</time>
        <extensions>
          <gpxtpx:TrackPointExtension>
            <gpxtpx:hr>140</gpxtpx:hr>
          </gpxtpx:TrackPointExtension>
        </extensions>
      </trkpt>
      <trkpt lat="29.570420259116183" lon="106.57005748681452">
        <ele>137.63409423828125</ele>
        <time>2026-10-07T23:43:59Z</time>
        <extensions>
          <gpxtpx:TrackPointExtension>
            <gpxtpx:hr>142</gpxtpx:hr>
          </gpxtpx:TrackPointExtension>
        </extensions>
      </trkpt>
      <trkpt lat="29.57047786524145" lon="106.5697102397462">
        <ele>137.22882080078125</ele>
        <time>2026-10-07T23:44:11Z</time>
        <extensions>
          <gpxtpx:TrackPointExtension>
            <gpxtpx:hr>144</gpxtpx:hr>
          </gpxtpx:TrackPointExtension>
        </extensions>
      </trkpt>
      <trkpt lat="29.570545447197887" lon="106.56934897568644">
        <ele>137.4237060546875</ele>
        <time>2026-10-07T23:44:23Z</time>
        <extensions>
          <gpxtpx:TrackPointExtension>
            <gpxtpx:hr>144</gpxtpx:hr>
          </gpxtpx:TrackPointExtension>
        </extensions>
      </trkpt>
      <trkpt lat="29.570612020415453" lon="106.56898470274558">
        <ele>138.17449951171875</ele>
        <time>2026-10-07T23:44:35Z</time>
        <extensions>
          <gpxtpx:TrackPointExtension>
            <gpxtpx:hr>144</gpxtpx:hr>
          </gpxtpx:TrackPointExtension>
        </extensions>
      </trkpt>
      <trkpt lat="29.57068062222099" lon="106.56865144664484">
        <ele>137.8427734375</ele>
        <time>2026-10-07T23:44:47Z</time>
        <extensions>
          <gpxtpx:TrackPointExtension>
            <gpxtpx:hr>147</gpxtpx:hr>
          </gpxtpx:TrackPointExtension>
        </extensions>
      </trkpt>
      <trkpt lat="29.570764194495123" lon="106.56830117067462">
        <ele>137.123779296875</ele>
        <time>2026-10-07T23:44:59Z</time>
        <extensions>
          <gpxtpx:TrackPointExtension>
            <gpxtpx:hr>147</gpxtpx:hr>
          </gpxtpx:TrackPointExtension>
        </extensions>
      </trkpt>
      <trkpt lat="29.570781086379814" lon="106.56821209975541">
        <ele>137.0989990234375</ele>
        <time>2026-10-07T23:45:02Z</time>
        <extensions>
          <gpxtpx:TrackPointExtension>
            <gpxtpx:hr>148</gpxtpx:hr>
          </gpxtpx:TrackPointExtension>
        </extensions>
      </trkpt>
      <trkpt lat="29.570849643108094" lon="106.56784980713441">
        <ele>135.93505859375</ele>
        <time>2026-10-07T23:45:14Z</time>
        <extensions>
          <gpxtpx:TrackPointExtension>
            <gpxtpx:hr>147</gpxtpx:hr>
          </gpxtpx:TrackPointExtension>
        </extensions>
      </trkpt>
      <trkpt lat="29.57092517040269" lon="106.5674694925582">
        <ele>137.166259765625</ele>
        <time>2026-10-07T23:45:26Z</time>
        <extensions>
          <gpxtpx:TrackPointExtension>
            <gpxtpx:hr>148</gpxtpx:hr>
          </gpxtpx:TrackPointExtension>
        </extensions>
      </trkpt>
      <trkpt lat="29.570956942096316" lon="106.56728633870904">
        <ele>135.67034912109375</ele>
        <time>2026-10-07T23:45:32Z</time>
        <extensions>
          <gpxtpx:TrackPointExtension>
            <gpxtpx:hr>148</gpxtpx:hr>
          </gpxtpx:TrackPointExtension>
        </extensions>
      </trkpt>
      <trkpt lat="29.57104159917861" lon="106.56702411317887">
        <ele>134.559326171875</ele>
        <time>2026-10-07T23:45:41Z</time>
        <extensions>
          <gpxtpx:TrackPointExtension>
            <gpxtpx:hr>149</gpxtpx:hr>
          </gpxtpx:TrackPointExtension>
        </extensions>
      </trkpt>
      <trkpt lat="29.571092147026988" lon="106.56666480232339">
        <ele>135.806396484375</ele>
        <time>2026-10-07T23:45:53Z</time>
        <extensions>
          <gpxtpx:TrackPointExtension>
            <gpxtpx:hr>148</gpxtpx:hr>
          </gpxtpx:TrackPointExtension>
        </extensions>
      </trkpt>
      <trkpt lat="29.5711476813791" lon="106.5663004802084">
        <ele>137.2572021484375</ele>
        <time>2026-10-07T23:46:05Z</time>
        <extensions>
          <gpxtpx:TrackPointExtension>
            <gpxtpx:hr>147</gpxtpx:hr>
          </gpxtpx:TrackPointExtension>
        </extensions>
      </trkpt>
      <trkpt lat="29.571221206279976" lon="106.56593815213233">
        <ele>137.8045654296875</ele>
        <time>2026-10-07T23:46:17Z</time>
        <extensions>
          <gpxtpx:TrackPointExtension>
            <gpxtpx:hr>144</gpxtpx:hr>
          </gpxtpx:TrackPointExtension>
        </extensions>
      </trkpt>
      <trkpt lat="29.57129571757082" lon="106.56556981183974">
        <ele>139.0601806640625</ele>
        <time>2026-10-07T23:46:29Z</time>
        <extensions>
          <gpxtpx:TrackPointExtension>
            <gpxtpx:hr>143</gpxtpx:hr>
          </gpxtpx:TrackPointExtension>
        </extensions>
      </trkpt>
      <trkpt lat="29.57135925498638" lon="106.56522348603873">
        <ele>137.29931640625</ele>
        <time>2026-10-07T23:46:41Z</time>
        <extensions>
          <gpxtpx:TrackPointExtension>
            <gpxtpx:hr>148</gpxtpx:hr>
          </gpxtpx:TrackPointExtension>
        </extensions>
      </trkpt>
      <trkpt lat="29.571429775759043" lon="106.56487014709711">
        <ele>138.19281005859375</ele>
        <time>2026-10-07T23:46:53Z</time>
        <extensions>
          <gpxtpx:TrackPointExtension>
            <gpxtpx:hr>149</gpxtpx:hr>
          </gpxtpx:TrackPointExtension>
        </extensions>
      </trkpt>
      <trkpt lat="29.571511290006075" lon="106.56451880319538">
        <ele>139.162109375</ele>
        <time>2026-10-07T23:47:05Z</time>
        <extensions>
          <gpxtpx:TrackPointExtension>
            <gpxtpx:hr>149</gpxtpx:hr>
          </gpxtpx:TrackPointExtension>
        </extensions>
      </trkpt>
      <trkpt lat="29.57158377553145" lon="106.56414743378053">
        <ele>139.4617919921875</ele>
        <time>2026-10-07T23:47:17Z</time>
        <extensions>
          <gpxtpx:TrackPointExtension>
            <gpxtpx:hr>148</gpxtpx:hr>
          </gpxtpx:TrackPointExtension>
        </extensions>
      </trkpt>
      <trkpt lat="29.5716602524406" lon="106.56377505622785">
        <ele>139.5345458984375</ele>
        <time>2026-10-07T23:47:29Z</time>
        <extensions>
          <gpxtpx:TrackPointExtension>
            <gpxtpx:hr>150</gpxtpx:hr>
          </gpxtpx:TrackPointExtension>
        </extensions>
      </trkpt>
      <trkpt lat="29.571724745222937" lon="106.56341568586042">
        <ele>142.14593505859375</ele>
        <time>2026-10-07T23:47:41Z</time>
        <extensions>
          <gpxtpx:TrackPointExtension>
            <gpxtpx:hr>150</gpxtpx:hr>
          </gpxtpx:TrackPointExtension>
        </extensions>
      </trkpt>
      <trkpt lat="29.571754363882" lon="106.56314340209887">
        <ele>141.1202392578125</ele>
        <time>2026-10-07T23:47:50Z</time>
        <extensions>
          <gpxtpx:TrackPointExtension>
            <gpxtpx:hr>149</gpxtpx:hr>
          </gpxtpx:TrackPointExtension>
        </extensions>
      </trkpt>
      <trkpt lat="29.57179811663717" lon="106.5629742224484">
        <ele>140.3465576171875</ele>
        <time>2026-10-07T23:47:56Z</time>
        <extensions>
          <gpxtpx:TrackPointExtension>
            <gpxtpx:hr>149</gpxtpx:hr>
          </gpxtpx:TrackPointExtension>
        </extensions>
      </trkpt>
      <trkpt lat="29.571816865698526" lon="106.56279703436084">
        <ele>138.70941162109375</ele>
        <time>2026-10-07T23:48:02Z</time>
        <extensions>
          <gpxtpx:TrackPointExtension>
            <gpxtpx:hr>150</gpxtpx:hr>
          </gpxtpx:TrackPointExtension>
        </extensions>
      </trkpt>
      <trkpt lat="29.571900339815237" lon="106.56243964758643">
        <ele>138.6929931640625</ele>
        <time>2026-10-07T23:48:14Z</time>
        <extensions>
          <gpxtpx:TrackPointExtension>
            <gpxtpx:hr>150</gpxtpx:hr>
          </gpxtpx:TrackPointExtension>
        </extensions>
      </trkpt>
      <trkpt lat="29.57196281150445" lon="106.56207925244223">
        <ele>138.5625</ele>
        <time>2026-10-07T23:48:26Z</time>
        <extensions>
          <gpxtpx:TrackPointExtension>
            <gpxtpx:hr>147</gpxtpx:hr>
          </gpxtpx:TrackPointExtension>
        </extensions>
      </trkpt>
      <trkpt lat="29.572032288178438" lon="106.56172786050661">
        <ele>139.5537109375</ele>
        <time>2026-10-07T23:48:38Z</time>
        <extensions>
          <gpxtpx:TrackPointExtension>
            <gpxtpx:hr>148</gpxtpx:hr>
          </gpxtpx:TrackPointExtension>
        </extensions>
      </trkpt>
      <trkpt lat="29.572098772242693" lon="106.56138447171814">
        <ele>139.31256103515625</ele>
        <time>2026-10-07T23:48:50Z</time>
        <extensions>
          <gpxtpx:TrackPointExtension>
            <gpxtpx:hr>147</gpxtpx:hr>
          </gpxtpx:TrackPointExtension>
        </extensions>
      </trkpt>
      <trkpt lat="29.572167244834713" lon="106.56103707243571">
        <ele>139.32867431640625</ele>
        <time>2026-10-07T23:49:02Z</time>
        <extensions>
          <gpxtpx:TrackPointExtension>
            <gpxtpx:hr>147</gpxtpx:hr>
          </gpxtpx:TrackPointExtension>
        </extensions>
      </trkpt>
      <trkpt lat="29.572219710498427" lon="106.56068466236101">
        <ele>138.29266357421875</ele>
        <time>2026-10-07T23:49:14Z</time>
        <extensions>
          <gpxtpx:TrackPointExtension>
            <gpxtpx:hr>148</gpxtpx:hr>
          </gpxtpx:TrackPointExtension>
        </extensions>
      </trkpt>
      <trkpt lat="29.572249311171678" lon="106.56042135257438">
        <ele>139.86212158203125</ele>
        <time>2026-10-07T23:49:23Z</time>
        <extensions>
          <gpxtpx:TrackPointExtension>
            <gpxtpx:hr>147</gpxtpx:hr>
          </gpxtpx:TrackPointExtension>
        </extensions>
      </trkpt>
      <trkpt lat="29.572309262359827" lon="106.5604023266684">
        <ele>142.6258544921875</ele>
        <time>2026-10-07T23:49:29Z</time>
        <extensions>
          <gpxtpx:TrackPointExtension>
            <gpxtpx:hr>146</gpxtpx:hr>
          </gpxtpx:TrackPointExtension>
        </extensions>
      </trkpt>
      <trkpt lat="29.57236633333571" lon="106.5604633951233">
        <ele>145.31591796875</ele>
        <time>2026-10-07T23:49:35Z</time>
        <extensions>
          <gpxtpx:TrackPointExtension>
            <gpxtpx:hr>145</gpxtpx:hr>
          </gpxtpx:TrackPointExtension>
        </extensions>
      </trkpt>
      <trkpt lat="29.57230965159656" lon="106.56066563493845">
        <ele>147.9368896484375</ele>
        <time>2026-10-07T23:49:44Z</time>
        <extensions>
          <gpxtpx:TrackPointExtension>
            <gpxtpx:hr>147</gpxtpx:hr>
          </gpxtpx:TrackPointExtension>
        </extensions>
      </trkpt>
      <trkpt lat="29.572243242077803" lon="106.56105308632874">
        <ele>151.39111328125</ele>
        <time>2026-10-07T23:49:56Z</time>
        <extensions>
          <gpxtpx:TrackPointExtension>
            <gpxtpx:hr>153</gpxtpx:hr>
          </gpxtpx:TrackPointExtension>
        </extensions>
      </trkpt>
      <trkpt lat="29.572181732182575" lon="106.5613764578012">
        <ele>150.8582763671875</ele>
        <time>2026-10-07T23:50:08Z</time>
        <extensions>
          <gpxtpx:TrackPointExtension>
            <gpxtpx:hr>152</gpxtpx:hr>
          </gpxtpx:TrackPointExtension>
        </extensions>
      </trkpt>
      <trkpt lat="29.572122225796264" lon="106.56170583071376">
        <ele>150.61260986328125</ele>
        <time>2026-10-07T23:50:20Z</time>
        <extensions>
          <gpxtpx:TrackPointExtension>
            <gpxtpx:hr>148</gpxtpx:hr>
          </gpxtpx:TrackPointExtension>
        </extensions>
      </trkpt>
      <trkpt lat="29.572063735749506" lon="106.56205021470267">
        <ele>148.4227294921875</ele>
        <time>2026-10-07T23:50:32Z</time>
        <extensions>
          <gpxtpx:TrackPointExtension>
            <gpxtpx:hr>147</gpxtpx:hr>
          </gpxtpx:TrackPointExtension>
        </extensions>
      </trkpt>
      <trkpt lat="29.572003244189702" lon="106.56239659512319">
        <ele>149.3311767578125</ele>
        <time>2026-10-07T23:50:44Z</time>
        <extensions>
          <gpxtpx:TrackPointExtension>
            <gpxtpx:hr>147</gpxtpx:hr>
          </gpxtpx:TrackPointExtension>
        </extensions>
      </trkpt>
      <trkpt lat="29.571939718065696" lon="106.56272094638369">
        <ele>149.8056640625</ele>
        <time>2026-10-07T23:50:56Z</time>
        <extensions>
          <gpxtpx:TrackPointExtension>
            <gpxtpx:hr>146</gpxtpx:hr>
          </gpxtpx:TrackPointExtension>
        </extensions>
      </trkpt>
      <trkpt lat="29.571875178208803" lon="106.56303828515297">
        <ele>152.6549072265625</ele>
        <time>2026-10-07T23:51:08Z</time>
        <extensions>
          <gpxtpx:TrackPointExtension>
            <gpxtpx:hr>144</gpxtpx:hr>
          </gpxtpx:TrackPointExtension>
        </extensions>
      </trkpt>
      <trkpt lat="29.57185929763174" lon="106.56312137296794">
        <ele>153.15765380859375</ele>
        <time>2026-10-07T23:51:11Z</time>
        <extensions>
          <gpxtpx:TrackPointExtension>
            <gpxtpx:hr>144</gpxtpx:hr>
          </gpxtpx:TrackPointExtension>
        </extensions>
      </trkpt>
      <trkpt lat="29.571873373621685" lon="106.56318043369342">
        <ele>151.6748046875</ele>
        <time>2026-10-07T23:51:14Z</time>
        <extensions>
          <gpxtpx:TrackPointExtension>
            <gpxtpx:hr>144</gpxtpx:hr>
          </gpxtpx:TrackPointExtension>
        </extensions>
      </trkpt>
      <trkpt lat="29.572015305660408" lon="106.56316641077272">
        <ele>151.0399169921875</ele>
        <time>2026-10-07T23:51:26Z</time>
        <extensions>
          <gpxtpx:TrackPointExtension>
            <gpxtpx:hr>143</gpxtpx:hr>
          </gpxtpx:TrackPointExtension>
        </extensions>
      </trkpt>
      <trkpt lat="29.572060243633988" lon="106.56313237266197">
        <ele>151.7105712890625</ele>
        <time>2026-10-07T23:51:29Z</time>
        <extensions>
          <gpxtpx:TrackPointExtension>
            <gpxtpx:hr>143</gpxtpx:hr>
          </gpxtpx:TrackPointExtension>
        </extensions>
      </trkpt>
      <trkpt lat="29.572128054155645" lon="106.56301124197276">
        <ele>155.50030517578125</ele>
        <time>2026-10-07T23:51:44Z</time>
        <extensions>
          <gpxtpx:TrackPointExtension>
            <gpxtpx:hr>141</gpxtpx:hr>
          </gpxtpx:TrackPointExtension>
        </extensions>
      </trkpt>
      <trkpt lat="29.57220207548584" lon="106.56304527330559">
        <ele>154.29119873046875</ele>
        <time>2026-10-07T23:51:50Z</time>
        <extensions>
          <gpxtpx:TrackPointExtension>
            <gpxtpx:hr>137</gpxtpx:hr>
          </gpxtpx:TrackPointExtension>
        </extensions>
      </trkpt>
      <trkpt lat="29.572188169515" lon="106.56311034216927">
        <ele>153.19317626953125</ele>
        <time>2026-10-07T23:51:53Z</time>
        <extensions>
          <gpxtpx:TrackPointExtension>
            <gpxtpx:hr>145</gpxtpx:hr>
          </gpxtpx:TrackPointExtension>
        </extensions>
      </trkpt>
      <trkpt lat="29.57210939776015" lon="106.56325749990938">
        <ele>154.326416015625</ele>
        <time>2026-10-07T23:51:59Z</time>
        <extensions>
          <gpxtpx:TrackPointExtension>
            <gpxtpx:hr>156</gpxtpx:hr>
          </gpxtpx:TrackPointExtension>
        </extensions>
      </trkpt>
      <trkpt lat="29.57208865540997" lon="106.56344169126628">
        <ele>154.88427734375</ele>
        <time>2026-10-07T23:52:05Z</time>
        <extensions>
          <gpxtpx:TrackPointExtension>
            <gpxtpx:hr>155</gpxtpx:hr>
          </gpxtpx:TrackPointExtension>
        </extensions>
      </trkpt>
      <trkpt lat="29.572117767418906" lon="106.56353178194601">
        <ele>155.23040771484375</ele>
        <time>2026-10-07T23:52:08Z</time>
        <extensions>
          <gpxtpx:TrackPointExtension>
            <gpxtpx:hr>154</gpxtpx:hr>
          </gpxtpx:TrackPointExtension>
        </extensions>
      </trkpt>
      <trkpt lat="29.572036214394142" lon="106.56384310287403">
        <ele>155.157958984375</ele>
        <time>2026-10-07T23:52:20Z</time>
        <extensions>
          <gpxtpx:TrackPointExtension>
            <gpxtpx:hr>156</gpxtpx:hr>
          </gpxtpx:TrackPointExtension>
        </extensions>
      </trkpt>
      <trkpt lat="29.571949713312303" lon="106.56419545993786">
        <ele>158.0684814453125</ele>
        <time>2026-10-07T23:52:32Z</time>
        <extensions>
          <gpxtpx:TrackPointExtension>
            <gpxtpx:hr>159</gpxtpx:hr>
          </gpxtpx:TrackPointExtension>
        </extensions>
      </trkpt>
      <trkpt lat="29.571902137156727" lon="106.5645047666046">
        <ele>159.32635498046875</ele>
        <time>2026-10-07T23:52:44Z</time>
        <extensions>
          <gpxtpx:TrackPointExtension>
            <gpxtpx:hr>147</gpxtpx:hr>
          </gpxtpx:TrackPointExtension>
        </extensions>
      </trkpt>
      <trkpt lat="29.57185557343083" lon="106.56482708089916">
        <ele>160.7734375</ele>
        <time>2026-10-07T23:53:04Z</time>
        <extensions>
          <gpxtpx:TrackPointExtension>
            <gpxtpx:hr>147</gpxtpx:hr>
          </gpxtpx:TrackPointExtension>
        </extensions>
      </trkpt>
      <trkpt lat="29.571842618110733" lon="106.56485811137962">
        <ele>160.9964599609375</ele>
        <time>2026-10-07T23:53:05Z</time>
        <extensions>
          <gpxtpx:TrackPointExtension>
            <gpxtpx:hr>147</gpxtpx:hr>
          </gpxtpx:TrackPointExtension>
        </extensions>
      </trkpt>
    </trkseg>
  </trk>
</gpx>