<?xml version="1.0" encoding="UTF-8"?>
<gpx xmlns="http://www.topografix.com/GPX/1/1" xmlns:gpxtpx="http://www.garmin.com/xmlschemas/TrackPointExtension/v1" xmlns:xsi="http://www.w3.org/2001/XMLSchema-instance" xsi:schemaLocation="http://www.topografix.com/GPX/1/1 http://www.topografix.com/GPX/1/1/gpx.xsd" version="1.1" creator="gpx.py -- https://github.com/tkrajina/gpxpy">
  <trk>
    <name>gpx from keep</name>
    <type>Run</type>
    <trkseg>
      <trkpt lat="29.60201112666923" lon="106.31994030967195">
        <ele>249.20355224609375</ele>
        <time>2026-07-30T22:39:34Z</time>
        <extensions>
          <gpxtpx:TrackPointExtension>
            <gpxtpx:hr>70</gpxtpx:hr>
          </gpxtpx:TrackPointExtension>
        </extensions>
      </trkpt>
      <trkpt lat="29.602079052435943" lon="106.31996823647063">
        <ele>249.86285400390625</ele>
        <time>2026-07-30T22:39:37Z</time>
        <extensions>
          <gpxtpx:TrackPointExtension>
            <gpxtpx:hr>73</gpxtpx:hr>
          </gpxtpx:TrackPointExtension>
        </extensions>
      </trkpt>
      <trkpt lat="29.60215302594939" lon="106.31997022707155">
        <ele>251.22216796875</ele>
        <time>2026-07-30T22:39:40Z</time>
        <extensions>
          <gpxtpx:TrackPointExtension>
            <gpxtpx:hr>76</gpxtpx:hr>
          </gpxtpx:TrackPointExtension>
        </extensions>
      </trkpt>
      <trkpt lat="29.60240106251775" lon="106.31991135771408">
        <ele>247.689208984375</ele>
        <time>2026-07-30T22:39:49Z</time>
        <extensions>
          <gpxtpx:TrackPointExtension>
            <gpxtpx:hr>90</gpxtpx:hr>
          </gpxtpx:TrackPointExtension>
        </extensions>
      </trkpt>
      <trkpt lat="29.602434166817975" lon="106.31985150377517">
        <ele>247.27825927734375</ele>
        <time>2026-07-30T22:39:52Z</time>
        <extensions>
          <gpxtpx:TrackPointExtension>
            <gpxtpx:hr>93</gpxtpx:hr>
          </gpxtpx:TrackPointExtension>
        </extensions>
      </trkpt>
      <trkpt lat="29.6024556254854" lon="106.31960810440552">
        <ele>251.04937744140625</ele>
        <time>2026-07-30T22:40:01Z</time>
        <extensions>
          <gpxtpx:TrackPointExtension>
            <gpxtpx:hr>112</gpxtpx:hr>
          </gpxtpx:TrackPointExtension>
        </extensions>
      </trkpt>
      <trkpt lat="29.602476716245278" lon="106.31955722890832">
        <ele>250.124267578125</ele>
        <time>2026-07-30T22:40:04Z</time>
        <extensions>
          <gpxtpx:TrackPointExtension>
            <gpxtpx:hr>115</gpxtpx:hr>
          </gpxtpx:TrackPointExtension>
        </extensions>
      </trkpt>
      <trkpt lat="29.602606762225204" lon="106.3195123320309">
        <ele>253.1690673828125</ele>
        <time>2026-07-30T22:40:10Z</time>
        <extensions>
          <gpxtpx:TrackPointExtension>
            <gpxtpx:hr>119</gpxtpx:hr>
          </gpxtpx:TrackPointExtension>
        </extensions>
      </trkpt>
      <trkpt lat="29.60268975018545" lon="106.31950534428559">
        <ele>253.8612060546875</ele>
        <time>2026-07-30T22:40:13Z</time>
        <extensions>
          <gpxtpx:TrackPointExtension>
            <gpxtpx:hr>122</gpxtpx:hr>
          </gpxtpx:TrackPointExtension>
        </extensions>
      </trkpt>
      <trkpt lat="29.602735690396255" lon="106.31952928233387">
        <ele>253.485595703125</ele>
        <time>2026-07-30T22:40:16Z</time>
        <extensions>
          <gpxtpx:TrackPointExtension>
            <gpxtpx:hr>124</gpxtpx:hr>
          </gpxtpx:TrackPointExtension>
        </extensions>
      </trkpt>
      <trkpt lat="29.602808833842953" lon="106.31944249243726">
        <ele>254.90789794921875</ele>
        <time>2026-07-30T22:40:22Z</time>
        <extensions>
          <gpxtpx:TrackPointExtension>
            <gpxtpx:hr>128</gpxtpx:hr>
          </gpxtpx:TrackPointExtension>
        </extensions>
      </trkpt>
      <trkpt lat="29.60291625064589" lon="106.31920706766526">
        <ele>251.64495849609375</ele>
        <time>2026-07-30T22:40:31Z</time>
        <extensions>
          <gpxtpx:TrackPointExtension>
            <gpxtpx:hr>135</gpxtpx:hr>
          </gpxtpx:TrackPointExtension>
        </extensions>
      </trkpt>
      <trkpt lat="29.602941475288755" lon="106.31908536674105">
        <ele>251.4066162109375</ele>
        <time>2026-07-30T22:40:34Z</time>
        <extensions>
          <gpxtpx:TrackPointExtension>
            <gpxtpx:hr>137</gpxtpx:hr>
          </gpxtpx:TrackPointExtension>
        </extensions>
      </trkpt>
      <trkpt lat="29.602922236338816" lon="106.31881018748383">
        <ele>253.79266357421875</ele>
        <time>2026-07-30T22:40:43Z</time>
        <extensions>
          <gpxtpx:TrackPointExtension>
            <gpxtpx:hr>142</gpxtpx:hr>
          </gpxtpx:TrackPointExtension>
        </extensions>
      </trkpt>
      <trkpt lat="29.602877294319196" lon="106.31866640482309">
        <ele>253.04296875</ele>
        <time>2026-07-30T22:40:49Z</time>
        <extensions>
          <gpxtpx:TrackPointExtension>
            <gpxtpx:hr>144</gpxtpx:hr>
          </gpxtpx:TrackPointExtension>
        </extensions>
      </trkpt>
      <trkpt lat="29.602916891207137" lon="106.31830272516017">
        <ele>258.6802978515625</ele>
        <time>2026-07-30T22:41:01Z</time>
        <extensions>
          <gpxtpx:TrackPointExtension>
            <gpxtpx:hr>148</gpxtpx:hr>
          </gpxtpx:TrackPointExtension>
        </extensions>
      </trkpt>
      <trkpt lat="29.602964509032645" lon="106.31801500545178">
        <ele>257.00927734375</ele>
        <time>2026-07-30T22:41:13Z</time>
        <extensions>
          <gpxtpx:TrackPointExtension>
            <gpxtpx:hr>149</gpxtpx:hr>
          </gpxtpx:TrackPointExtension>
        </extensions>
      </trkpt>
      <trkpt lat="29.60292282182285" lon="106.31785739612457">
        <ele>257.18609619140625</ele>
        <time>2026-07-30T22:41:19Z</time>
        <extensions>
          <gpxtpx:TrackPointExtension>
            <gpxtpx:hr>151</gpxtpx:hr>
          </gpxtpx:TrackPointExtension>
        </extensions>
      </trkpt>
      <trkpt lat="29.602929653020638" lon="106.3175858253859">
        <ele>257.37481689453125</ele>
        <time>2026-07-30T22:41:28Z</time>
        <extensions>
          <gpxtpx:TrackPointExtension>
            <gpxtpx:hr>152</gpxtpx:hr>
          </gpxtpx:TrackPointExtension>
        </extensions>
      </trkpt>
      <trkpt lat="29.602979743659645" lon="106.31736360769014">
        <ele>255.95941162109375</ele>
        <time>2026-07-30T22:41:37Z</time>
        <extensions>
          <gpxtpx:TrackPointExtension>
            <gpxtpx:hr>152</gpxtpx:hr>
          </gpxtpx:TrackPointExtension>
        </extensions>
      </trkpt>
      <trkpt lat="29.60297334641091" lon="106.31704738527272">
        <ele>253.284912109375</ele>
        <time>2026-07-30T22:41:49Z</time>
        <extensions>
          <gpxtpx:TrackPointExtension>
            <gpxtpx:hr>154</gpxtpx:hr>
          </gpxtpx:TrackPointExtension>
        </extensions>
      </trkpt>
      <trkpt lat="29.60294336565292" lon="106.31681090055723">
        <ele>257.8543701171875</ele>
        <time>2026-07-30T22:41:55Z</time>
        <extensions>
          <gpxtpx:TrackPointExtension>
            <gpxtpx:hr>155</gpxtpx:hr>
          </gpxtpx:TrackPointExtension>
        </extensions>
      </trkpt>
      <trkpt lat="29.60294403510237" lon="106.31664470654972">
        <ele>256.724365234375</ele>
        <time>2026-07-30T22:42:01Z</time>
        <extensions>
          <gpxtpx:TrackPointExtension>
            <gpxtpx:hr>155</gpxtpx:hr>
          </gpxtpx:TrackPointExtension>
        </extensions>
      </trkpt>
      <trkpt lat="29.602928300968525" lon="106.31655160501488">
        <ele>255.79254150390625</ele>
        <time>2026-07-30T22:42:04Z</time>
        <extensions>
          <gpxtpx:TrackPointExtension>
            <gpxtpx:hr>156</gpxtpx:hr>
          </gpxtpx:TrackPointExtension>
        </extensions>
      </trkpt>
      <trkpt lat="29.602833560634853" lon="106.31642990918319">
        <ele>262.6336669921875</ele>
        <time>2026-07-30T22:42:10Z</time>
        <extensions>
          <gpxtpx:TrackPointExtension>
            <gpxtpx:hr>157</gpxtpx:hr>
          </gpxtpx:TrackPointExtension>
        </extensions>
      </trkpt>
      <trkpt lat="29.602709659012152" lon="106.31639799491296">
        <ele>266.089599609375</ele>
        <time>2026-07-30T22:42:16Z</time>
        <extensions>
          <gpxtpx:TrackPointExtension>
            <gpxtpx:hr>158</gpxtpx:hr>
          </gpxtpx:TrackPointExtension>
        </extensions>
      </trkpt>
      <trkpt lat="29.602621593300157" lon="106.3164468803712">
        <ele>267.5771484375</ele>
        <time>2026-07-30T22:42:22Z</time>
        <extensions>
          <gpxtpx:TrackPointExtension>
            <gpxtpx:hr>158</gpxtpx:hr>
          </gpxtpx:TrackPointExtension>
        </extensions>
      </trkpt>
      <trkpt lat="29.602562473337013" lon="106.31651970535053">
        <ele>266.60040283203125</ele>
        <time>2026-07-30T22:42:25Z</time>
        <extensions>
          <gpxtpx:TrackPointExtension>
            <gpxtpx:hr>159</gpxtpx:hr>
          </gpxtpx:TrackPointExtension>
        </extensions>
      </trkpt>
      <trkpt lat="29.60253536625039" lon="106.31658055772579">
        <ele>264.5155029296875</ele>
        <time>2026-07-30T22:42:28Z</time>
        <extensions>
          <gpxtpx:TrackPointExtension>
            <gpxtpx:hr>158</gpxtpx:hr>
          </gpxtpx:TrackPointExtension>
        </extensions>
      </trkpt>
      <trkpt lat="29.60251894928502" lon="106.31680301282604">
        <ele>264.27825927734375</ele>
        <time>2026-07-30T22:42:34Z</time>
        <extensions>
          <gpxtpx:TrackPointExtension>
            <gpxtpx:hr>158</gpxtpx:hr>
          </gpxtpx:TrackPointExtension>
        </extensions>
      </trkpt>
      <trkpt lat="29.602569511536654" lon="106.31702546351863">
        <ele>261.24761962890625</ele>
        <time>2026-07-30T22:42:43Z</time>
        <extensions>
          <gpxtpx:TrackPointExtension>
            <gpxtpx:hr>158</gpxtpx:hr>
          </gpxtpx:TrackPointExtension>
        </extensions>
      </trkpt>
      <trkpt lat="29.602534999068798" lon="106.31730078900857">
        <ele>260.8328857421875</ele>
        <time>2026-07-30T22:42:55Z</time>
        <extensions>
          <gpxtpx:TrackPointExtension>
            <gpxtpx:hr>157</gpxtpx:hr>
          </gpxtpx:TrackPointExtension>
        </extensions>
      </trkpt>
      <trkpt lat="29.602458825189135" lon="106.3174045385125">
        <ele>264.2279052734375</ele>
        <time>2026-07-30T22:43:01Z</time>
        <extensions>
          <gpxtpx:TrackPointExtension>
            <gpxtpx:hr>158</gpxtpx:hr>
          </gpxtpx:TrackPointExtension>
        </extensions>
      </trkpt>
      <trkpt lat="29.6023227113427" lon="106.317486345537">
        <ele>263.5128173828125</ele>
        <time>2026-07-30T22:43:07Z</time>
        <extensions>
          <gpxtpx:TrackPointExtension>
            <gpxtpx:hr>158</gpxtpx:hr>
          </gpxtpx:TrackPointExtension>
        </extensions>
      </trkpt>
      <trkpt lat="29.602004693078836" lon="106.31754721501682">
        <ele>264.9871826171875</ele>
        <time>2026-07-30T22:43:22Z</time>
        <extensions>
          <gpxtpx:TrackPointExtension>
            <gpxtpx:hr>158</gpxtpx:hr>
          </gpxtpx:TrackPointExtension>
        </extensions>
      </trkpt>
      <trkpt lat="29.60189159495462" lon="106.31761705003038">
        <ele>258.0211181640625</ele>
        <time>2026-07-30T22:43:28Z</time>
        <extensions>
          <gpxtpx:TrackPointExtension>
            <gpxtpx:hr>155</gpxtpx:hr>
          </gpxtpx:TrackPointExtension>
        </extensions>
      </trkpt>
      <trkpt lat="29.60187345250191" lon="106.31769485964737">
        <ele>259.622314453125</ele>
        <time>2026-07-30T22:43:31Z</time>
        <extensions>
          <gpxtpx:TrackPointExtension>
            <gpxtpx:hr>155</gpxtpx:hr>
          </gpxtpx:TrackPointExtension>
        </extensions>
      </trkpt>
      <trkpt lat="29.601879768904805" lon="106.3180529774656">
        <ele>261.8956298828125</ele>
        <time>2026-07-30T22:43:43Z</time>
        <extensions>
          <gpxtpx:TrackPointExtension>
            <gpxtpx:hr>153</gpxtpx:hr>
          </gpxtpx:TrackPointExtension>
        </extensions>
      </trkpt>
      <trkpt lat="29.601852378273854" lon="106.31826246291685">
        <ele>258.779052734375</ele>
        <time>2026-07-30T22:43:52Z</time>
        <extensions>
          <gpxtpx:TrackPointExtension>
            <gpxtpx:hr>154</gpxtpx:hr>
          </gpxtpx:TrackPointExtension>
        </extensions>
      </trkpt>
      <trkpt lat="29.60184859217047" lon="106.31867544470256">
        <ele>261.515869140625</ele>
        <time>2026-07-30T22:44:04Z</time>
        <extensions>
          <gpxtpx:TrackPointExtension>
            <gpxtpx:hr>154</gpxtpx:hr>
          </gpxtpx:TrackPointExtension>
        </extensions>
      </trkpt>
      <trkpt lat="29.601853027472842" lon="106.31897071565807">
        <ele>262.747314453125</ele>
        <time>2026-07-30T22:44:13Z</time>
        <extensions>
          <gpxtpx:TrackPointExtension>
            <gpxtpx:hr>156</gpxtpx:hr>
          </gpxtpx:TrackPointExtension>
        </extensions>
      </trkpt>
      <trkpt lat="29.601855466835598" lon="106.319263991176">
        <ele>258.327392578125</ele>
        <time>2026-07-30T22:44:25Z</time>
        <extensions>
          <gpxtpx:TrackPointExtension>
            <gpxtpx:hr>157</gpxtpx:hr>
          </gpxtpx:TrackPointExtension>
        </extensions>
      </trkpt>
      <trkpt lat="29.60189119866796" lon="106.31939865626323">
        <ele>257.36669921875</ele>
        <time>2026-07-30T22:44:31Z</time>
        <extensions>
          <gpxtpx:TrackPointExtension>
            <gpxtpx:hr>157</gpxtpx:hr>
          </gpxtpx:TrackPointExtension>
        </extensions>
      </trkpt>
      <trkpt lat="29.60189048406888" lon="106.31977273149131">
        <ele>262.5828857421875</ele>
        <time>2026-07-30T22:44:43Z</time>
        <extensions>
          <gpxtpx:TrackPointExtension>
            <gpxtpx:hr>157</gpxtpx:hr>
          </gpxtpx:TrackPointExtension>
        </extensions>
      </trkpt>
      <trkpt lat="29.60190394397763" lon="106.3200530372355">
        <ele>262.5792236328125</ele>
        <time>2026-07-30T22:44:52Z</time>
        <extensions>
          <gpxtpx:TrackPointExtension>
            <gpxtpx:hr>157</gpxtpx:hr>
          </gpxtpx:TrackPointExtension>
        </extensions>
      </trkpt>
      <trkpt lat="29.601957961750227" lon="106.32003507840739">
        <ele>262.6376953125</ele>
        <time>2026-07-30T22:45:01Z</time>
        <extensions>
          <gpxtpx:TrackPointExtension>
            <gpxtpx:hr>157</gpxtpx:hr>
          </gpxtpx:TrackPointExtension>
        </extensions>
      </trkpt>
      <trkpt lat="29.602106166200294" lon="106.31990439277976">
        <ele>256.9310302734375</ele>
        <time>2026-07-30T22:45:07Z</time>
        <extensions>
          <gpxtpx:TrackPointExtension>
            <gpxtpx:hr>148</gpxtpx:hr>
          </gpxtpx:TrackPointExtension>
        </extensions>
      </trkpt>
      <trkpt lat="29.602224120519885" lon="106.31990937332473">
        <ele>254.8077392578125</ele>
        <time>2026-07-30T22:45:10Z</time>
        <extensions>
          <gpxtpx:TrackPointExtension>
            <gpxtpx:hr>149</gpxtpx:hr>
          </gpxtpx:TrackPointExtension>
        </extensions>
      </trkpt>
      <trkpt lat="29.602306637196893" lon="106.31987172408184">
        <ele>252.70269775390625</ele>
        <time>2026-07-30T22:45:13Z</time>
        <extensions>
          <gpxtpx:TrackPointExtension>
            <gpxtpx:hr>149</gpxtpx:hr>
          </gpxtpx:TrackPointExtension>
        </extensions>
      </trkpt>
      <trkpt lat="29.602388301001074" lon="106.31978866198493">
        <ele>254.8994140625</ele>
        <time>2026-07-30T22:45:16Z</time>
        <extensions>
          <gpxtpx:TrackPointExtension>
            <gpxtpx:hr>149</gpxtpx:hr>
          </gpxtpx:TrackPointExtension>
        </extensions>
      </trkpt>
      <trkpt lat="29.60247526518876" lon="106.31966429689187">
        <ele>253.70361328125</ele>
        <time>2026-07-30T22:45:22Z</time>
        <extensions>
          <gpxtpx:TrackPointExtension>
            <gpxtpx:hr>146</gpxtpx:hr>
          </gpxtpx:TrackPointExtension>
        </extensions>
      </trkpt>
      <trkpt lat="29.6024937357834" lon="106.31958857714193">
        <ele>253.1827392578125</ele>
        <time>2026-07-30T22:45:25Z</time>
        <extensions>
          <gpxtpx:TrackPointExtension>
            <gpxtpx:hr>146</gpxtpx:hr>
          </gpxtpx:TrackPointExtension>
        </extensions>
      </trkpt>
      <trkpt lat="29.602560759144993" lon="106.31952131261326">
        <ele>256.4532470703125</ele>
        <time>2026-07-30T22:45:28Z</time>
        <extensions>
          <gpxtpx:TrackPointExtension>
            <gpxtpx:hr>145</gpxtpx:hr>
          </gpxtpx:TrackPointExtension>
        </extensions>
      </trkpt>
      <trkpt lat="29.602646749994296" lon="106.31951232961877">
        <ele>258.460693359375</ele>
        <time>2026-07-30T22:45:31Z</time>
        <extensions>
          <gpxtpx:TrackPointExtension>
            <gpxtpx:hr>145</gpxtpx:hr>
          </gpxtpx:TrackPointExtension>
        </extensions>
      </trkpt>
      <trkpt lat="29.602711697731998" lon="106.31952928378118">
        <ele>257.5543212890625</ele>
        <time>2026-07-30T22:45:34Z</time>
        <extensions>
          <gpxtpx:TrackPointExtension>
            <gpxtpx:hr>146</gpxtpx:hr>
          </gpxtpx:TrackPointExtension>
        </extensions>
      </trkpt>
      <trkpt lat="29.60277369974187" lon="106.31951830716585">
        <ele>256.6282958984375</ele>
        <time>2026-07-30T22:45:40Z</time>
        <extensions>
          <gpxtpx:TrackPointExtension>
            <gpxtpx:hr>146</gpxtpx:hr>
          </gpxtpx:TrackPointExtension>
        </extensions>
      </trkpt>
      <trkpt lat="29.60293219053691" lon="106.31923599523866">
        <ele>256.53173828125</ele>
        <time>2026-07-30T22:45:49Z</time>
        <extensions>
          <gpxtpx:TrackPointExtension>
            <gpxtpx:hr>147</gpxtpx:hr>
          </gpxtpx:TrackPointExtension>
        </extensions>
      </trkpt>
      <trkpt lat="29.602962986189542" lon="106.31914255608382">
        <ele>255.05230712890625</ele>
        <time>2026-07-30T22:45:52Z</time>
        <extensions>
          <gpxtpx:TrackPointExtension>
            <gpxtpx:hr>147</gpxtpx:hr>
          </gpxtpx:TrackPointExtension>
        </extensions>
      </trkpt>
      <trkpt lat="29.60297170284032" lon="106.31893390474144">
        <ele>250.41387939453125</ele>
        <time>2026-07-30T22:46:01Z</time>
        <extensions>
          <gpxtpx:TrackPointExtension>
            <gpxtpx:hr>143</gpxtpx:hr>
          </gpxtpx:TrackPointExtension>
        </extensions>
      </trkpt>
      <trkpt lat="29.602953121835068" lon="106.3188555371107">
        <ele>251.0592041015625</ele>
        <time>2026-07-30T22:46:04Z</time>
        <extensions>
          <gpxtpx:TrackPointExtension>
            <gpxtpx:hr>142</gpxtpx:hr>
          </gpxtpx:TrackPointExtension>
        </extensions>
      </trkpt>
      <trkpt lat="29.602904288715976" lon="106.31876513565088">
        <ele>253.25634765625</ele>
        <time>2026-07-30T22:46:07Z</time>
        <extensions>
          <gpxtpx:TrackPointExtension>
            <gpxtpx:hr>142</gpxtpx:hr>
          </gpxtpx:TrackPointExtension>
        </extensions>
      </trkpt>
      <trkpt lat="29.60288471182443" lon="106.31864878587663">
        <ele>253.62060546875</ele>
        <time>2026-07-30T22:46:10Z</time>
        <extensions>
          <gpxtpx:TrackPointExtension>
            <gpxtpx:hr>141</gpxtpx:hr>
          </gpxtpx:TrackPointExtension>
        </extensions>
      </trkpt>
      <trkpt lat="29.602915512660978" lon="106.318295648966">
        <ele>264.4915771484375</ele>
        <time>2026-07-30T22:46:19Z</time>
        <extensions>
          <gpxtpx:TrackPointExtension>
            <gpxtpx:hr>142</gpxtpx:hr>
          </gpxtpx:TrackPointExtension>
        </extensions>
      </trkpt>
      <trkpt lat="29.6029150450206" lon="106.31823142912623">
        <ele>264.580078125</ele>
        <time>2026-07-30T22:46:22Z</time>
        <extensions>
          <gpxtpx:TrackPointExtension>
            <gpxtpx:hr>142</gpxtpx:hr>
          </gpxtpx:TrackPointExtension>
        </extensions>
      </trkpt>
      <trkpt lat="29.602939231778993" lon="106.31816463832148">
        <ele>259.5283203125</ele>
        <time>2026-07-30T22:46:25Z</time>
        <extensions>
          <gpxtpx:TrackPointExtension>
            <gpxtpx:hr>141</gpxtpx:hr>
          </gpxtpx:TrackPointExtension>
        </extensions>
      </trkpt>
      <trkpt lat="29.602966671708558" lon="106.31792921661835">
        <ele>255.70013427734375</ele>
        <time>2026-07-30T22:46:34Z</time>
        <extensions>
          <gpxtpx:TrackPointExtension>
            <gpxtpx:hr>140</gpxtpx:hr>
          </gpxtpx:TrackPointExtension>
        </extensions>
      </trkpt>
      <trkpt lat="29.6029430055009" lon="106.31775764049442">
        <ele>257.0977783203125</ele>
        <time>2026-07-30T22:46:40Z</time>
        <extensions>
          <gpxtpx:TrackPointExtension>
            <gpxtpx:hr>139</gpxtpx:hr>
          </gpxtpx:TrackPointExtension>
        </extensions>
      </trkpt>
      <trkpt lat="29.602968369699497" lon="106.31756212012202">
        <ele>257.2735595703125</ele>
        <time>2026-07-30T22:46:46Z</time>
        <extensions>
          <gpxtpx:TrackPointExtension>
            <gpxtpx:hr>139</gpxtpx:hr>
          </gpxtpx:TrackPointExtension>
        </extensions>
      </trkpt>
      <trkpt lat="29.602965028721528" lon="106.31721597152135">
        <ele>258.975341796875</ele>
        <time>2026-07-30T22:46:58Z</time>
        <extensions>
          <gpxtpx:TrackPointExtension>
            <gpxtpx:hr>139</gpxtpx:hr>
          </gpxtpx:TrackPointExtension>
        </extensions>
      </trkpt>
      <trkpt lat="29.602939252626204" lon="106.31710225253387">
        <ele>257.97021484375</ele>
        <time>2026-07-30T22:47:04Z</time>
        <extensions>
          <gpxtpx:TrackPointExtension>
            <gpxtpx:hr>139</gpxtpx:hr>
          </gpxtpx:TrackPointExtension>
        </extensions>
      </trkpt>
      <trkpt lat="29.602962857104668" lon="106.31678004239917">
        <ele>258.3018798828125</ele>
        <time>2026-07-30T22:47:16Z</time>
        <extensions>
          <gpxtpx:TrackPointExtension>
            <gpxtpx:hr>141</gpxtpx:hr>
          </gpxtpx:TrackPointExtension>
        </extensions>
      </trkpt>
      <trkpt lat="29.60296000938354" lon="106.31670023843564">
        <ele>260.074951171875</ele>
        <time>2026-07-30T22:47:19Z</time>
        <extensions>
          <gpxtpx:TrackPointExtension>
            <gpxtpx:hr>142</gpxtpx:hr>
          </gpxtpx:TrackPointExtension>
        </extensions>
      </trkpt>
      <trkpt lat="29.602894612128065" lon="106.31650189071635">
        <ele>262.0360107421875</ele>
        <time>2026-07-30T22:47:25Z</time>
        <extensions>
          <gpxtpx:TrackPointExtension>
            <gpxtpx:hr>140</gpxtpx:hr>
          </gpxtpx:TrackPointExtension>
        </extensions>
      </trkpt>
      <trkpt lat="29.602850917953578" lon="106.31643888057236">
        <ele>262.98388671875</ele>
        <time>2026-07-30T22:47:28Z</time>
        <extensions>
          <gpxtpx:TrackPointExtension>
            <gpxtpx:hr>141</gpxtpx:hr>
          </gpxtpx:TrackPointExtension>
        </extensions>
      </trkpt>
      <trkpt lat="29.60276463275171" lon="106.31640297937273">
        <ele>265.076171875</ele>
        <time>2026-07-30T22:47:34Z</time>
        <extensions>
          <gpxtpx:TrackPointExtension>
            <gpxtpx:hr>140</gpxtpx:hr>
          </gpxtpx:TrackPointExtension>
        </extensions>
      </trkpt>
      <trkpt lat="29.602655628269126" lon="106.31642293702377">
        <ele>266.67352294921875</ele>
        <time>2026-07-30T22:47:40Z</time>
        <extensions>
          <gpxtpx:TrackPointExtension>
            <gpxtpx:hr>139</gpxtpx:hr>
          </gpxtpx:TrackPointExtension>
        </extensions>
      </trkpt>
      <trkpt lat="29.602611596358056" lon="106.31644688097346">
        <ele>265.9154052734375</ele>
        <time>2026-07-30T22:47:43Z</time>
        <extensions>
          <gpxtpx:TrackPointExtension>
            <gpxtpx:hr>139</gpxtpx:hr>
          </gpxtpx:TrackPointExtension>
        </extensions>
      </trkpt>
      <trkpt lat="29.60255447767461" lon="106.31651870827885">
        <ele>263.357421875</ele>
        <time>2026-07-30T22:47:46Z</time>
        <extensions>
          <gpxtpx:TrackPointExtension>
            <gpxtpx:hr>140</gpxtpx:hr>
          </gpxtpx:TrackPointExtension>
        </extensions>
      </trkpt>
      <trkpt lat="29.60253135612732" lon="106.31658654328474">
        <ele>263.7557373046875</ele>
        <time>2026-07-30T22:47:49Z</time>
        <extensions>
          <gpxtpx:TrackPointExtension>
            <gpxtpx:hr>140</gpxtpx:hr>
          </gpxtpx:TrackPointExtension>
        </extensions>
      </trkpt>
      <trkpt lat="29.60251389593248" lon="106.31683194211297">
        <ele>266.38067626953125</ele>
        <time>2026-07-30T22:47:58Z</time>
        <extensions>
          <gpxtpx:TrackPointExtension>
            <gpxtpx:hr>135</gpxtpx:hr>
          </gpxtpx:TrackPointExtension>
        </extensions>
      </trkpt>
      <trkpt lat="29.6025735311434" lon="106.31701449023059">
        <ele>263.754150390625</ele>
        <time>2026-07-30T22:48:07Z</time>
        <extensions>
          <gpxtpx:TrackPointExtension>
            <gpxtpx:hr>133</gpxtpx:hr>
          </gpxtpx:TrackPointExtension>
        </extensions>
      </trkpt>
      <trkpt lat="29.60255312621406" lon="106.31723095956647">
        <ele>262.4327392578125</ele>
        <time>2026-07-30T22:48:16Z</time>
        <extensions>
          <gpxtpx:TrackPointExtension>
            <gpxtpx:hr>134</gpxtpx:hr>
          </gpxtpx:TrackPointExtension>
        </extensions>
      </trkpt>
      <trkpt lat="29.602526942761966" lon="106.31733171346649">
        <ele>262.9573974609375</ele>
        <time>2026-07-30T22:48:22Z</time>
        <extensions>
          <gpxtpx:TrackPointExtension>
            <gpxtpx:hr>134</gpxtpx:hr>
          </gpxtpx:TrackPointExtension>
        </extensions>
      </trkpt>
      <trkpt lat="29.602349733415835" lon="106.31747038316644">
        <ele>264.94329833984375</ele>
        <time>2026-07-30T22:48:31Z</time>
        <extensions>
          <gpxtpx:TrackPointExtension>
            <gpxtpx:hr>133</gpxtpx:hr>
          </gpxtpx:TrackPointExtension>
        </extensions>
      </trkpt>
      <trkpt lat="29.60202673185057" lon="106.3175232725848">
        <ele>266.292236328125</ele>
        <time>2026-07-30T22:48:46Z</time>
        <extensions>
          <gpxtpx:TrackPointExtension>
            <gpxtpx:hr>133</gpxtpx:hr>
          </gpxtpx:TrackPointExtension>
        </extensions>
      </trkpt>
      <trkpt lat="29.601917564218816" lon="106.31762901900989">
        <ele>259.842041015625</ele>
        <time>2026-07-30T22:48:52Z</time>
        <extensions>
          <gpxtpx:TrackPointExtension>
            <gpxtpx:hr>133</gpxtpx:hr>
          </gpxtpx:TrackPointExtension>
        </extensions>
      </trkpt>
      <trkpt lat="29.60189386145805" lon="106.31800210193684">
        <ele>259.3502197265625</ele>
        <time>2026-07-30T22:49:04Z</time>
        <extensions>
          <gpxtpx:TrackPointExtension>
            <gpxtpx:hr>133</gpxtpx:hr>
          </gpxtpx:TrackPointExtension>
        </extensions>
      </trkpt>
      <trkpt lat="29.60187845389867" lon="106.31821856952386">
        <ele>259.15667724609375</ele>
        <time>2026-07-30T22:49:13Z</time>
        <extensions>
          <gpxtpx:TrackPointExtension>
            <gpxtpx:hr>134</gpxtpx:hr>
          </gpxtpx:TrackPointExtension>
        </extensions>
      </trkpt>
      <trkpt lat="29.601858273822707" lon="106.31831632977986">
        <ele>259.55633544921875</ele>
        <time>2026-07-30T22:49:16Z</time>
        <extensions>
          <gpxtpx:TrackPointExtension>
            <gpxtpx:hr>135</gpxtpx:hr>
          </gpxtpx:TrackPointExtension>
        </extensions>
      </trkpt>
      <trkpt lat="29.601866957445782" lon="106.31848092342456">
        <ele>260.15484619140625</ele>
        <time>2026-07-30T22:49:22Z</time>
        <extensions>
          <gpxtpx:TrackPointExtension>
            <gpxtpx:hr>137</gpxtpx:hr>
          </gpxtpx:TrackPointExtension>
        </extensions>
      </trkpt>
      <trkpt lat="29.601848312537495" lon="106.31882208285532">
        <ele>263.63006591796875</ele>
        <time>2026-07-30T22:49:34Z</time>
        <extensions>
          <gpxtpx:TrackPointExtension>
            <gpxtpx:hr>134</gpxtpx:hr>
          </gpxtpx:TrackPointExtension>
        </extensions>
      </trkpt>
      <trkpt lat="29.601869711982477" lon="106.31913331312266">
        <ele>261.54931640625</ele>
        <time>2026-07-30T22:49:46Z</time>
        <extensions>
          <gpxtpx:TrackPointExtension>
            <gpxtpx:hr>135</gpxtpx:hr>
          </gpxtpx:TrackPointExtension>
        </extensions>
      </trkpt>
      <trkpt lat="29.601867569794646" lon="106.3192081284506">
        <ele>261.615966796875</ele>
        <time>2026-07-30T22:49:49Z</time>
        <extensions>
          <gpxtpx:TrackPointExtension>
            <gpxtpx:hr>135</gpxtpx:hr>
          </gpxtpx:TrackPointExtension>
        </extensions>
      </trkpt>
      <trkpt lat="29.601910373790293" lon="106.31930388927944">
        <ele>257.876220703125</ele>
        <time>2026-07-30T22:49:55Z</time>
        <extensions>
          <gpxtpx:TrackPointExtension>
            <gpxtpx:hr>135</gpxtpx:hr>
          </gpxtpx:TrackPointExtension>
        </extensions>
      </trkpt>
      <trkpt lat="29.601906662148412" lon="106.31967696733476">
        <ele>262.62969970703125</ele>
        <time>2026-07-30T22:50:07Z</time>
        <extensions>
          <gpxtpx:TrackPointExtension>
            <gpxtpx:hr>136</gpxtpx:hr>
          </gpxtpx:TrackPointExtension>
        </extensions>
      </trkpt>
      <trkpt lat="29.601905998672535" lon="106.32002410869403">
        <ele>262.17120361328125</ele>
        <time>2026-07-30T22:50:19Z</time>
        <extensions>
          <gpxtpx:TrackPointExtension>
            <gpxtpx:hr>137</gpxtpx:hr>
          </gpxtpx:TrackPointExtension>
        </extensions>
      </trkpt>
      <trkpt lat="29.6019551056982" lon="106.3199602636927">
        <ele>260.9923095703125</ele>
        <time>2026-07-30T22:50:28Z</time>
        <extensions>
          <gpxtpx:TrackPointExtension>
            <gpxtpx:hr>136</gpxtpx:hr>
          </gpxtpx:TrackPointExtension>
        </extensions>
      </trkpt>
      <trkpt lat="29.60201909561402" lon="106.31995527217204">
        <ele>257.459716796875</ele>
        <time>2026-07-30T22:50:31Z</time>
        <extensions>
          <gpxtpx:TrackPointExtension>
            <gpxtpx:hr>136</gpxtpx:hr>
          </gpxtpx:TrackPointExtension>
        </extensions>
      </trkpt>
      <trkpt lat="29.602163146830765" lon="106.31990538687434">
        <ele>254.6986083984375</ele>
        <time>2026-07-30T22:50:37Z</time>
        <extensions>
          <gpxtpx:TrackPointExtension>
            <gpxtpx:hr>138</gpxtpx:hr>
          </gpxtpx:TrackPointExtension>
        </extensions>
      </trkpt>
      <trkpt lat="29.602262503000347" lon="106.31990328793462">
        <ele>256.03656005859375</ele>
        <time>2026-07-30T22:50:40Z</time>
        <extensions>
          <gpxtpx:TrackPointExtension>
            <gpxtpx:hr>140</gpxtpx:hr>
          </gpxtpx:TrackPointExtension>
        </extensions>
      </trkpt>
      <trkpt lat="29.6023441352586" lon="106.31988243271215">
        <ele>257.192626953125</ele>
        <time>2026-07-30T22:50:43Z</time>
        <extensions>
          <gpxtpx:TrackPointExtension>
            <gpxtpx:hr>140</gpxtpx:hr>
          </gpxtpx:TrackPointExtension>
        </extensions>
      </trkpt>
      <trkpt lat="29.60240018294244" lon="106.31984851322787">
        <ele>257.13861083984375</ele>
        <time>2026-07-30T22:50:46Z</time>
        <extensions>
          <gpxtpx:TrackPointExtension>
            <gpxtpx:hr>134</gpxtpx:hr>
          </gpxtpx:TrackPointExtension>
        </extensions>
      </trkpt>
      <trkpt lat="29.602441277156267" lon="106.31979264892014">
        <ele>260.1337890625</ele>
        <time>2026-07-30T22:50:49Z</time>
        <extensions>
          <gpxtpx:TrackPointExtension>
            <gpxtpx:hr>134</gpxtpx:hr>
          </gpxtpx:TrackPointExtension>
        </extensions>
      </trkpt>
      <trkpt lat="29.60247161487283" lon="106.31961109604202">
        <ele>258.94921875</ele>
        <time>2026-07-30T22:50:58Z</time>
        <extensions>
          <gpxtpx:TrackPointExtension>
            <gpxtpx:hr>133</gpxtpx:hr>
          </gpxtpx:TrackPointExtension>
        </extensions>
      </trkpt>
      <trkpt lat="29.60250770104479" lon="106.31956021964106">
        <ele>257.3917236328125</ele>
        <time>2026-07-30T22:51:01Z</time>
        <extensions>
          <gpxtpx:TrackPointExtension>
            <gpxtpx:hr>134</gpxtpx:hr>
          </gpxtpx:TrackPointExtension>
        </extensions>
      </trkpt>
      <trkpt lat="29.60260473044562" lon="106.31952929023369">
        <ele>263.717529296875</ele>
        <time>2026-07-30T22:51:07Z</time>
        <extensions>
          <gpxtpx:TrackPointExtension>
            <gpxtpx:hr>133</gpxtpx:hr>
          </gpxtpx:TrackPointExtension>
        </extensions>
      </trkpt>
      <trkpt lat="29.602757649374723" lon="106.31954723662196">
        <ele>261.52679443359375</ele>
        <time>2026-07-30T22:51:16Z</time>
        <extensions>
          <gpxtpx:TrackPointExtension>
            <gpxtpx:hr>132</gpxtpx:hr>
          </gpxtpx:TrackPointExtension>
        </extensions>
      </trkpt>
      <trkpt lat="29.602890056724213" lon="106.31931280800598">
        <ele>252.951171875</ele>
        <time>2026-07-30T22:51:25Z</time>
        <extensions>
          <gpxtpx:TrackPointExtension>
            <gpxtpx:hr>132</gpxtpx:hr>
          </gpxtpx:TrackPointExtension>
        </extensions>
      </trkpt>
      <trkpt lat="29.6029609043156" lon="106.31905291655944">
        <ele>247.625</ele>
        <time>2026-07-30T22:51:34Z</time>
        <extensions>
          <gpxtpx:TrackPointExtension>
            <gpxtpx:hr>132</gpxtpx:hr>
          </gpxtpx:TrackPointExtension>
        </extensions>
      </trkpt>
      <trkpt lat="29.602950320845576" lon="106.31892883587608">
        <ele>247.42742919921875</ele>
        <time>2026-07-30T22:51:37Z</time>
        <extensions>
          <gpxtpx:TrackPointExtension>
            <gpxtpx:hr>134</gpxtpx:hr>
          </gpxtpx:TrackPointExtension>
        </extensions>
      </trkpt>
      <trkpt lat="29.602888540545706" lon="106.31875538748926">
        <ele>250.0411376953125</ele>
        <time>2026-07-30T22:51:43Z</time>
        <extensions>
          <gpxtpx:TrackPointExtension>
            <gpxtpx:hr>136</gpxtpx:hr>
          </gpxtpx:TrackPointExtension>
        </extensions>
      </trkpt>
      <trkpt lat="29.602877571430156" lon="106.31855070704245">
        <ele>250.027587890625</ele>
        <time>2026-07-30T22:51:49Z</time>
        <extensions>
          <gpxtpx:TrackPointExtension>
            <gpxtpx:hr>137</gpxtpx:hr>
          </gpxtpx:TrackPointExtension>
        </extensions>
      </trkpt>
      <trkpt lat="29.602926218652556" lon="106.31817361698225">
        <ele>254.9730224609375</ele>
        <time>2026-07-30T22:52:01Z</time>
        <extensions>
          <gpxtpx:TrackPointExtension>
            <gpxtpx:hr>140</gpxtpx:hr>
          </gpxtpx:TrackPointExtension>
        </extensions>
      </trkpt>
      <trkpt lat="29.602948764529742" lon="106.31788333069747">
        <ele>255.96575927734375</ele>
        <time>2026-07-30T22:52:13Z</time>
        <extensions>
          <gpxtpx:TrackPointExtension>
            <gpxtpx:hr>141</gpxtpx:hr>
          </gpxtpx:TrackPointExtension>
        </extensions>
      </trkpt>
      <trkpt lat="29.60294666980161" lon="106.31750391018552">
        <ele>257.94903564453125</ele>
        <time>2026-07-30T22:52:25Z</time>
        <extensions>
          <gpxtpx:TrackPointExtension>
            <gpxtpx:hr>139</gpxtpx:hr>
          </gpxtpx:TrackPointExtension>
        </extensions>
      </trkpt>
      <trkpt lat="29.60297603104674" lon="106.3172129782137">
        <ele>257.8702392578125</ele>
        <time>2026-07-30T22:52:37Z</time>
        <extensions>
          <gpxtpx:TrackPointExtension>
            <gpxtpx:hr>138</gpxtpx:hr>
          </gpxtpx:TrackPointExtension>
        </extensions>
      </trkpt>
      <trkpt lat="29.602942689099113" lon="106.3168718183105">
        <ele>257.3988037109375</ele>
        <time>2026-07-30T22:52:49Z</time>
        <extensions>
          <gpxtpx:TrackPointExtension>
            <gpxtpx:hr>138</gpxtpx:hr>
          </gpxtpx:TrackPointExtension>
        </extensions>
      </trkpt>
      <trkpt lat="29.602976049484173" lon="106.31665431810315">
        <ele>259.816650390625</ele>
        <time>2026-07-30T22:52:58Z</time>
        <extensions>
          <gpxtpx:TrackPointExtension>
            <gpxtpx:hr>138</gpxtpx:hr>
          </gpxtpx:TrackPointExtension>
        </extensions>
      </trkpt>
      <trkpt lat="29.6029466673838" lon="106.31655209669708">
        <ele>259.21929931640625</ele>
        <time>2026-07-30T22:53:01Z</time>
        <extensions>
          <gpxtpx:TrackPointExtension>
            <gpxtpx:hr>137</gpxtpx:hr>
          </gpxtpx:TrackPointExtension>
        </extensions>
      </trkpt>
      <trkpt lat="29.602895461324696" lon="106.31647978402349">
        <ele>258.8406982421875</ele>
        <time>2026-07-30T22:53:04Z</time>
        <extensions>
          <gpxtpx:TrackPointExtension>
            <gpxtpx:hr>137</gpxtpx:hr>
          </gpxtpx:TrackPointExtension>
        </extensions>
      </trkpt>
      <trkpt lat="29.602766630250475" lon="106.31640397680667">
        <ele>261.1998291015625</ele>
        <time>2026-07-30T22:53:10Z</time>
        <extensions>
          <gpxtpx:TrackPointExtension>
            <gpxtpx:hr>139</gpxtpx:hr>
          </gpxtpx:TrackPointExtension>
        </extensions>
      </trkpt>
      <trkpt lat="29.60261456651099" lon="106.31645613728814">
        <ele>265.0701904296875</ele>
        <time>2026-07-30T22:53:19Z</time>
        <extensions>
          <gpxtpx:TrackPointExtension>
            <gpxtpx:hr>137</gpxtpx:hr>
          </gpxtpx:TrackPointExtension>
        </extensions>
      </trkpt>
      <trkpt lat="29.60256046449505" lon="106.31652469323838">
        <ele>262.76129150390625</ele>
        <time>2026-07-30T22:53:23Z</time>
        <extensions>
          <gpxtpx:TrackPointExtension>
            <gpxtpx:hr>136</gpxtpx:hr>
          </gpxtpx:TrackPointExtension>
        </extensions>
      </trkpt>
      <trkpt lat="29.602529328371592" lon="106.3166015066991">
        <ele>262.60833740234375</ele>
        <time>2026-07-30T22:53:26Z</time>
        <extensions>
          <gpxtpx:TrackPointExtension>
            <gpxtpx:hr>135</gpxtpx:hr>
          </gpxtpx:TrackPointExtension>
        </extensions>
      </trkpt>
      <trkpt lat="29.60255067071733" lon="106.31694466311392">
        <ele>258.2152099609375</ele>
        <time>2026-07-30T22:53:38Z</time>
        <extensions>
          <gpxtpx:TrackPointExtension>
            <gpxtpx:hr>134</gpxtpx:hr>
          </gpxtpx:TrackPointExtension>
        </extensions>
      </trkpt>
      <trkpt lat="29.602577111294305" lon="106.31723494831338">
        <ele>255.50274658203125</ele>
        <time>2026-07-30T22:53:50Z</time>
        <extensions>
          <gpxtpx:TrackPointExtension>
            <gpxtpx:hr>138</gpxtpx:hr>
          </gpxtpx:TrackPointExtension>
        </extensions>
      </trkpt>
      <trkpt lat="29.602471853438757" lon="106.31738757942937">
        <ele>259.1556396484375</ele>
        <time>2026-07-30T22:53:56Z</time>
        <extensions>
          <gpxtpx:TrackPointExtension>
            <gpxtpx:hr>138</gpxtpx:hr>
          </gpxtpx:TrackPointExtension>
        </extensions>
      </trkpt>
      <trkpt lat="29.602330739232144" lon="106.3174703843112">
        <ele>262.802978515625</ele>
        <time>2026-07-30T22:54:02Z</time>
        <extensions>
          <gpxtpx:TrackPointExtension>
            <gpxtpx:hr>138</gpxtpx:hr>
          </gpxtpx:TrackPointExtension>
        </extensions>
      </trkpt>
      <trkpt lat="29.601997700914083" lon="106.31754422280049">
        <ele>263.96356201171875</ele>
        <time>2026-07-30T22:54:17Z</time>
        <extensions>
          <gpxtpx:TrackPointExtension>
            <gpxtpx:hr>140</gpxtpx:hr>
          </gpxtpx:TrackPointExtension>
        </extensions>
      </trkpt>
      <trkpt lat="29.601923651529894" lon="106.3175821340039">
        <ele>259.72607421875</ele>
        <time>2026-07-30T22:54:20Z</time>
        <extensions>
          <gpxtpx:TrackPointExtension>
            <gpxtpx:hr>140</gpxtpx:hr>
          </gpxtpx:TrackPointExtension>
        </extensions>
      </trkpt>
      <trkpt lat="29.601890475747208" lon="106.31767989544689">
        <ele>258.649169921875</ele>
        <time>2026-07-30T22:54:23Z</time>
        <extensions>
          <gpxtpx:TrackPointExtension>
            <gpxtpx:hr>144</gpxtpx:hr>
          </gpxtpx:TrackPointExtension>
        </extensions>
      </trkpt>
      <trkpt lat="29.601880791386694" lon="106.31804100689268">
        <ele>257.56591796875</ele>
        <time>2026-07-30T22:54:35Z</time>
        <extensions>
          <gpxtpx:TrackPointExtension>
            <gpxtpx:hr>148</gpxtpx:hr>
          </gpxtpx:TrackPointExtension>
        </extensions>
      </trkpt>
      <trkpt lat="29.601880346885252" lon="106.31827443172521">
        <ele>253.9776611328125</ele>
        <time>2026-07-30T22:54:44Z</time>
        <extensions>
          <gpxtpx:TrackPointExtension>
            <gpxtpx:hr>150</gpxtpx:hr>
          </gpxtpx:TrackPointExtension>
        </extensions>
      </trkpt>
      <trkpt lat="29.601851827058077" lon="106.31855174965577">
        <ele>256.2076416015625</ele>
        <time>2026-07-30T22:54:53Z</time>
        <extensions>
          <gpxtpx:TrackPointExtension>
            <gpxtpx:hr>149</gpxtpx:hr>
          </gpxtpx:TrackPointExtension>
        </extensions>
      </trkpt>
      <trkpt lat="29.60185220856517" lon="106.31887594965966">
        <ele>260.42041015625</ele>
        <time>2026-07-30T22:55:02Z</time>
        <extensions>
          <gpxtpx:TrackPointExtension>
            <gpxtpx:hr>148</gpxtpx:hr>
          </gpxtpx:TrackPointExtension>
        </extensions>
      </trkpt>
      <trkpt lat="29.60187052888626" lon="106.31922907652238">
        <ele>257.55975341796875</ele>
        <time>2026-07-30T22:55:14Z</time>
        <extensions>
          <gpxtpx:TrackPointExtension>
            <gpxtpx:hr>146</gpxtpx:hr>
          </gpxtpx:TrackPointExtension>
        </extensions>
      </trkpt>
      <trkpt lat="29.601923034545873" lon="106.31947945464292">
        <ele>256.000244140625</ele>
        <time>2026-07-30T22:55:23Z</time>
        <extensions>
          <gpxtpx:TrackPointExtension>
            <gpxtpx:hr>144</gpxtpx:hr>
          </gpxtpx:TrackPointExtension>
        </extensions>
      </trkpt>
      <trkpt lat="29.601910333049133" lon="106.31984854278012">
        <ele>260.04443359375</ele>
        <time>2026-07-30T22:55:35Z</time>
        <extensions>
          <gpxtpx:TrackPointExtension>
            <gpxtpx:hr>147</gpxtpx:hr>
          </gpxtpx:TrackPointExtension>
        </extensions>
      </trkpt>
      <trkpt lat="29.6018939699306" lon="106.32004106745808">
        <ele>260.3487548828125</ele>
        <time>2026-07-30T22:55:41Z</time>
        <extensions>
          <gpxtpx:TrackPointExtension>
            <gpxtpx:hr>147</gpxtpx:hr>
          </gpxtpx:TrackPointExtension>
        </extensions>
      </trkpt>
      <trkpt lat="29.601969076615966" lon="106.31997323076544">
        <ele>256.776611328125</ele>
        <time>2026-07-30T22:55:47Z</time>
        <extensions>
          <gpxtpx:TrackPointExtension>
            <gpxtpx:hr>146</gpxtpx:hr>
          </gpxtpx:TrackPointExtension>
        </extensions>
      </trkpt>
      <trkpt lat="29.60216113981647" lon="106.3199093771244">
        <ele>251.58587646484375</ele>
        <time>2026-07-30T22:55:56Z</time>
        <extensions>
          <gpxtpx:TrackPointExtension>
            <gpxtpx:hr>145</gpxtpx:hr>
          </gpxtpx:TrackPointExtension>
        </extensions>
      </trkpt>
      <trkpt lat="29.602326127422167" lon="106.31988941652499">
        <ele>248.12939453125</ele>
        <time>2026-07-30T22:56:02Z</time>
        <extensions>
          <gpxtpx:TrackPointExtension>
            <gpxtpx:hr>145</gpxtpx:hr>
          </gpxtpx:TrackPointExtension>
        </extensions>
      </trkpt>
      <trkpt lat="29.602380255790273" lon="106.31981360078896">
        <ele>252.3455810546875</ele>
        <time>2026-07-30T22:56:05Z</time>
        <extensions>
          <gpxtpx:TrackPointExtension>
            <gpxtpx:hr>145</gpxtpx:hr>
          </gpxtpx:TrackPointExtension>
        </extensions>
      </trkpt>
      <trkpt lat="29.602426556223186" lon="106.3196490050364">
        <ele>257.96392822265625</ele>
        <time>2026-07-30T22:56:11Z</time>
        <extensions>
          <gpxtpx:TrackPointExtension>
            <gpxtpx:hr>142</gpxtpx:hr>
          </gpxtpx:TrackPointExtension>
        </extensions>
      </trkpt>
      <trkpt lat="29.602468688204503" lon="106.31957318993514">
        <ele>256.8863525390625</ele>
        <time>2026-07-30T22:56:14Z</time>
        <extensions>
          <gpxtpx:TrackPointExtension>
            <gpxtpx:hr>138</gpxtpx:hr>
          </gpxtpx:TrackPointExtension>
        </extensions>
      </trkpt>
      <trkpt lat="29.60262873834983" lon="106.31952130851262">
        <ele>260.7568359375</ele>
        <time>2026-07-30T22:56:23Z</time>
        <extensions>
          <gpxtpx:TrackPointExtension>
            <gpxtpx:hr>140</gpxtpx:hr>
          </gpxtpx:TrackPointExtension>
        </extensions>
      </trkpt>
      <trkpt lat="29.602737657392726" lon="106.31954624029395">
        <ele>262.22021484375</ele>
        <time>2026-07-30T22:56:29Z</time>
        <extensions>
          <gpxtpx:TrackPointExtension>
            <gpxtpx:hr>139</gpxtpx:hr>
          </gpxtpx:TrackPointExtension>
        </extensions>
      </trkpt>
      <trkpt lat="29.602786743401932" lon="106.31949336802397">
        <ele>257.6336669921875</ele>
        <time>2026-07-30T22:56:35Z</time>
        <extensions>
          <gpxtpx:TrackPointExtension>
            <gpxtpx:hr>138</gpxtpx:hr>
          </gpxtpx:TrackPointExtension>
        </extensions>
      </trkpt>
      <trkpt lat="29.602932167685324" lon="106.31924796566692">
        <ele>249.5084228515625</ele>
        <time>2026-07-30T22:56:44Z</time>
        <extensions>
          <gpxtpx:TrackPointExtension>
            <gpxtpx:hr>138</gpxtpx:hr>
          </gpxtpx:TrackPointExtension>
        </extensions>
      </trkpt>
      <trkpt lat="29.602958591678636" lon="106.31916224007374">
        <ele>247.787353515625</ele>
        <time>2026-07-30T22:56:47Z</time>
        <extensions>
          <gpxtpx:TrackPointExtension>
            <gpxtpx:hr>138</gpxtpx:hr>
          </gpxtpx:TrackPointExtension>
        </extensions>
      </trkpt>
      <trkpt lat="29.602949065133913" lon="106.31893742008728">
        <ele>246.4620361328125</ele>
        <time>2026-07-30T22:56:56Z</time>
        <extensions>
          <gpxtpx:TrackPointExtension>
            <gpxtpx:hr>145</gpxtpx:hr>
          </gpxtpx:TrackPointExtension>
        </extensions>
      </trkpt>
      <trkpt lat="29.602861359758318" lon="106.31857879492809">
        <ele>247.14715576171875</ele>
        <time>2026-07-30T22:57:05Z</time>
        <extensions>
          <gpxtpx:TrackPointExtension>
            <gpxtpx:hr>144</gpxtpx:hr>
          </gpxtpx:TrackPointExtension>
        </extensions>
      </trkpt>
      <trkpt lat="29.60291518591784" lon="106.31819257094001">
        <ele>254.03228759765625</ele>
        <time>2026-07-30T22:57:17Z</time>
        <extensions>
          <gpxtpx:TrackPointExtension>
            <gpxtpx:hr>143</gpxtpx:hr>
          </gpxtpx:TrackPointExtension>
        </extensions>
      </trkpt>
      <trkpt lat="29.60295549279184" lon="106.31802498142282">
        <ele>253.24310302734375</ele>
        <time>2026-07-30T22:57:23Z</time>
        <extensions>
          <gpxtpx:TrackPointExtension>
            <gpxtpx:hr>143</gpxtpx:hr>
          </gpxtpx:TrackPointExtension>
        </extensions>
      </trkpt>
      <trkpt lat="29.60294274927771" lon="106.31789230895254">
        <ele>251.3040771484375</ele>
        <time>2026-07-30T22:57:29Z</time>
        <extensions>
          <gpxtpx:TrackPointExtension>
            <gpxtpx:hr>143</gpxtpx:hr>
          </gpxtpx:TrackPointExtension>
        </extensions>
      </trkpt>
      <trkpt lat="29.60293443887469" lon="106.31753119824462">
        <ele>252.96124267578125</ele>
        <time>2026-07-30T22:57:38Z</time>
        <extensions>
          <gpxtpx:TrackPointExtension>
            <gpxtpx:hr>144</gpxtpx:hr>
          </gpxtpx:TrackPointExtension>
        </extensions>
      </trkpt>
      <trkpt lat="29.602956506500227" lon="106.31743079783217">
        <ele>254.0823974609375</ele>
        <time>2026-07-30T22:57:41Z</time>
        <extensions>
          <gpxtpx:TrackPointExtension>
            <gpxtpx:hr>144</gpxtpx:hr>
          </gpxtpx:TrackPointExtension>
        </extensions>
      </trkpt>
      <trkpt lat="29.60295964730169" lon="106.31732839054374">
        <ele>251.41015625</ele>
        <time>2026-07-30T22:57:44Z</time>
        <extensions>
          <gpxtpx:TrackPointExtension>
            <gpxtpx:hr>144</gpxtpx:hr>
          </gpxtpx:TrackPointExtension>
        </extensions>
      </trkpt>
      <trkpt lat="29.602921581475563" lon="106.31714487321308">
        <ele>253.3839111328125</ele>
        <time>2026-07-30T22:57:50Z</time>
        <extensions>
          <gpxtpx:TrackPointExtension>
            <gpxtpx:hr>145</gpxtpx:hr>
          </gpxtpx:TrackPointExtension>
        </extensions>
      </trkpt>
      <trkpt lat="29.602914381473205" lon="106.31703841088094">
        <ele>252.89794921875</ele>
        <time>2026-07-30T22:57:53Z</time>
        <extensions>
          <gpxtpx:TrackPointExtension>
            <gpxtpx:hr>146</gpxtpx:hr>
          </gpxtpx:TrackPointExtension>
        </extensions>
      </trkpt>
      <trkpt lat="29.60292506358227" lon="106.31667729684335">
        <ele>260.7816162109375</ele>
        <time>2026-07-30T22:58:05Z</time>
        <extensions>
          <gpxtpx:TrackPointExtension>
            <gpxtpx:hr>148</gpxtpx:hr>
          </gpxtpx:TrackPointExtension>
        </extensions>
      </trkpt>
      <trkpt lat="29.602924188724604" lon="106.31661145843654">
        <ele>258.944091796875</ele>
        <time>2026-07-30T22:58:08Z</time>
        <extensions>
          <gpxtpx:TrackPointExtension>
            <gpxtpx:hr>147</gpxtpx:hr>
          </gpxtpx:TrackPointExtension>
        </extensions>
      </trkpt>
      <trkpt lat="29.602892353562865" lon="106.3165296610099">
        <ele>259.1844482421875</ele>
        <time>2026-07-30T22:58:11Z</time>
        <extensions>
          <gpxtpx:TrackPointExtension>
            <gpxtpx:hr>148</gpxtpx:hr>
          </gpxtpx:TrackPointExtension>
        </extensions>
      </trkpt>
      <trkpt lat="29.602834503621327" lon="106.31645983574518">
        <ele>266.033447265625</ele>
        <time>2026-07-30T22:58:14Z</time>
        <extensions>
          <gpxtpx:TrackPointExtension>
            <gpxtpx:hr>149</gpxtpx:hr>
          </gpxtpx:TrackPointExtension>
        </extensions>
      </trkpt>
      <trkpt lat="29.602763599036148" lon="106.31642093541093">
        <ele>266.3026123046875</ele>
        <time>2026-07-30T22:58:17Z</time>
        <extensions>
          <gpxtpx:TrackPointExtension>
            <gpxtpx:hr>149</gpxtpx:hr>
          </gpxtpx:TrackPointExtension>
        </extensions>
      </trkpt>
      <trkpt lat="29.602656644974328" lon="106.31641395897499">
        <ele>262.4884033203125</ele>
        <time>2026-07-30T22:58:23Z</time>
        <extensions>
          <gpxtpx:TrackPointExtension>
            <gpxtpx:hr>149</gpxtpx:hr>
          </gpxtpx:TrackPointExtension>
        </extensions>
      </trkpt>
      <trkpt lat="29.602598541731954" lon="106.31647780592863">
        <ele>264.24005126953125</ele>
        <time>2026-07-30T22:58:26Z</time>
        <extensions>
          <gpxtpx:TrackPointExtension>
            <gpxtpx:hr>148</gpxtpx:hr>
          </gpxtpx:TrackPointExtension>
        </extensions>
      </trkpt>
      <trkpt lat="29.602563421979504" lon="106.31654663923196">
        <ele>263.5953369140625</ele>
        <time>2026-07-30T22:58:29Z</time>
        <extensions>
          <gpxtpx:TrackPointExtension>
            <gpxtpx:hr>148</gpxtpx:hr>
          </gpxtpx:TrackPointExtension>
        </extensions>
      </trkpt>
      <trkpt lat="29.602550651784853" lon="106.31695463861642">
        <ele>260.91632080078125</ele>
        <time>2026-07-30T22:58:41Z</time>
        <extensions>
          <gpxtpx:TrackPointExtension>
            <gpxtpx:hr>147</gpxtpx:hr>
          </gpxtpx:TrackPointExtension>
        </extensions>
      </trkpt>
      <trkpt lat="29.602576407128925" lon="106.31707933076984">
        <ele>260.231201171875</ele>
        <time>2026-07-30T22:58:47Z</time>
        <extensions>
          <gpxtpx:TrackPointExtension>
            <gpxtpx:hr>147</gpxtpx:hr>
          </gpxtpx:TrackPointExtension>
        </extensions>
      </trkpt>
      <trkpt lat="29.602568155732158" lon="106.31721300279379">
        <ele>257.6507568359375</ele>
        <time>2026-07-30T22:58:53Z</time>
        <extensions>
          <gpxtpx:TrackPointExtension>
            <gpxtpx:hr>148</gpxtpx:hr>
          </gpxtpx:TrackPointExtension>
        </extensions>
      </trkpt>
      <trkpt lat="29.602447841825203" lon="106.31739755634612">
        <ele>256.5966796875</ele>
        <time>2026-07-30T22:58:59Z</time>
        <extensions>
          <gpxtpx:TrackPointExtension>
            <gpxtpx:hr>147</gpxtpx:hr>
          </gpxtpx:TrackPointExtension>
        </extensions>
      </trkpt>
      <trkpt lat="29.60227873808741" lon="106.31747936536284">
        <ele>261.18798828125</ele>
        <time>2026-07-30T22:59:05Z</time>
        <extensions>
          <gpxtpx:TrackPointExtension>
            <gpxtpx:hr>147</gpxtpx:hr>
          </gpxtpx:TrackPointExtension>
        </extensions>
      </trkpt>
      <trkpt lat="29.602029710070415" lon="106.31753424541166">
        <ele>262.068359375</ele>
        <time>2026-07-30T22:59:17Z</time>
        <extensions>
          <gpxtpx:TrackPointExtension>
            <gpxtpx:hr>149</gpxtpx:hr>
          </gpxtpx:TrackPointExtension>
        </extensions>
      </trkpt>
      <trkpt lat="29.601956643308693" lon="106.31758113446978">
        <ele>260.7421875</ele>
        <time>2026-07-30T22:59:20Z</time>
        <extensions>
          <gpxtpx:TrackPointExtension>
            <gpxtpx:hr>149</gpxtpx:hr>
          </gpxtpx:TrackPointExtension>
        </extensions>
      </trkpt>
      <trkpt lat="29.60191641844516" lon="106.31770583005125">
        <ele>260.44488525390625</ele>
        <time>2026-07-30T22:59:23Z</time>
        <extensions>
          <gpxtpx:TrackPointExtension>
            <gpxtpx:hr>148</gpxtpx:hr>
          </gpxtpx:TrackPointExtension>
        </extensions>
      </trkpt>
      <trkpt lat="29.60189467314358" lon="106.31810085860299">
        <ele>261.0499267578125</ele>
        <time>2026-07-30T22:59:35Z</time>
        <extensions>
          <gpxtpx:TrackPointExtension>
            <gpxtpx:hr>147</gpxtpx:hr>
          </gpxtpx:TrackPointExtension>
        </extensions>
      </trkpt>
      <trkpt lat="29.601881969955134" lon="106.31847194465992">
        <ele>254.9840087890625</ele>
        <time>2026-07-30T22:59:50Z</time>
        <extensions>
          <gpxtpx:TrackPointExtension>
            <gpxtpx:hr>148</gpxtpx:hr>
          </gpxtpx:TrackPointExtension>
        </extensions>
      </trkpt>
      <trkpt lat="29.601860384956836" lon="106.31878218060604">
        <ele>257.265625</ele>
        <time>2026-07-30T22:59:59Z</time>
        <extensions>
          <gpxtpx:TrackPointExtension>
            <gpxtpx:hr>148</gpxtpx:hr>
          </gpxtpx:TrackPointExtension>
        </extensions>
      </trkpt>
      <trkpt lat="29.60187167709886" lon="106.3191512686546">
        <ele>256.531005859375</ele>
        <time>2026-07-30T23:00:11Z</time>
        <extensions>
          <gpxtpx:TrackPointExtension>
            <gpxtpx:hr>148</gpxtpx:hr>
          </gpxtpx:TrackPointExtension>
        </extensions>
      </trkpt>
      <trkpt lat="29.601883481100735" lon="106.31925201906017">
        <ele>257.3739013671875</ele>
        <time>2026-07-30T23:00:14Z</time>
        <extensions>
          <gpxtpx:TrackPointExtension>
            <gpxtpx:hr>148</gpxtpx:hr>
          </gpxtpx:TrackPointExtension>
        </extensions>
      </trkpt>
      <trkpt lat="29.601927311439717" lon="106.31933381431364">
        <ele>255.852294921875</ele>
        <time>2026-07-30T23:00:17Z</time>
        <extensions>
          <gpxtpx:TrackPointExtension>
            <gpxtpx:hr>148</gpxtpx:hr>
          </gpxtpx:TrackPointExtension>
        </extensions>
      </trkpt>
      <trkpt lat="29.601942834063106" lon="106.3195812019268">
        <ele>253.6815185546875</ele>
        <time>2026-07-30T23:00:26Z</time>
        <extensions>
          <gpxtpx:TrackPointExtension>
            <gpxtpx:hr>148</gpxtpx:hr>
          </gpxtpx:TrackPointExtension>
        </extensions>
      </trkpt>
      <trkpt lat="29.601935169036086" lon="106.31993033893337">
        <ele>260.90045166015625</ele>
        <time>2026-07-30T23:00:35Z</time>
        <extensions>
          <gpxtpx:TrackPointExtension>
            <gpxtpx:hr>149</gpxtpx:hr>
          </gpxtpx:TrackPointExtension>
        </extensions>
      </trkpt>
      <trkpt lat="29.60191396570493" lon="106.32004006872002">
        <ele>261.97235107421875</ele>
        <time>2026-07-30T23:00:38Z</time>
        <extensions>
          <gpxtpx:TrackPointExtension>
            <gpxtpx:hr>149</gpxtpx:hr>
          </gpxtpx:TrackPointExtension>
        </extensions>
      </trkpt>
      <trkpt lat="29.602056135759298" lon="106.31992833657105">
        <ele>256.017578125</ele>
        <time>2026-07-30T23:00:47Z</time>
        <extensions>
          <gpxtpx:TrackPointExtension>
            <gpxtpx:hr>149</gpxtpx:hr>
          </gpxtpx:TrackPointExtension>
        </extensions>
      </trkpt>
      <trkpt lat="29.60214117263748" lon="106.31989541287729">
        <ele>253.1505126953125</ele>
        <time>2026-07-30T23:00:50Z</time>
        <extensions>
          <gpxtpx:TrackPointExtension>
            <gpxtpx:hr>149</gpxtpx:hr>
          </gpxtpx:TrackPointExtension>
        </extensions>
      </trkpt>
      <trkpt lat="29.602303166876595" lon="106.31987245985997">
        <ele>251.6290283203125</ele>
        <time>2026-07-30T23:00:56Z</time>
        <extensions>
          <gpxtpx:TrackPointExtension>
            <gpxtpx:hr>150</gpxtpx:hr>
          </gpxtpx:TrackPointExtension>
        </extensions>
      </trkpt>
      <trkpt lat="29.602366296296637" lon="106.31979464850919">
        <ele>251.49151611328125</ele>
        <time>2026-07-30T23:00:59Z</time>
        <extensions>
          <gpxtpx:TrackPointExtension>
            <gpxtpx:hr>150</gpxtpx:hr>
          </gpxtpx:TrackPointExtension>
        </extensions>
      </trkpt>
      <trkpt lat="29.602474967290803" lon="106.319550894632">
        <ele>258.55938720703125</ele>
        <time>2026-07-30T23:01:08Z</time>
        <extensions>
          <gpxtpx:TrackPointExtension>
            <gpxtpx:hr>148</gpxtpx:hr>
          </gpxtpx:TrackPointExtension>
        </extensions>
      </trkpt>
      <trkpt lat="29.602599819618884" lon="106.31948340395651">
        <ele>260.5457763671875</ele>
        <time>2026-07-30T23:01:14Z</time>
        <extensions>
          <gpxtpx:TrackPointExtension>
            <gpxtpx:hr>149</gpxtpx:hr>
          </gpxtpx:TrackPointExtension>
        </extensions>
      </trkpt>
      <trkpt lat="29.602672795393083" lon="106.31948439708884">
        <ele>261.380615234375</ele>
        <time>2026-07-30T23:01:17Z</time>
        <extensions>
          <gpxtpx:TrackPointExtension>
            <gpxtpx:hr>149</gpxtpx:hr>
          </gpxtpx:TrackPointExtension>
        </extensions>
      </trkpt>
      <trkpt lat="29.60273972537554" lon="106.31951032894197">
        <ele>260.4085693359375</ele>
        <time>2026-07-30T23:01:20Z</time>
        <extensions>
          <gpxtpx:TrackPointExtension>
            <gpxtpx:hr>148</gpxtpx:hr>
          </gpxtpx:TrackPointExtension>
        </extensions>
      </trkpt>
      <trkpt lat="29.602829044885564" lon="106.3193287722486">
        <ele>256.8514404296875</ele>
        <time>2026-07-30T23:01:29Z</time>
        <extensions>
          <gpxtpx:TrackPointExtension>
            <gpxtpx:hr>150</gpxtpx:hr>
          </gpxtpx:TrackPointExtension>
        </extensions>
      </trkpt>
      <trkpt lat="29.602910145676283" lon="106.31924870765323">
        <ele>254.0390625</ele>
        <time>2026-07-30T23:01:32Z</time>
        <extensions>
          <gpxtpx:TrackPointExtension>
            <gpxtpx:hr>151</gpxtpx:hr>
          </gpxtpx:TrackPointExtension>
        </extensions>
      </trkpt>
      <trkpt lat="29.602956326017114" lon="106.31916117859751">
        <ele>252.1871337890625</ele>
        <time>2026-07-30T23:01:35Z</time>
        <extensions>
          <gpxtpx:TrackPointExtension>
            <gpxtpx:hr>152</gpxtpx:hr>
          </gpxtpx:TrackPointExtension>
        </extensions>
      </trkpt>
      <trkpt lat="29.602951483656845" lon="106.31907938091881">
        <ele>254.2845458984375</ele>
        <time>2026-07-30T23:01:38Z</time>
        <extensions>
          <gpxtpx:TrackPointExtension>
            <gpxtpx:hr>151</gpxtpx:hr>
          </gpxtpx:TrackPointExtension>
        </extensions>
      </trkpt>
      <trkpt lat="29.602966399557953" lon="106.31896187885263">
        <ele>251.58319091796875</ele>
        <time>2026-07-30T23:01:44Z</time>
        <extensions>
          <gpxtpx:TrackPointExtension>
            <gpxtpx:hr>151</gpxtpx:hr>
          </gpxtpx:TrackPointExtension>
        </extensions>
      </trkpt>
      <trkpt lat="29.60288941997328" lon="106.31859857144066">
        <ele>252.9298095703125</ele>
        <time>2026-07-30T23:01:56Z</time>
        <extensions>
          <gpxtpx:TrackPointExtension>
            <gpxtpx:hr>149</gpxtpx:hr>
          </gpxtpx:TrackPointExtension>
        </extensions>
      </trkpt>
      <trkpt lat="29.602877833618955" lon="106.31851489525192">
        <ele>252.5396728515625</ele>
        <time>2026-07-30T23:01:59Z</time>
        <extensions>
          <gpxtpx:TrackPointExtension>
            <gpxtpx:hr>147</gpxtpx:hr>
          </gpxtpx:TrackPointExtension>
        </extensions>
      </trkpt>
      <trkpt lat="29.60291919229509" lon="106.3181885805318">
        <ele>250.275634765625</ele>
        <time>2026-07-30T23:02:11Z</time>
        <extensions>
          <gpxtpx:TrackPointExtension>
            <gpxtpx:hr>148</gpxtpx:hr>
          </gpxtpx:TrackPointExtension>
        </extensions>
      </trkpt>
      <trkpt lat="29.602953707951702" lon="106.31791225916217">
        <ele>254.6968994140625</ele>
        <time>2026-07-30T23:02:20Z</time>
        <extensions>
          <gpxtpx:TrackPointExtension>
            <gpxtpx:hr>147</gpxtpx:hr>
          </gpxtpx:TrackPointExtension>
        </extensions>
      </trkpt>
      <trkpt lat="29.602933414525957" lon="106.31754416640369">
        <ele>254.36810302734375</ele>
        <time>2026-07-30T23:02:32Z</time>
        <extensions>
          <gpxtpx:TrackPointExtension>
            <gpxtpx:hr>146</gpxtpx:hr>
          </gpxtpx:TrackPointExtension>
        </extensions>
      </trkpt>
      <trkpt lat="29.602962671128896" lon="106.3174045081465">
        <ele>248.61212158203125</ele>
        <time>2026-07-30T23:02:38Z</time>
        <extensions>
          <gpxtpx:TrackPointExtension>
            <gpxtpx:hr>144</gpxtpx:hr>
          </gpxtpx:TrackPointExtension>
        </extensions>
      </trkpt>
      <trkpt lat="29.60294501373306" lon="106.31701133777717">
        <ele>251.7864990234375</ele>
        <time>2026-07-30T23:02:50Z</time>
        <extensions>
          <gpxtpx:TrackPointExtension>
            <gpxtpx:hr>145</gpxtpx:hr>
          </gpxtpx:TrackPointExtension>
        </extensions>
      </trkpt>
      <trkpt lat="29.602942397958053" lon="106.31672132517832">
        <ele>255.845947265625</ele>
        <time>2026-07-30T23:02:59Z</time>
        <extensions>
          <gpxtpx:TrackPointExtension>
            <gpxtpx:hr>144</gpxtpx:hr>
          </gpxtpx:TrackPointExtension>
        </extensions>
      </trkpt>
      <trkpt lat="29.60288935258846" lon="106.316530658744">
        <ele>259.21484375</ele>
        <time>2026-07-30T23:03:05Z</time>
        <extensions>
          <gpxtpx:TrackPointExtension>
            <gpxtpx:hr>145</gpxtpx:hr>
          </gpxtpx:TrackPointExtension>
        </extensions>
      </trkpt>
      <trkpt lat="29.602844504346816" lon="106.31645784003497">
        <ele>263.421875</ele>
        <time>2026-07-30T23:03:08Z</time>
        <extensions>
          <gpxtpx:TrackPointExtension>
            <gpxtpx:hr>145</gpxtpx:hr>
          </gpxtpx:TrackPointExtension>
        </extensions>
      </trkpt>
      <trkpt lat="29.60278759548201" lon="106.316418938857">
        <ele>262.10198974609375</ele>
        <time>2026-07-30T23:03:11Z</time>
        <extensions>
          <gpxtpx:TrackPointExtension>
            <gpxtpx:hr>145</gpxtpx:hr>
          </gpxtpx:TrackPointExtension>
        </extensions>
      </trkpt>
      <trkpt lat="29.602715636387963" lon="106.31640896765002">
        <ele>261.25311279296875</ele>
        <time>2026-07-30T23:03:14Z</time>
        <extensions>
          <gpxtpx:TrackPointExtension>
            <gpxtpx:hr>147</gpxtpx:hr>
          </gpxtpx:TrackPointExtension>
        </extensions>
      </trkpt>
      <trkpt lat="29.60265162193153" lon="106.31642692748161">
        <ele>261.6717529296875</ele>
        <time>2026-07-30T23:03:17Z</time>
        <extensions>
          <gpxtpx:TrackPointExtension>
            <gpxtpx:hr>148</gpxtpx:hr>
          </gpxtpx:TrackPointExtension>
        </extensions>
      </trkpt>
      <trkpt lat="29.602594565640374" lon="106.31646583552309">
        <ele>262.398681640625</ele>
        <time>2026-07-30T23:03:20Z</time>
        <extensions>
          <gpxtpx:TrackPointExtension>
            <gpxtpx:hr>148</gpxtpx:hr>
          </gpxtpx:TrackPointExtension>
        </extensions>
      </trkpt>
      <trkpt lat="29.60255042406482" lon="106.3165476375682">
        <ele>264.4940185546875</ele>
        <time>2026-07-30T23:03:23Z</time>
        <extensions>
          <gpxtpx:TrackPointExtension>
            <gpxtpx:hr>148</gpxtpx:hr>
          </gpxtpx:TrackPointExtension>
        </extensions>
      </trkpt>
      <trkpt lat="29.602529260284083" lon="106.31663741859742">
        <ele>264.5277099609375</ele>
        <time>2026-07-30T23:03:26Z</time>
        <extensions>
          <gpxtpx:TrackPointExtension>
            <gpxtpx:hr>148</gpxtpx:hr>
          </gpxtpx:TrackPointExtension>
        </extensions>
      </trkpt>
      <trkpt lat="29.602521914303136" lon="106.31682096856827">
        <ele>262.2701416015625</ele>
        <time>2026-07-30T23:03:32Z</time>
        <extensions>
          <gpxtpx:TrackPointExtension>
            <gpxtpx:hr>147</gpxtpx:hr>
          </gpxtpx:TrackPointExtension>
        </extensions>
      </trkpt>
      <trkpt lat="29.602603360990997" lon="106.31709928012793">
        <ele>256.5118408203125</ele>
        <time>2026-07-30T23:03:44Z</time>
        <extensions>
          <gpxtpx:TrackPointExtension>
            <gpxtpx:hr>144</gpxtpx:hr>
          </gpxtpx:TrackPointExtension>
        </extensions>
      </trkpt>
      <trkpt lat="29.602591226377086" lon="106.31717210192019">
        <ele>258.0631103515625</ele>
        <time>2026-07-30T23:03:47Z</time>
        <extensions>
          <gpxtpx:TrackPointExtension>
            <gpxtpx:hr>145</gpxtpx:hr>
          </gpxtpx:TrackPointExtension>
        </extensions>
      </trkpt>
      <trkpt lat="29.60245886120771" lon="106.31738558511836">
        <ele>256.31146240234375</ele>
        <time>2026-07-30T23:03:56Z</time>
        <extensions>
          <gpxtpx:TrackPointExtension>
            <gpxtpx:hr>146</gpxtpx:hr>
          </gpxtpx:TrackPointExtension>
        </extensions>
      </trkpt>
      <trkpt lat="29.602299905377286" lon="106.31746650488196">
        <ele>257.0806884765625</ele>
        <time>2026-07-30T23:04:02Z</time>
        <extensions>
          <gpxtpx:TrackPointExtension>
            <gpxtpx:hr>145</gpxtpx:hr>
          </gpxtpx:TrackPointExtension>
        </extensions>
      </trkpt>
      <trkpt lat="29.602070475130887" lon="106.31752535373367">
        <ele>265.62799072265625</ele>
        <time>2026-07-30T23:04:11Z</time>
        <extensions>
          <gpxtpx:TrackPointExtension>
            <gpxtpx:hr>144</gpxtpx:hr>
          </gpxtpx:TrackPointExtension>
        </extensions>
      </trkpt>
      <trkpt lat="29.601932620319186" lon="106.31759709664765">
        <ele>264.897705078125</ele>
        <time>2026-07-30T23:04:17Z</time>
        <extensions>
          <gpxtpx:TrackPointExtension>
            <gpxtpx:hr>147</gpxtpx:hr>
          </gpxtpx:TrackPointExtension>
        </extensions>
      </trkpt>
      <trkpt lat="29.60188147850722" lon="106.31767989598919">
        <ele>265.11175537109375</ele>
        <time>2026-07-30T23:04:20Z</time>
        <extensions>
          <gpxtpx:TrackPointExtension>
            <gpxtpx:hr>147</gpxtpx:hr>
          </gpxtpx:TrackPointExtension>
        </extensions>
      </trkpt>
      <trkpt lat="29.6018867477671" lon="106.31806295247024">
        <ele>260.53753662109375</ele>
        <time>2026-07-30T23:04:32Z</time>
        <extensions>
          <gpxtpx:TrackPointExtension>
            <gpxtpx:hr>147</gpxtpx:hr>
          </gpxtpx:TrackPointExtension>
        </extensions>
      </trkpt>
      <trkpt lat="29.601862234588427" lon="106.31833628035817">
        <ele>256.146728515625</ele>
        <time>2026-07-30T23:04:44Z</time>
        <extensions>
          <gpxtpx:TrackPointExtension>
            <gpxtpx:hr>148</gpxtpx:hr>
          </gpxtpx:TrackPointExtension>
        </extensions>
      </trkpt>
      <trkpt lat="29.601847554437366" lon="106.31869539553925">
        <ele>257.4581298828125</ele>
        <time>2026-07-30T23:04:56Z</time>
        <extensions>
          <gpxtpx:TrackPointExtension>
            <gpxtpx:hr>148</gpxtpx:hr>
          </gpxtpx:TrackPointExtension>
        </extensions>
      </trkpt>
      <trkpt lat="29.601854830807664" lon="106.31907346183922">
        <ele>258.294189453125</ele>
        <time>2026-07-30T23:05:08Z</time>
        <extensions>
          <gpxtpx:TrackPointExtension>
            <gpxtpx:hr>148</gpxtpx:hr>
          </gpxtpx:TrackPointExtension>
        </extensions>
      </trkpt>
      <trkpt lat="29.601870467948334" lon="106.31926099766476">
        <ele>258.4725341796875</ele>
        <time>2026-07-30T23:05:14Z</time>
        <extensions>
          <gpxtpx:TrackPointExtension>
            <gpxtpx:hr>147</gpxtpx:hr>
          </gpxtpx:TrackPointExtension>
        </extensions>
      </trkpt>
      <trkpt lat="29.601915099868737" lon="106.31944653648488">
        <ele>260.5875244140625</ele>
        <time>2026-07-30T23:05:20Z</time>
        <extensions>
          <gpxtpx:TrackPointExtension>
            <gpxtpx:hr>147</gpxtpx:hr>
          </gpxtpx:TrackPointExtension>
        </extensions>
      </trkpt>
      <trkpt lat="29.60191346557833" lon="106.3197787153022">
        <ele>260.4010009765625</ele>
        <time>2026-07-30T23:05:32Z</time>
        <extensions>
          <gpxtpx:TrackPointExtension>
            <gpxtpx:hr>147</gpxtpx:hr>
          </gpxtpx:TrackPointExtension>
        </extensions>
      </trkpt>
      <trkpt lat="29.601917914890524" lon="106.3200660043026">
        <ele>259.338134765625</ele>
        <time>2026-07-30T23:05:41Z</time>
        <extensions>
          <gpxtpx:TrackPointExtension>
            <gpxtpx:hr>146</gpxtpx:hr>
          </gpxtpx:TrackPointExtension>
        </extensions>
      </trkpt>
      <trkpt lat="29.60200198068335" lon="106.32001811771283">
        <ele>258.105224609375</ele>
        <time>2026-07-30T23:05:44Z</time>
        <extensions>
          <gpxtpx:TrackPointExtension>
            <gpxtpx:hr>146</gpxtpx:hr>
          </gpxtpx:TrackPointExtension>
        </extensions>
      </trkpt>
      <trkpt lat="29.602053098541802" lon="106.31994828739631">
        <ele>256.76416015625</ele>
        <time>2026-07-30T23:05:47Z</time>
        <extensions>
          <gpxtpx:TrackPointExtension>
            <gpxtpx:hr>146</gpxtpx:hr>
          </gpxtpx:TrackPointExtension>
        </extensions>
      </trkpt>
      <trkpt lat="29.60217515840863" lon="106.3198974058915">
        <ele>251.79827880859375</ele>
        <time>2026-07-30T23:05:53Z</time>
        <extensions>
          <gpxtpx:TrackPointExtension>
            <gpxtpx:hr>146</gpxtpx:hr>
          </gpxtpx:TrackPointExtension>
        </extensions>
      </trkpt>
      <trkpt lat="29.60232814206321" lon="106.31988143614467">
        <ele>251.79632568359375</ele>
        <time>2026-07-30T23:05:59Z</time>
        <extensions>
          <gpxtpx:TrackPointExtension>
            <gpxtpx:hr>147</gpxtpx:hr>
          </gpxtpx:TrackPointExtension>
        </extensions>
      </trkpt>
      <trkpt lat="29.602403241125305" lon="106.31981758953299">
        <ele>252.52008056640625</ele>
        <time>2026-07-30T23:06:02Z</time>
        <extensions>
          <gpxtpx:TrackPointExtension>
            <gpxtpx:hr>147</gpxtpx:hr>
          </gpxtpx:TrackPointExtension>
        </extensions>
      </trkpt>
      <trkpt lat="29.60245842826285" lon="106.31971085018066">
        <ele>255.7108154296875</ele>
        <time>2026-07-30T23:06:08Z</time>
        <extensions>
          <gpxtpx:TrackPointExtension>
            <gpxtpx:hr>147</gpxtpx:hr>
          </gpxtpx:TrackPointExtension>
        </extensions>
      </trkpt>
      <trkpt lat="29.602512711223987" lon="106.31965026351172">
        <ele>255.067138671875</ele>
        <time>2026-07-30T23:06:11Z</time>
        <extensions>
          <gpxtpx:TrackPointExtension>
            <gpxtpx:hr>147</gpxtpx:hr>
          </gpxtpx:TrackPointExtension>
        </extensions>
      </trkpt>
      <trkpt lat="29.60252962571423" lon="106.31959612953685">
        <ele>254.198486328125</ele>
        <time>2026-07-30T23:06:14Z</time>
        <extensions>
          <gpxtpx:TrackPointExtension>
            <gpxtpx:hr>146</gpxtpx:hr>
          </gpxtpx:TrackPointExtension>
        </extensions>
      </trkpt>
      <trkpt lat="29.60261861868363" lon="106.31951630019289">
        <ele>258.70489501953125</ele>
        <time>2026-07-30T23:06:20Z</time>
        <extensions>
          <gpxtpx:TrackPointExtension>
            <gpxtpx:hr>145</gpxtpx:hr>
          </gpxtpx:TrackPointExtension>
        </extensions>
      </trkpt>
      <trkpt lat="29.602689708267818" lon="106.31952729003946">
        <ele>263.7044677734375</ele>
        <time>2026-07-30T23:06:26Z</time>
        <extensions>
          <gpxtpx:TrackPointExtension>
            <gpxtpx:hr>144</gpxtpx:hr>
          </gpxtpx:TrackPointExtension>
        </extensions>
      </trkpt>
      <trkpt lat="29.60275324409626" lon="106.31951299523564">
        <ele>263.004638671875</ele>
        <time>2026-07-30T23:06:29Z</time>
        <extensions>
          <gpxtpx:TrackPointExtension>
            <gpxtpx:hr>144</gpxtpx:hr>
          </gpxtpx:TrackPointExtension>
        </extensions>
      </trkpt>
      <trkpt lat="29.60282180891485" lon="106.31945346453408">
        <ele>259.17919921875</ele>
        <time>2026-07-30T23:06:32Z</time>
        <extensions>
          <gpxtpx:TrackPointExtension>
            <gpxtpx:hr>146</gpxtpx:hr>
          </gpxtpx:TrackPointExtension>
        </extensions>
      </trkpt>
      <trkpt lat="29.60293827820111" lon="106.31918911069212">
        <ele>252.95166015625</ele>
        <time>2026-07-30T23:06:41Z</time>
        <extensions>
          <gpxtpx:TrackPointExtension>
            <gpxtpx:hr>147</gpxtpx:hr>
          </gpxtpx:TrackPointExtension>
        </extensions>
      </trkpt>
      <trkpt lat="29.602957599843073" lon="106.31901753327942">
        <ele>250.56787109375</ele>
        <time>2026-07-30T23:06:47Z</time>
        <extensions>
          <gpxtpx:TrackPointExtension>
            <gpxtpx:hr>147</gpxtpx:hr>
          </gpxtpx:TrackPointExtension>
        </extensions>
      </trkpt>
      <trkpt lat="29.602897438027263" lon="106.3188311020892">
        <ele>247.744384765625</ele>
        <time>2026-07-30T23:06:56Z</time>
        <extensions>
          <gpxtpx:TrackPointExtension>
            <gpxtpx:hr>149</gpxtpx:hr>
          </gpxtpx:TrackPointExtension>
        </extensions>
      </trkpt>
      <trkpt lat="29.602850565931277" lon="106.31863279578094">
        <ele>247.48223876953125</ele>
        <time>2026-07-30T23:07:02Z</time>
        <extensions>
          <gpxtpx:TrackPointExtension>
            <gpxtpx:hr>150</gpxtpx:hr>
          </gpxtpx:TrackPointExtension>
        </extensions>
      </trkpt>
      <trkpt lat="29.60291703141198" lon="106.31827337168258">
        <ele>247.73638916015625</ele>
        <time>2026-07-30T23:07:14Z</time>
        <extensions>
          <gpxtpx:TrackPointExtension>
            <gpxtpx:hr>149</gpxtpx:hr>
          </gpxtpx:TrackPointExtension>
        </extensions>
      </trkpt>
      <trkpt lat="29.602959354834013" lon="106.3180968042492">
        <ele>248.4527587890625</ele>
        <time>2026-07-30T23:07:20Z</time>
        <extensions>
          <gpxtpx:TrackPointExtension>
            <gpxtpx:hr>149</gpxtpx:hr>
          </gpxtpx:TrackPointExtension>
        </extensions>
      </trkpt>
      <trkpt lat="29.602975279534977" lon="106.31770190168342">
        <ele>253.17864990234375</ele>
        <time>2026-07-30T23:07:32Z</time>
        <extensions>
          <gpxtpx:TrackPointExtension>
            <gpxtpx:hr>145</gpxtpx:hr>
          </gpxtpx:TrackPointExtension>
        </extensions>
      </trkpt>
      <trkpt lat="29.602944701487836" lon="106.31760802569293">
        <ele>253.59808349609375</ele>
        <time>2026-07-30T23:07:35Z</time>
        <extensions>
          <gpxtpx:TrackPointExtension>
            <gpxtpx:hr>144</gpxtpx:hr>
          </gpxtpx:TrackPointExtension>
        </extensions>
      </trkpt>
      <trkpt lat="29.60297470158744" lon="106.31738655157669">
        <ele>249.3218994140625</ele>
        <time>2026-07-30T23:07:44Z</time>
        <extensions>
          <gpxtpx:TrackPointExtension>
            <gpxtpx:hr>144</gpxtpx:hr>
          </gpxtpx:TrackPointExtension>
        </extensions>
      </trkpt>
      <trkpt lat="29.60296080063931" lon="106.31733667505611">
        <ele>248.951904296875</ele>
        <time>2026-07-30T23:07:47Z</time>
        <extensions>
          <gpxtpx:TrackPointExtension>
            <gpxtpx:hr>144</gpxtpx:hr>
          </gpxtpx:TrackPointExtension>
        </extensions>
      </trkpt>
      <trkpt lat="29.602964527151688" lon="106.31695361612736">
        <ele>250.85302734375</ele>
        <time>2026-07-30T23:07:59Z</time>
        <extensions>
          <gpxtpx:TrackPointExtension>
            <gpxtpx:hr>147</gpxtpx:hr>
          </gpxtpx:TrackPointExtension>
        </extensions>
      </trkpt>
      <trkpt lat="29.602935119166887" lon="106.31664637211671">
        <ele>254.560546875</ele>
        <time>2026-07-30T23:08:08Z</time>
        <extensions>
          <gpxtpx:TrackPointExtension>
            <gpxtpx:hr>150</gpxtpx:hr>
          </gpxtpx:TrackPointExtension>
        </extensions>
      </trkpt>
      <trkpt lat="29.602892304400523" lon="106.31655559739605">
        <ele>254.52392578125</ele>
        <time>2026-07-30T23:08:11Z</time>
        <extensions>
          <gpxtpx:TrackPointExtension>
            <gpxtpx:hr>150</gpxtpx:hr>
          </gpxtpx:TrackPointExtension>
        </extensions>
      </trkpt>
      <trkpt lat="29.602831415684406" lon="106.31650672095326">
        <ele>252.4351806640625</ele>
        <time>2026-07-30T23:08:14Z</time>
        <extensions>
          <gpxtpx:TrackPointExtension>
            <gpxtpx:hr>150</gpxtpx:hr>
          </gpxtpx:TrackPointExtension>
        </extensions>
      </trkpt>
      <trkpt lat="29.60267856642095" lon="106.31645186470853">
        <ele>254.82611083984375</ele>
        <time>2026-07-30T23:08:20Z</time>
        <extensions>
          <gpxtpx:TrackPointExtension>
            <gpxtpx:hr>150</gpxtpx:hr>
          </gpxtpx:TrackPointExtension>
        </extensions>
      </trkpt>
      <trkpt lat="29.60262057281251" lon="106.31645785352563">
        <ele>257.31878662109375</ele>
        <time>2026-07-30T23:08:23Z</time>
        <extensions>
          <gpxtpx:TrackPointExtension>
            <gpxtpx:hr>150</gpxtpx:hr>
          </gpxtpx:TrackPointExtension>
        </extensions>
      </trkpt>
      <trkpt lat="29.602557484319828" lon="106.31651471788409">
        <ele>259.0894775390625</ele>
        <time>2026-07-30T23:08:26Z</time>
        <extensions>
          <gpxtpx:TrackPointExtension>
            <gpxtpx:hr>155</gpxtpx:hr>
          </gpxtpx:TrackPointExtension>
        </extensions>
      </trkpt>
      <trkpt lat="29.602524309097383" lon="106.31661248008135">
        <ele>261.290771484375</ele>
        <time>2026-07-30T23:08:29Z</time>
        <extensions>
          <gpxtpx:TrackPointExtension>
            <gpxtpx:hr>156</gpxtpx:hr>
          </gpxtpx:TrackPointExtension>
        </extensions>
      </trkpt>
      <trkpt lat="29.602520935426256" lon="106.31680999556477">
        <ele>261.1629638671875</ele>
        <time>2026-07-30T23:08:35Z</time>
        <extensions>
          <gpxtpx:TrackPointExtension>
            <gpxtpx:hr>155</gpxtpx:hr>
          </gpxtpx:TrackPointExtension>
        </extensions>
      </trkpt>
      <trkpt lat="29.602586337777826" lon="106.31711424438859">
        <ele>260.2413330078125</ele>
        <time>2026-07-30T23:08:47Z</time>
        <extensions>
          <gpxtpx:TrackPointExtension>
            <gpxtpx:hr>158</gpxtpx:hr>
          </gpxtpx:TrackPointExtension>
        </extensions>
      </trkpt>
      <trkpt lat="29.60258017669304" lon="106.31720003394182">
        <ele>259.0892333984375</ele>
        <time>2026-07-30T23:08:50Z</time>
        <extensions>
          <gpxtpx:TrackPointExtension>
            <gpxtpx:hr>158</gpxtpx:hr>
          </gpxtpx:TrackPointExtension>
        </extensions>
      </trkpt>
      <trkpt lat="29.60254801025384" lon="106.31729280784337">
        <ele>260.799560546875</ele>
        <time>2026-07-30T23:08:53Z</time>
        <extensions>
          <gpxtpx:TrackPointExtension>
            <gpxtpx:hr>159</gpxtpx:hr>
          </gpxtpx:TrackPointExtension>
        </extensions>
      </trkpt>
      <trkpt lat="29.602483889575268" lon="106.31736663021547">
        <ele>261.74481201171875</ele>
        <time>2026-07-30T23:08:56Z</time>
        <extensions>
          <gpxtpx:TrackPointExtension>
            <gpxtpx:hr>158</gpxtpx:hr>
          </gpxtpx:TrackPointExtension>
        </extensions>
      </trkpt>
      <trkpt lat="29.602194705028452" lon="106.3175102943616">
        <ele>258.0853271484375</ele>
        <time>2026-07-30T23:09:11Z</time>
        <extensions>
          <gpxtpx:TrackPointExtension>
            <gpxtpx:hr>156</gpxtpx:hr>
          </gpxtpx:TrackPointExtension>
        </extensions>
      </trkpt>
      <trkpt lat="29.60214966761026" lon="106.31753723081974">
        <ele>261.02008056640625</ele>
        <time>2026-07-30T23:09:14Z</time>
        <extensions>
          <gpxtpx:TrackPointExtension>
            <gpxtpx:hr>156</gpxtpx:hr>
          </gpxtpx:TrackPointExtension>
        </extensions>
      </trkpt>
      <trkpt lat="29.601986639801808" lon="106.31757814002478">
        <ele>262.2972412109375</ele>
        <time>2026-07-30T23:09:20Z</time>
        <extensions>
          <gpxtpx:TrackPointExtension>
            <gpxtpx:hr>155</gpxtpx:hr>
          </gpxtpx:TrackPointExtension>
        </extensions>
      </trkpt>
      <trkpt lat="29.601929486554432" lon="106.31766792255496">
        <ele>262.34027099609375</ele>
        <time>2026-07-30T23:09:23Z</time>
        <extensions>
          <gpxtpx:TrackPointExtension>
            <gpxtpx:hr>154</gpxtpx:hr>
          </gpxtpx:TrackPointExtension>
        </extensions>
      </trkpt>
      <trkpt lat="29.601875800516115" lon="106.31803701702295">
        <ele>259.7327880859375</ele>
        <time>2026-07-30T23:09:35Z</time>
        <extensions>
          <gpxtpx:TrackPointExtension>
            <gpxtpx:hr>151</gpxtpx:hr>
          </gpxtpx:TrackPointExtension>
        </extensions>
      </trkpt>
      <trkpt lat="29.601867166537417" lon="106.31837119398483">
        <ele>260.4078369140625</ele>
        <time>2026-07-30T23:09:47Z</time>
        <extensions>
          <gpxtpx:TrackPointExtension>
            <gpxtpx:hr>152</gpxtpx:hr>
          </gpxtpx:TrackPointExtension>
        </extensions>
      </trkpt>
      <trkpt lat="29.601856500320483" lon="106.3187223285412">
        <ele>260.11859130859375</ele>
        <time>2026-07-30T23:09:59Z</time>
        <extensions>
          <gpxtpx:TrackPointExtension>
            <gpxtpx:hr>150</gpxtpx:hr>
          </gpxtpx:TrackPointExtension>
        </extensions>
      </trkpt>
      <trkpt lat="29.601855847633423" lon="106.31906448394908">
        <ele>258.46868896484375</ele>
        <time>2026-07-30T23:10:11Z</time>
        <extensions>
          <gpxtpx:TrackPointExtension>
            <gpxtpx:hr>149</gpxtpx:hr>
          </gpxtpx:TrackPointExtension>
        </extensions>
      </trkpt>
      <trkpt lat="29.601865528515443" lon="106.31923007435962">
        <ele>255.49951171875</ele>
        <time>2026-07-30T23:10:17Z</time>
        <extensions>
          <gpxtpx:TrackPointExtension>
            <gpxtpx:hr>149</gpxtpx:hr>
          </gpxtpx:TrackPointExtension>
        </extensions>
      </trkpt>
      <trkpt lat="29.601913174777458" lon="106.31940763275047">
        <ele>257.697021484375</ele>
        <time>2026-07-30T23:10:23Z</time>
        <extensions>
          <gpxtpx:TrackPointExtension>
            <gpxtpx:hr>149</gpxtpx:hr>
          </gpxtpx:TrackPointExtension>
        </extensions>
      </trkpt>
      <trkpt lat="29.60194550151678" lon="106.31975477257937">
        <ele>260.189697265625</ele>
        <time>2026-07-30T23:10:35Z</time>
        <extensions>
          <gpxtpx:TrackPointExtension>
            <gpxtpx:hr>148</gpxtpx:hr>
          </gpxtpx:TrackPointExtension>
        </extensions>
      </trkpt>
      <trkpt lat="29.601932107029118" lon="106.31996325767625">
        <ele>259.1143798828125</ele>
        <time>2026-07-30T23:10:41Z</time>
        <extensions>
          <gpxtpx:TrackPointExtension>
            <gpxtpx:hr>148</gpxtpx:hr>
          </gpxtpx:TrackPointExtension>
        </extensions>
      </trkpt>
      <trkpt lat="29.601939925310337" lon="106.32005702519083">
        <ele>258.9013671875</ele>
        <time>2026-07-30T23:10:44Z</time>
        <extensions>
          <gpxtpx:TrackPointExtension>
            <gpxtpx:hr>149</gpxtpx:hr>
          </gpxtpx:TrackPointExtension>
        </extensions>
      </trkpt>
      <trkpt lat="29.602107144919675" lon="106.3199153655753">
        <ele>255.0003662109375</ele>
        <time>2026-07-30T23:10:53Z</time>
        <extensions>
          <gpxtpx:TrackPointExtension>
            <gpxtpx:hr>151</gpxtpx:hr>
          </gpxtpx:TrackPointExtension>
        </extensions>
      </trkpt>
      <trkpt lat="29.602240197606843" lon="106.31986647846438">
        <ele>252.63116455078125</ele>
        <time>2026-07-30T23:10:59Z</time>
        <extensions>
          <gpxtpx:TrackPointExtension>
            <gpxtpx:hr>152</gpxtpx:hr>
          </gpxtpx:TrackPointExtension>
        </extensions>
      </trkpt>
      <trkpt lat="29.602323181726206" lon="106.31986148579571">
        <ele>251.19049072265625</ele>
        <time>2026-07-30T23:11:02Z</time>
        <extensions>
          <gpxtpx:TrackPointExtension>
            <gpxtpx:hr>152</gpxtpx:hr>
          </gpxtpx:TrackPointExtension>
        </extensions>
      </trkpt>
      <trkpt lat="29.602385231382694" lon="106.31982557088068">
        <ele>251.1907958984375</ele>
        <time>2026-07-30T23:11:05Z</time>
        <extensions>
          <gpxtpx:TrackPointExtension>
            <gpxtpx:hr>152</gpxtpx:hr>
          </gpxtpx:TrackPointExtension>
        </extensions>
      </trkpt>
      <trkpt lat="29.60241631912014" lon="106.31977469483486">
        <ele>252.37353515625</ele>
        <time>2026-07-30T23:11:08Z</time>
        <extensions>
          <gpxtpx:TrackPointExtension>
            <gpxtpx:hr>153</gpxtpx:hr>
          </gpxtpx:TrackPointExtension>
        </extensions>
      </trkpt>
      <trkpt lat="29.60243614318082" lon="106.31970280428123">
        <ele>254.23431396484375</ele>
        <time>2026-07-30T23:11:11Z</time>
        <extensions>
          <gpxtpx:TrackPointExtension>
            <gpxtpx:hr>154</gpxtpx:hr>
          </gpxtpx:TrackPointExtension>
        </extensions>
      </trkpt>
      <trkpt lat="29.6024316374322" lon="106.31953153297266">
        <ele>256.4085693359375</ele>
        <time>2026-07-30T23:11:14Z</time>
        <extensions>
          <gpxtpx:TrackPointExtension>
            <gpxtpx:hr>154</gpxtpx:hr>
          </gpxtpx:TrackPointExtension>
        </extensions>
      </trkpt>
      <trkpt lat="29.602467392241916" lon="106.31948814552705">
        <ele>255.327880859375</ele>
        <time>2026-07-30T23:11:17Z</time>
        <extensions>
          <gpxtpx:TrackPointExtension>
            <gpxtpx:hr>154</gpxtpx:hr>
          </gpxtpx:TrackPointExtension>
        </extensions>
      </trkpt>
      <trkpt lat="29.602681724051056" lon="106.31952030778228">
        <ele>262.70025634765625</ele>
        <time>2026-07-30T23:11:29Z</time>
        <extensions>
          <gpxtpx:TrackPointExtension>
            <gpxtpx:hr>151</gpxtpx:hr>
          </gpxtpx:TrackPointExtension>
        </extensions>
      </trkpt>
      <trkpt lat="29.602746727046753" lon="106.31950833345125">
        <ele>260.315185546875</ele>
        <time>2026-07-30T23:11:35Z</time>
        <extensions>
          <gpxtpx:TrackPointExtension>
            <gpxtpx:hr>151</gpxtpx:hr>
          </gpxtpx:TrackPointExtension>
        </extensions>
      </trkpt>
      <trkpt lat="29.60288812970619" lon="106.31927490178083">
        <ele>255.29010009765625</ele>
        <time>2026-07-30T23:11:44Z</time>
        <extensions>
          <gpxtpx:TrackPointExtension>
            <gpxtpx:hr>147</gpxtpx:hr>
          </gpxtpx:TrackPointExtension>
        </extensions>
      </trkpt>
      <trkpt lat="29.602932337154442" lon="106.31915918497235">
        <ele>251.9761962890625</ele>
        <time>2026-07-30T23:11:47Z</time>
        <extensions>
          <gpxtpx:TrackPointExtension>
            <gpxtpx:hr>147</gpxtpx:hr>
          </gpxtpx:TrackPointExtension>
        </extensions>
      </trkpt>
      <trkpt lat="29.60293254466347" lon="106.31905045350165">
        <ele>250.54400634765625</ele>
        <time>2026-07-30T23:11:50Z</time>
        <extensions>
          <gpxtpx:TrackPointExtension>
            <gpxtpx:hr>147</gpxtpx:hr>
          </gpxtpx:TrackPointExtension>
        </extensions>
      </trkpt>
      <trkpt lat="29.60290947480913" lon="106.31891979212556">
        <ele>251.0362548828125</ele>
        <time>2026-07-30T23:11:53Z</time>
        <extensions>
          <gpxtpx:TrackPointExtension>
            <gpxtpx:hr>146</gpxtpx:hr>
          </gpxtpx:TrackPointExtension>
        </extensions>
      </trkpt>
      <trkpt lat="29.602923916619975" lon="106.31885693181516">
        <ele>248.8236083984375</ele>
        <time>2026-07-30T23:11:56Z</time>
        <extensions>
          <gpxtpx:TrackPointExtension>
            <gpxtpx:hr>147</gpxtpx:hr>
          </gpxtpx:TrackPointExtension>
        </extensions>
      </trkpt>
      <trkpt lat="29.60292003199775" lon="106.31879707977767">
        <ele>248.300537109375</ele>
        <time>2026-07-30T23:11:59Z</time>
        <extensions>
          <gpxtpx:TrackPointExtension>
            <gpxtpx:hr>147</gpxtpx:hr>
          </gpxtpx:TrackPointExtension>
        </extensions>
      </trkpt>
      <trkpt lat="29.60286998020805" lon="106.31867020671645">
        <ele>245.0</ele>
        <time>2026-07-30T23:12:05Z</time>
        <extensions>
          <gpxtpx:TrackPointExtension>
            <gpxtpx:hr>147</gpxtpx:hr>
          </gpxtpx:TrackPointExtension>
        </extensions>
      </trkpt>
      <trkpt lat="29.60291872390772" lon="106.318382124103">
        <ele>255.880859375</ele>
        <time>2026-07-30T23:12:14Z</time>
        <extensions>
          <gpxtpx:TrackPointExtension>
            <gpxtpx:hr>146</gpxtpx:hr>
          </gpxtpx:TrackPointExtension>
        </extensions>
      </trkpt>
      <trkpt lat="29.60291605261854" lon="106.31826239878852">
        <ele>252.29925537109375</ele>
        <time>2026-07-30T23:12:20Z</time>
        <extensions>
          <gpxtpx:TrackPointExtension>
            <gpxtpx:hr>145</gpxtpx:hr>
          </gpxtpx:TrackPointExtension>
        </extensions>
      </trkpt>
      <trkpt lat="29.602975452502772" lon="106.31804293598745">
        <ele>252.61798095703125</ele>
        <time>2026-07-30T23:12:29Z</time>
        <extensions>
          <gpxtpx:TrackPointExtension>
            <gpxtpx:hr>143</gpxtpx:hr>
          </gpxtpx:TrackPointExtension>
        </extensions>
      </trkpt>
      <trkpt lat="29.603000050713707" lon="106.31772471808495">
        <ele>259.13818359375</ele>
        <time>2026-07-30T23:12:38Z</time>
        <extensions>
          <gpxtpx:TrackPointExtension>
            <gpxtpx:hr>144</gpxtpx:hr>
          </gpxtpx:TrackPointExtension>
        </extensions>
      </trkpt>
      <trkpt lat="29.60296347173881" lon="106.31750925048125">
        <ele>256.31884765625</ele>
        <time>2026-07-30T23:12:44Z</time>
        <extensions>
          <gpxtpx:TrackPointExtension>
            <gpxtpx:hr>144</gpxtpx:hr>
          </gpxtpx:TrackPointExtension>
        </extensions>
      </trkpt>
      <trkpt lat="29.60297015734605" lon="106.31739719566787">
        <ele>252.5767822265625</ele>
        <time>2026-07-30T23:12:47Z</time>
        <extensions>
          <gpxtpx:TrackPointExtension>
            <gpxtpx:hr>144</gpxtpx:hr>
          </gpxtpx:TrackPointExtension>
        </extensions>
      </trkpt>
      <trkpt lat="29.60293704485126" lon="106.31721198301494">
        <ele>252.11029052734375</ele>
        <time>2026-07-30T23:12:53Z</time>
        <extensions>
          <gpxtpx:TrackPointExtension>
            <gpxtpx:hr>145</gpxtpx:hr>
          </gpxtpx:TrackPointExtension>
        </extensions>
      </trkpt>
      <trkpt lat="29.60295847975697" lon="106.3169795527918">
        <ele>254.75714111328125</ele>
        <time>2026-07-30T23:13:02Z</time>
        <extensions>
          <gpxtpx:TrackPointExtension>
            <gpxtpx:hr>149</gpxtpx:hr>
          </gpxtpx:TrackPointExtension>
        </extensions>
      </trkpt>
      <trkpt lat="29.602924001459566" lon="106.31671021612469">
        <ele>253.3516845703125</ele>
        <time>2026-07-30T23:13:11Z</time>
        <extensions>
          <gpxtpx:TrackPointExtension>
            <gpxtpx:hr>148</gpxtpx:hr>
          </gpxtpx:TrackPointExtension>
        </extensions>
      </trkpt>
      <trkpt lat="29.602936160472616" lon="106.31662442589929">
        <ele>252.01812744140625</ele>
        <time>2026-07-30T23:13:14Z</time>
        <extensions>
          <gpxtpx:TrackPointExtension>
            <gpxtpx:hr>149</gpxtpx:hr>
          </gpxtpx:TrackPointExtension>
        </extensions>
      </trkpt>
      <trkpt lat="29.602908297622413" lon="106.31655659398558">
        <ele>253.71173095703125</ele>
        <time>2026-07-30T23:13:17Z</time>
        <extensions>
          <gpxtpx:TrackPointExtension>
            <gpxtpx:hr>150</gpxtpx:hr>
          </gpxtpx:TrackPointExtension>
        </extensions>
      </trkpt>
      <trkpt lat="29.6027795733548" lon="106.31643190754374">
        <ele>252.364990234375</ele>
        <time>2026-07-30T23:13:23Z</time>
        <extensions>
          <gpxtpx:TrackPointExtension>
            <gpxtpx:hr>149</gpxtpx:hr>
          </gpxtpx:TrackPointExtension>
        </extensions>
      </trkpt>
      <trkpt lat="29.60271062090566" lon="106.31641794594005">
        <ele>250.72857666015625</ele>
        <time>2026-07-30T23:13:26Z</time>
        <extensions>
          <gpxtpx:TrackPointExtension>
            <gpxtpx:hr>149</gpxtpx:hr>
          </gpxtpx:TrackPointExtension>
        </extensions>
      </trkpt>
      <trkpt lat="29.602647604252656" lon="106.3164369032643">
        <ele>252.1456298828125</ele>
        <time>2026-07-30T23:13:29Z</time>
        <extensions>
          <gpxtpx:TrackPointExtension>
            <gpxtpx:hr>149</gpxtpx:hr>
          </gpxtpx:TrackPointExtension>
        </extensions>
      </trkpt>
      <trkpt lat="29.60258954070336" lon="106.31647980157828">
        <ele>254.72503662109375</ele>
        <time>2026-07-30T23:13:32Z</time>
        <extensions>
          <gpxtpx:TrackPointExtension>
            <gpxtpx:hr>149</gpxtpx:hr>
          </gpxtpx:TrackPointExtension>
        </extensions>
      </trkpt>
      <trkpt lat="29.602546417724703" lon="106.31655162802218">
        <ele>255.8447265625</ele>
        <time>2026-07-30T23:13:35Z</time>
        <extensions>
          <gpxtpx:TrackPointExtension>
            <gpxtpx:hr>148</gpxtpx:hr>
          </gpxtpx:TrackPointExtension>
        </extensions>
      </trkpt>
      <trkpt lat="29.602517091810586" lon="106.31672819657483">
        <ele>257.02593994140625</ele>
        <time>2026-07-30T23:13:41Z</time>
        <extensions>
          <gpxtpx:TrackPointExtension>
            <gpxtpx:hr>147</gpxtpx:hr>
          </gpxtpx:TrackPointExtension>
        </extensions>
      </trkpt>
      <trkpt lat="29.602569469874368" lon="106.31704740961014">
        <ele>259.25372314453125</ele>
        <time>2026-07-30T23:13:53Z</time>
        <extensions>
          <gpxtpx:TrackPointExtension>
            <gpxtpx:hr>149</gpxtpx:hr>
          </gpxtpx:TrackPointExtension>
        </extensions>
      </trkpt>
      <trkpt lat="29.60255418275044" lon="106.3172010330566">
        <ele>256.374755859375</ele>
        <time>2026-07-30T23:13:59Z</time>
        <extensions>
          <gpxtpx:TrackPointExtension>
            <gpxtpx:hr>147</gpxtpx:hr>
          </gpxtpx:TrackPointExtension>
        </extensions>
      </trkpt>
      <trkpt lat="29.6025260245639" lon="106.31728881897763">
        <ele>256.70263671875</ele>
        <time>2026-07-30T23:14:02Z</time>
        <extensions>
          <gpxtpx:TrackPointExtension>
            <gpxtpx:hr>146</gpxtpx:hr>
          </gpxtpx:TrackPointExtension>
        </extensions>
      </trkpt>
      <trkpt lat="29.602474894224414" lon="106.31736563321044">
        <ele>257.95361328125</ele>
        <time>2026-07-30T23:14:05Z</time>
        <extensions>
          <gpxtpx:TrackPointExtension>
            <gpxtpx:hr>146</gpxtpx:hr>
          </gpxtpx:TrackPointExtension>
        </extensions>
      </trkpt>
      <trkpt lat="29.60235376442462" lon="106.31745342463324">
        <ele>257.8995361328125</ele>
        <time>2026-07-30T23:14:11Z</time>
        <extensions>
          <gpxtpx:TrackPointExtension>
            <gpxtpx:hr>146</gpxtpx:hr>
          </gpxtpx:TrackPointExtension>
        </extensions>
      </trkpt>
      <trkpt lat="29.60205268405654" lon="106.31754421948663">
        <ele>260.453369140625</ele>
        <time>2026-07-30T23:14:26Z</time>
        <extensions>
          <gpxtpx:TrackPointExtension>
            <gpxtpx:hr>150</gpxtpx:hr>
          </gpxtpx:TrackPointExtension>
        </extensions>
      </trkpt>
      <trkpt lat="29.601972666853413" lon="106.31756617031809">
        <ele>259.7750244140625</ele>
        <time>2026-07-30T23:14:29Z</time>
        <extensions>
          <gpxtpx:TrackPointExtension>
            <gpxtpx:hr>150</gpxtpx:hr>
          </gpxtpx:TrackPointExtension>
        </extensions>
      </trkpt>
      <trkpt lat="29.60191753196995" lon="106.31764597728187">
        <ele>259.5013427734375</ele>
        <time>2026-07-30T23:14:32Z</time>
        <extensions>
          <gpxtpx:TrackPointExtension>
            <gpxtpx:hr>149</gpxtpx:hr>
          </gpxtpx:TrackPointExtension>
        </extensions>
      </trkpt>
      <trkpt lat="29.601897331295394" lon="106.31775471089074">
        <ele>260.84130859375</ele>
        <time>2026-07-30T23:14:35Z</time>
        <extensions>
          <gpxtpx:TrackPointExtension>
            <gpxtpx:hr>148</gpxtpx:hr>
          </gpxtpx:TrackPointExtension>
        </extensions>
      </trkpt>
      <trkpt lat="29.601890661074947" lon="106.31810784164054">
        <ele>260.38787841796875</ele>
        <time>2026-07-30T23:14:47Z</time>
        <extensions>
          <gpxtpx:TrackPointExtension>
            <gpxtpx:hr>149</gpxtpx:hr>
          </gpxtpx:TrackPointExtension>
        </extensions>
      </trkpt>
      <trkpt lat="29.601877041823965" lon="106.3184350359741">
        <ele>257.3641357421875</ele>
        <time>2026-07-30T23:14:59Z</time>
        <extensions>
          <gpxtpx:TrackPointExtension>
            <gpxtpx:hr>149</gpxtpx:hr>
          </gpxtpx:TrackPointExtension>
        </extensions>
      </trkpt>
      <trkpt lat="29.601860529527556" lon="106.31870636768164">
        <ele>257.92742919921875</ele>
        <time>2026-07-30T23:15:08Z</time>
        <extensions>
          <gpxtpx:TrackPointExtension>
            <gpxtpx:hr>150</gpxtpx:hr>
          </gpxtpx:TrackPointExtension>
        </extensions>
      </trkpt>
      <trkpt lat="29.60187918506192" lon="106.31888392833359">
        <ele>256.756103515625</ele>
        <time>2026-07-30T23:15:14Z</time>
        <extensions>
          <gpxtpx:TrackPointExtension>
            <gpxtpx:hr>150</gpxtpx:hr>
          </gpxtpx:TrackPointExtension>
        </extensions>
      </trkpt>
      <trkpt lat="29.601866503453156" lon="106.31924304226402">
        <ele>256.3133544921875</ele>
        <time>2026-07-30T23:15:26Z</time>
        <extensions>
          <gpxtpx:TrackPointExtension>
            <gpxtpx:hr>149</gpxtpx:hr>
          </gpxtpx:TrackPointExtension>
        </extensions>
      </trkpt>
      <trkpt lat="29.601908338216614" lon="106.31932284257144">
        <ele>256.663818359375</ele>
        <time>2026-07-30T23:15:29Z</time>
        <extensions>
          <gpxtpx:TrackPointExtension>
            <gpxtpx:hr>150</gpxtpx:hr>
          </gpxtpx:TrackPointExtension>
        </extensions>
      </trkpt>
      <trkpt lat="29.601921720442782" lon="106.31964404782262">
        <ele>256.54632568359375</ele>
        <time>2026-07-30T23:15:41Z</time>
        <extensions>
          <gpxtpx:TrackPointExtension>
            <gpxtpx:hr>149</gpxtpx:hr>
          </gpxtpx:TrackPointExtension>
        </extensions>
      </trkpt>
      <trkpt lat="29.601947580961287" lon="106.31971287606432">
        <ele>256.9716796875</ele>
        <time>2026-07-30T23:15:44Z</time>
        <extensions>
          <gpxtpx:TrackPointExtension>
            <gpxtpx:hr>149</gpxtpx:hr>
          </gpxtpx:TrackPointExtension>
        </extensions>
      </trkpt>
      <trkpt lat="29.601951394830408" lon="106.3198096365306">
        <ele>257.52947998046875</ele>
        <time>2026-07-30T23:15:47Z</time>
        <extensions>
          <gpxtpx:TrackPointExtension>
            <gpxtpx:hr>149</gpxtpx:hr>
          </gpxtpx:TrackPointExtension>
        </extensions>
      </trkpt>
      <trkpt lat="29.60193104440528" lon="106.31999617629342">
        <ele>257.59661865234375</ele>
        <time>2026-07-30T23:15:53Z</time>
        <extensions>
          <gpxtpx:TrackPointExtension>
            <gpxtpx:hr>150</gpxtpx:hr>
          </gpxtpx:TrackPointExtension>
        </extensions>
      </trkpt>
      <trkpt lat="29.601989049508138" lon="106.31998420241149">
        <ele>257.08575439453125</ele>
        <time>2026-07-30T23:15:59Z</time>
        <extensions>
          <gpxtpx:TrackPointExtension>
            <gpxtpx:hr>149</gpxtpx:hr>
          </gpxtpx:TrackPointExtension>
        </extensions>
      </trkpt>
      <trkpt lat="29.602023121084297" lon="106.3199413064804">
        <ele>256.203125</ele>
        <time>2026-07-30T23:16:02Z</time>
        <extensions>
          <gpxtpx:TrackPointExtension>
            <gpxtpx:hr>149</gpxtpx:hr>
          </gpxtpx:TrackPointExtension>
        </extensions>
      </trkpt>
      <trkpt lat="29.60211015544102" lon="106.31990938020033">
        <ele>254.6226806640625</ele>
        <time>2026-07-30T23:16:11Z</time>
        <extensions>
          <gpxtpx:TrackPointExtension>
            <gpxtpx:hr>146</gpxtpx:hr>
          </gpxtpx:TrackPointExtension>
        </extensions>
      </trkpt>
    </trkseg>
  </trk>
</gpx>