<?xml version="1.0" encoding="UTF-8"?>
<gpx xmlns="http://www.topografix.com/GPX/1/1" xmlns:gpxtpx="http://www.garmin.com/xmlschemas/TrackPointExtension/v1" xmlns:xsi="http://www.w3.org/2001/XMLSchema-instance" xsi:schemaLocation="http://www.topografix.com/GPX/1/1 http://www.topografix.com/GPX/1/1/gpx.xsd" version="1.1" creator="gpx.py -- https://github.com/tkrajina/gpxpy">
  <trk>
    <name>gpx from keep</name>
    <type>Run</type>
    <trkseg>
      <trkpt lat="29.572384064166197" lon="106.56614526985364">
        <ele>157.114013671875</ele>
        <time>2026-10-08T22:57:35Z</time>
        <extensions>
          <gpxtpx:TrackPointExtension>
            <gpxtpx:hr>86</gpxtpx:hr>
          </gpxtpx:TrackPointExtension>
        </extensions>
      </trkpt>
      <trkpt lat="29.572257715645407" lon="106.56583099435014">
        <ele>155.3697509765625</ele>
        <time>2026-10-08T22:57:49Z</time>
        <extensions>
          <gpxtpx:TrackPointExtension>
            <gpxtpx:hr>99</gpxtpx:hr>
          </gpxtpx:TrackPointExtension>
        </extensions>
      </trkpt>
      <trkpt lat="29.57213840355871" lon="106.56555074486558">
        <ele>159.03271484375</ele>
        <time>2026-10-08T22:57:58Z</time>
        <extensions>
          <gpxtpx:TrackPointExtension>
            <gpxtpx:hr>105</gpxtpx:hr>
          </gpxtpx:TrackPointExtension>
        </extensions>
      </trkpt>
      <trkpt lat="29.572053216811675" lon="106.56538059221046">
        <ele>159.50823974609375</ele>
        <time>2026-10-08T22:58:04Z</time>
        <extensions>
          <gpxtpx:TrackPointExtension>
            <gpxtpx:hr>108</gpxtpx:hr>
          </gpxtpx:TrackPointExtension>
        </extensions>
      </trkpt>
      <trkpt lat="29.571989204389045" lon="106.56535357079333">
        <ele>159.4122314453125</ele>
        <time>2026-10-08T22:58:07Z</time>
        <extensions>
          <gpxtpx:TrackPointExtension>
            <gpxtpx:hr>112</gpxtpx:hr>
          </gpxtpx:TrackPointExtension>
        </extensions>
      </trkpt>
      <trkpt lat="29.571849246132018" lon="106.56534857433996">
        <ele>159.9580078125</ele>
        <time>2026-10-08T22:58:13Z</time>
        <extensions>
          <gpxtpx:TrackPointExtension>
            <gpxtpx:hr>129</gpxtpx:hr>
          </gpxtpx:TrackPointExtension>
        </extensions>
      </trkpt>
      <trkpt lat="29.57178929353386" lon="106.5653695974454">
        <ele>159.658447265625</ele>
        <time>2026-10-08T22:58:16Z</time>
        <extensions>
          <gpxtpx:TrackPointExtension>
            <gpxtpx:hr>131</gpxtpx:hr>
          </gpxtpx:TrackPointExtension>
        </extensions>
      </trkpt>
      <trkpt lat="29.571721293973326" lon="106.5653515846474">
        <ele>159.39154052734375</ele>
        <time>2026-10-08T22:58:19Z</time>
        <extensions>
          <gpxtpx:TrackPointExtension>
            <gpxtpx:hr>133</gpxtpx:hr>
          </gpxtpx:TrackPointExtension>
        </extensions>
      </trkpt>
      <trkpt lat="29.571670331913793" lon="106.56536760256114">
        <ele>157.871337890625</ele>
        <time>2026-10-08T22:58:25Z</time>
        <extensions>
          <gpxtpx:TrackPointExtension>
            <gpxtpx:hr>136</gpxtpx:hr>
          </gpxtpx:TrackPointExtension>
        </extensions>
      </trkpt>
      <trkpt lat="29.571642439554484" lon="106.56544467583637">
        <ele>156.27081298828125</ele>
        <time>2026-10-08T22:58:31Z</time>
        <extensions>
          <gpxtpx:TrackPointExtension>
            <gpxtpx:hr>138</gpxtpx:hr>
          </gpxtpx:TrackPointExtension>
        </extensions>
      </trkpt>
      <trkpt lat="29.57152944791923" lon="106.56542066016941">
        <ele>152.45452880859375</ele>
        <time>2026-10-08T22:58:46Z</time>
        <extensions>
          <gpxtpx:TrackPointExtension>
            <gpxtpx:hr>130</gpxtpx:hr>
          </gpxtpx:TrackPointExtension>
        </extensions>
      </trkpt>
      <trkpt lat="29.571469494008014" lon="106.56544068226994">
        <ele>150.57635498046875</ele>
        <time>2026-10-08T22:58:52Z</time>
        <extensions>
          <gpxtpx:TrackPointExtension>
            <gpxtpx:hr>128</gpxtpx:hr>
          </gpxtpx:TrackPointExtension>
        </extensions>
      </trkpt>
      <trkpt lat="29.571438599909495" lon="106.56551575358806">
        <ele>150.7078857421875</ele>
        <time>2026-10-08T22:58:55Z</time>
        <extensions>
          <gpxtpx:TrackPointExtension>
            <gpxtpx:hr>129</gpxtpx:hr>
          </gpxtpx:TrackPointExtension>
        </extensions>
      </trkpt>
      <trkpt lat="29.571388918965773" lon="106.5657549760998">
        <ele>148.9788818359375</ele>
        <time>2026-10-08T22:59:04Z</time>
        <extensions>
          <gpxtpx:TrackPointExtension>
            <gpxtpx:hr>128</gpxtpx:hr>
          </gpxtpx:TrackPointExtension>
        </extensions>
      </trkpt>
      <trkpt lat="29.57123738402398" lon="106.56608528345559">
        <ele>145.0341796875</ele>
        <time>2026-10-08T22:59:19Z</time>
        <extensions>
          <gpxtpx:TrackPointExtension>
            <gpxtpx:hr>131</gpxtpx:hr>
          </gpxtpx:TrackPointExtension>
        </extensions>
      </trkpt>
      <trkpt lat="29.571096820924257" lon="106.56639957057942">
        <ele>142.09210205078125</ele>
        <time>2026-10-08T22:59:31Z</time>
        <extensions>
          <gpxtpx:TrackPointExtension>
            <gpxtpx:hr>126</gpxtpx:hr>
          </gpxtpx:TrackPointExtension>
        </extensions>
      </trkpt>
      <trkpt lat="29.571043261245737" lon="106.56674487436871">
        <ele>143.2010498046875</ele>
        <time>2026-10-08T22:59:43Z</time>
        <extensions>
          <gpxtpx:TrackPointExtension>
            <gpxtpx:hr>128</gpxtpx:hr>
          </gpxtpx:TrackPointExtension>
        </extensions>
      </trkpt>
      <trkpt lat="29.570975239164326" lon="106.56708816272223">
        <ele>143.26336669921875</ele>
        <time>2026-10-08T22:59:55Z</time>
        <extensions>
          <gpxtpx:TrackPointExtension>
            <gpxtpx:hr>133</gpxtpx:hr>
          </gpxtpx:TrackPointExtension>
        </extensions>
      </trkpt>
      <trkpt lat="29.570936758012248" lon="106.56723639866283">
        <ele>143.16241455078125</ele>
        <time>2026-10-08T23:00:01Z</time>
        <extensions>
          <gpxtpx:TrackPointExtension>
            <gpxtpx:hr>135</gpxtpx:hr>
          </gpxtpx:TrackPointExtension>
        </extensions>
      </trkpt>
      <trkpt lat="29.57086732030614" lon="106.56757958648791">
        <ele>141.2791748046875</ele>
        <time>2026-10-08T23:00:13Z</time>
        <extensions>
          <gpxtpx:TrackPointExtension>
            <gpxtpx:hr>143</gpxtpx:hr>
          </gpxtpx:TrackPointExtension>
        </extensions>
      </trkpt>
      <trkpt lat="29.570822715360006" lon="106.56790385218943">
        <ele>143.05010986328125</ele>
        <time>2026-10-08T23:00:25Z</time>
        <extensions>
          <gpxtpx:TrackPointExtension>
            <gpxtpx:hr>147</gpxtpx:hr>
          </gpxtpx:TrackPointExtension>
        </extensions>
      </trkpt>
      <trkpt lat="29.570756114565384" lon="106.56822911460851">
        <ele>143.0274658203125</ele>
        <time>2026-10-08T23:00:37Z</time>
        <extensions>
          <gpxtpx:TrackPointExtension>
            <gpxtpx:hr>148</gpxtpx:hr>
          </gpxtpx:TrackPointExtension>
        </extensions>
      </trkpt>
      <trkpt lat="29.57069054966249" lon="106.56859039927046">
        <ele>142.16943359375</ele>
        <time>2026-10-08T23:00:49Z</time>
        <extensions>
          <gpxtpx:TrackPointExtension>
            <gpxtpx:hr>149</gpxtpx:hr>
          </gpxtpx:TrackPointExtension>
        </extensions>
      </trkpt>
      <trkpt lat="29.570617955727258" lon="106.56892866040374">
        <ele>141.95159912109375</ele>
        <time>2026-10-08T23:01:01Z</time>
        <extensions>
          <gpxtpx:TrackPointExtension>
            <gpxtpx:hr>138</gpxtpx:hr>
          </gpxtpx:TrackPointExtension>
        </extensions>
      </trkpt>
      <trkpt lat="29.570560342757762" lon="106.56925890892589">
        <ele>140.98455810546875</ele>
        <time>2026-10-08T23:01:13Z</time>
        <extensions>
          <gpxtpx:TrackPointExtension>
            <gpxtpx:hr>140</gpxtpx:hr>
          </gpxtpx:TrackPointExtension>
        </extensions>
      </trkpt>
      <trkpt lat="29.570498719837353" lon="106.56958314778508">
        <ele>140.4697265625</ele>
        <time>2026-10-08T23:01:25Z</time>
        <extensions>
          <gpxtpx:TrackPointExtension>
            <gpxtpx:hr>139</gpxtpx:hr>
          </gpxtpx:TrackPointExtension>
        </extensions>
      </trkpt>
      <trkpt lat="29.570437086912076" lon="106.56990237774082">
        <ele>140.4033203125</ele>
        <time>2026-10-08T23:01:37Z</time>
        <extensions>
          <gpxtpx:TrackPointExtension>
            <gpxtpx:hr>139</gpxtpx:hr>
          </gpxtpx:TrackPointExtension>
        </extensions>
      </trkpt>
      <trkpt lat="29.570417448793027" lon="106.57023460889394">
        <ele>140.69573974609375</ele>
        <time>2026-10-08T23:01:49Z</time>
        <extensions>
          <gpxtpx:TrackPointExtension>
            <gpxtpx:hr>139</gpxtpx:hr>
          </gpxtpx:TrackPointExtension>
        </extensions>
      </trkpt>
      <trkpt lat="29.570411808294065" lon="106.57057383821275">
        <ele>140.627197265625</ele>
        <time>2026-10-08T23:02:01Z</time>
        <extensions>
          <gpxtpx:TrackPointExtension>
            <gpxtpx:hr>144</gpxtpx:hr>
          </gpxtpx:TrackPointExtension>
        </extensions>
      </trkpt>
      <trkpt lat="29.570446155077793" lon="106.57091906314992">
        <ele>139.927490234375</ele>
        <time>2026-10-08T23:02:13Z</time>
        <extensions>
          <gpxtpx:TrackPointExtension>
            <gpxtpx:hr>143</gpxtpx:hr>
          </gpxtpx:TrackPointExtension>
        </extensions>
      </trkpt>
      <trkpt lat="29.57050647134062" lon="106.57124827030988">
        <ele>140.7215576171875</ele>
        <time>2026-10-08T23:02:25Z</time>
        <extensions>
          <gpxtpx:TrackPointExtension>
            <gpxtpx:hr>141</gpxtpx:hr>
          </gpxtpx:TrackPointExtension>
        </extensions>
      </trkpt>
      <trkpt lat="29.57059074743665" lon="106.57155045384484">
        <ele>140.9239501953125</ele>
        <time>2026-10-08T23:02:37Z</time>
        <extensions>
          <gpxtpx:TrackPointExtension>
            <gpxtpx:hr>142</gpxtpx:hr>
          </gpxtpx:TrackPointExtension>
        </extensions>
      </trkpt>
      <trkpt lat="29.57068908780952" lon="106.57192667613702">
        <ele>140.40325927734375</ele>
        <time>2026-10-08T23:02:52Z</time>
        <extensions>
          <gpxtpx:TrackPointExtension>
            <gpxtpx:hr>144</gpxtpx:hr>
          </gpxtpx:TrackPointExtension>
        </extensions>
      </trkpt>
      <trkpt lat="29.570694461769403" lon="106.57231090116666">
        <ele>143.38751220703125</ele>
        <time>2026-10-08T23:03:07Z</time>
        <extensions>
          <gpxtpx:TrackPointExtension>
            <gpxtpx:hr>144</gpxtpx:hr>
          </gpxtpx:TrackPointExtension>
        </extensions>
      </trkpt>
      <trkpt lat="29.57076973820463" lon="106.57262507533136">
        <ele>147.71826171875</ele>
        <time>2026-10-08T23:03:19Z</time>
        <extensions>
          <gpxtpx:TrackPointExtension>
            <gpxtpx:hr>144</gpxtpx:hr>
          </gpxtpx:TrackPointExtension>
        </extensions>
      </trkpt>
      <trkpt lat="29.57078988366323" lon="106.57278516317555">
        <ele>148.15728759765625</ele>
        <time>2026-10-08T23:03:25Z</time>
        <extensions>
          <gpxtpx:TrackPointExtension>
            <gpxtpx:hr>144</gpxtpx:hr>
          </gpxtpx:TrackPointExtension>
        </extensions>
      </trkpt>
      <trkpt lat="29.570736202664794" lon="106.57310433984478">
        <ele>150.4967041015625</ele>
        <time>2026-10-08T23:03:37Z</time>
        <extensions>
          <gpxtpx:TrackPointExtension>
            <gpxtpx:hr>148</gpxtpx:hr>
          </gpxtpx:TrackPointExtension>
        </extensions>
      </trkpt>
      <trkpt lat="29.570688529776074" lon="106.57343951916538">
        <ele>149.388427734375</ele>
        <time>2026-10-08T23:03:49Z</time>
        <extensions>
          <gpxtpx:TrackPointExtension>
            <gpxtpx:hr>149</gpxtpx:hr>
          </gpxtpx:TrackPointExtension>
        </extensions>
      </trkpt>
      <trkpt lat="29.570682773949436" lon="106.5737046550028">
        <ele>149.9525146484375</ele>
        <time>2026-10-08T23:03:58Z</time>
        <extensions>
          <gpxtpx:TrackPointExtension>
            <gpxtpx:hr>148</gpxtpx:hr>
          </gpxtpx:TrackPointExtension>
        </extensions>
      </trkpt>
      <trkpt lat="29.570785008136465" lon="106.57400379750044">
        <ele>153.597900390625</ele>
        <time>2026-10-08T23:04:10Z</time>
        <extensions>
          <gpxtpx:TrackPointExtension>
            <gpxtpx:hr>151</gpxtpx:hr>
          </gpxtpx:TrackPointExtension>
        </extensions>
      </trkpt>
      <trkpt lat="29.57084613581145" lon="106.57417087482445">
        <ele>152.1910400390625</ele>
        <time>2026-10-08T23:04:16Z</time>
        <extensions>
          <gpxtpx:TrackPointExtension>
            <gpxtpx:hr>153</gpxtpx:hr>
          </gpxtpx:TrackPointExtension>
        </extensions>
      </trkpt>
      <trkpt lat="29.570831219738267" lon="106.57425991822295">
        <ele>152.267578125</ele>
        <time>2026-10-08T23:04:19Z</time>
        <extensions>
          <gpxtpx:TrackPointExtension>
            <gpxtpx:hr>154</gpxtpx:hr>
          </gpxtpx:TrackPointExtension>
        </extensions>
      </trkpt>
      <trkpt lat="29.570782318559527" lon="106.57435296508326">
        <ele>154.171630859375</ele>
        <time>2026-10-08T23:04:22Z</time>
        <extensions>
          <gpxtpx:TrackPointExtension>
            <gpxtpx:hr>154</gpxtpx:hr>
          </gpxtpx:TrackPointExtension>
        </extensions>
      </trkpt>
      <trkpt lat="29.570760404178582" lon="106.57444200804663">
        <ele>153.41180419921875</ele>
        <time>2026-10-08T23:04:25Z</time>
        <extensions>
          <gpxtpx:TrackPointExtension>
            <gpxtpx:hr>154</gpxtpx:hr>
          </gpxtpx:TrackPointExtension>
        </extensions>
      </trkpt>
      <trkpt lat="29.57083167620577" lon="106.57478416017914">
        <ele>154.3583984375</ele>
        <time>2026-10-08T23:04:37Z</time>
        <extensions>
          <gpxtpx:TrackPointExtension>
            <gpxtpx:hr>152</gpxtpx:hr>
          </gpxtpx:TrackPointExtension>
        </extensions>
      </trkpt>
      <trkpt lat="29.57083595598269" lon="106.57511430496152">
        <ele>152.67999267578125</ele>
        <time>2026-10-08T23:04:49Z</time>
        <extensions>
          <gpxtpx:TrackPointExtension>
            <gpxtpx:hr>150</gpxtpx:hr>
          </gpxtpx:TrackPointExtension>
        </extensions>
      </trkpt>
      <trkpt lat="29.57078721178024" lon="106.5753994284933">
        <ele>148.75634765625</ele>
        <time>2026-10-08T23:04:58Z</time>
        <extensions>
          <gpxtpx:TrackPointExtension>
            <gpxtpx:hr>149</gpxtpx:hr>
          </gpxtpx:TrackPointExtension>
        </extensions>
      </trkpt>
      <trkpt lat="29.570774539703308" lon="106.57579258867023">
        <ele>142.9078369140625</ele>
        <time>2026-10-08T23:05:10Z</time>
        <extensions>
          <gpxtpx:TrackPointExtension>
            <gpxtpx:hr>148</gpxtpx:hr>
          </gpxtpx:TrackPointExtension>
        </extensions>
      </trkpt>
      <trkpt lat="29.570743756557153" lon="106.57604768959952">
        <ele>143.07916259765625</ele>
        <time>2026-10-08T23:05:19Z</time>
        <extensions>
          <gpxtpx:TrackPointExtension>
            <gpxtpx:hr>141</gpxtpx:hr>
          </gpxtpx:TrackPointExtension>
        </extensions>
      </trkpt>
      <trkpt lat="29.57075681454551" lon="106.57612571847459">
        <ele>143.98809814453125</ele>
        <time>2026-10-08T23:05:22Z</time>
        <extensions>
          <gpxtpx:TrackPointExtension>
            <gpxtpx:hr>141</gpxtpx:hr>
          </gpxtpx:TrackPointExtension>
        </extensions>
      </trkpt>
      <trkpt lat="29.570885940823086" lon="106.57634079095709">
        <ele>146.849365234375</ele>
        <time>2026-10-08T23:05:31Z</time>
        <extensions>
          <gpxtpx:TrackPointExtension>
            <gpxtpx:hr>140</gpxtpx:hr>
          </gpxtpx:TrackPointExtension>
        </extensions>
      </trkpt>
      <trkpt lat="29.570996162535135" lon="106.57667290335246">
        <ele>146.5164794921875</ele>
        <time>2026-10-08T23:05:43Z</time>
        <extensions>
          <gpxtpx:TrackPointExtension>
            <gpxtpx:hr>136</gpxtpx:hr>
          </gpxtpx:TrackPointExtension>
        </extensions>
      </trkpt>
      <trkpt lat="29.571099385516415" lon="106.57701001203834">
        <ele>146.18377685546875</ele>
        <time>2026-10-08T23:05:55Z</time>
        <extensions>
          <gpxtpx:TrackPointExtension>
            <gpxtpx:hr>142</gpxtpx:hr>
          </gpxtpx:TrackPointExtension>
        </extensions>
      </trkpt>
      <trkpt lat="29.571199600712745" lon="106.57734211337328">
        <ele>146.31500244140625</ele>
        <time>2026-10-08T23:06:07Z</time>
        <extensions>
          <gpxtpx:TrackPointExtension>
            <gpxtpx:hr>144</gpxtpx:hr>
          </gpxtpx:TrackPointExtension>
        </extensions>
      </trkpt>
      <trkpt lat="29.57131478607736" lon="106.57764720001443">
        <ele>146.6112060546875</ele>
        <time>2026-10-08T23:06:19Z</time>
        <extensions>
          <gpxtpx:TrackPointExtension>
            <gpxtpx:hr>147</gpxtpx:hr>
          </gpxtpx:TrackPointExtension>
        </extensions>
      </trkpt>
      <trkpt lat="29.57144095846099" lon="106.57794527915159">
        <ele>148.126953125</ele>
        <time>2026-10-08T23:06:31Z</time>
        <extensions>
          <gpxtpx:TrackPointExtension>
            <gpxtpx:hr>146</gpxtpx:hr>
          </gpxtpx:TrackPointExtension>
        </extensions>
      </trkpt>
      <trkpt lat="29.571599131326906" lon="106.5782653576088">
        <ele>146.01068115234375</ele>
        <time>2026-10-08T23:06:43Z</time>
        <extensions>
          <gpxtpx:TrackPointExtension>
            <gpxtpx:hr>144</gpxtpx:hr>
          </gpxtpx:TrackPointExtension>
        </extensions>
      </trkpt>
      <trkpt lat="29.5717532809982" lon="106.5785564236814">
        <ele>146.70672607421875</ele>
        <time>2026-10-08T23:06:55Z</time>
        <extensions>
          <gpxtpx:TrackPointExtension>
            <gpxtpx:hr>144</gpxtpx:hr>
          </gpxtpx:TrackPointExtension>
        </extensions>
      </trkpt>
      <trkpt lat="29.57190342825648" lon="106.57884748553892">
        <ele>147.98773193359375</ele>
        <time>2026-10-08T23:07:07Z</time>
        <extensions>
          <gpxtpx:TrackPointExtension>
            <gpxtpx:hr>143</gpxtpx:hr>
          </gpxtpx:TrackPointExtension>
        </extensions>
      </trkpt>
      <trkpt lat="29.57200747406593" lon="106.5789685075106">
        <ele>147.90533447265625</ele>
        <time>2026-10-08T23:07:13Z</time>
        <extensions>
          <gpxtpx:TrackPointExtension>
            <gpxtpx:hr>142</gpxtpx:hr>
          </gpxtpx:TrackPointExtension>
        </extensions>
      </trkpt>
      <trkpt lat="29.572264498594013" lon="106.57913753036281">
        <ele>143.50189208984375</ele>
        <time>2026-10-08T23:07:25Z</time>
        <extensions>
          <gpxtpx:TrackPointExtension>
            <gpxtpx:hr>144</gpxtpx:hr>
          </gpxtpx:TrackPointExtension>
        </extensions>
      </trkpt>
      <trkpt lat="29.572516522973984" lon="106.57930555179547">
        <ele>143.822265625</ele>
        <time>2026-10-08T23:07:37Z</time>
        <extensions>
          <gpxtpx:TrackPointExtension>
            <gpxtpx:hr>141</gpxtpx:hr>
          </gpxtpx:TrackPointExtension>
        </extensions>
      </trkpt>
      <trkpt lat="29.57278454910239" lon="106.57948657343104">
        <ele>144.11810302734375</ele>
        <time>2026-10-08T23:07:49Z</time>
        <extensions>
          <gpxtpx:TrackPointExtension>
            <gpxtpx:hr>137</gpxtpx:hr>
          </gpxtpx:TrackPointExtension>
        </extensions>
      </trkpt>
      <trkpt lat="29.57291955969323" lon="106.57957458305212">
        <ele>144.648193359375</ele>
        <time>2026-10-08T23:07:55Z</time>
        <extensions>
          <gpxtpx:TrackPointExtension>
            <gpxtpx:hr>140</gpxtpx:hr>
          </gpxtpx:TrackPointExtension>
        </extensions>
      </trkpt>
      <trkpt lat="29.572997547136765" lon="106.57959658280096">
        <ele>145.16473388671875</ele>
        <time>2026-10-08T23:07:58Z</time>
        <extensions>
          <gpxtpx:TrackPointExtension>
            <gpxtpx:hr>140</gpxtpx:hr>
          </gpxtpx:TrackPointExtension>
        </extensions>
      </trkpt>
      <trkpt lat="29.5730775081672" lon="106.57957857458138">
        <ele>145.72723388671875</ele>
        <time>2026-10-08T23:08:01Z</time>
        <extensions>
          <gpxtpx:TrackPointExtension>
            <gpxtpx:hr>141</gpxtpx:hr>
          </gpxtpx:TrackPointExtension>
        </extensions>
      </trkpt>
      <trkpt lat="29.573333302663805" lon="106.57939652291147">
        <ele>146.943603515625</ele>
        <time>2026-10-08T23:08:13Z</time>
        <extensions>
          <gpxtpx:TrackPointExtension>
            <gpxtpx:hr>145</gpxtpx:hr>
          </gpxtpx:TrackPointExtension>
        </extensions>
      </trkpt>
      <trkpt lat="29.573580109379034" lon="106.57923047347366">
        <ele>146.869873046875</ele>
        <time>2026-10-08T23:08:25Z</time>
        <extensions>
          <gpxtpx:TrackPointExtension>
            <gpxtpx:hr>147</gpxtpx:hr>
          </gpxtpx:TrackPointExtension>
        </extensions>
      </trkpt>
      <trkpt lat="29.573826896234436" lon="106.5790364163021">
        <ele>146.21588134765625</ele>
        <time>2026-10-08T23:08:37Z</time>
        <extensions>
          <gpxtpx:TrackPointExtension>
            <gpxtpx:hr>144</gpxtpx:hr>
          </gpxtpx:TrackPointExtension>
        </extensions>
      </trkpt>
      <trkpt lat="29.574071655714533" lon="106.57880334804891">
        <ele>147.1348876953125</ele>
        <time>2026-10-08T23:08:49Z</time>
        <extensions>
          <gpxtpx:TrackPointExtension>
            <gpxtpx:hr>145</gpxtpx:hr>
          </gpxtpx:TrackPointExtension>
        </extensions>
      </trkpt>
      <trkpt lat="29.574351432549523" lon="106.5786162863211">
        <ele>146.4222412109375</ele>
        <time>2026-10-08T23:09:01Z</time>
        <extensions>
          <gpxtpx:TrackPointExtension>
            <gpxtpx:hr>147</gpxtpx:hr>
          </gpxtpx:TrackPointExtension>
        </extensions>
      </trkpt>
      <trkpt lat="29.574621229377986" lon="106.57845523000807">
        <ele>146.66351318359375</ele>
        <time>2026-10-08T23:09:13Z</time>
        <extensions>
          <gpxtpx:TrackPointExtension>
            <gpxtpx:hr>145</gpxtpx:hr>
          </gpxtpx:TrackPointExtension>
        </extensions>
      </trkpt>
      <trkpt lat="29.574894022703944" lon="106.57829217162856">
        <ele>145.9112548828125</ele>
        <time>2026-10-08T23:09:25Z</time>
        <extensions>
          <gpxtpx:TrackPointExtension>
            <gpxtpx:hr>144</gpxtpx:hr>
          </gpxtpx:TrackPointExtension>
        </extensions>
      </trkpt>
      <trkpt lat="29.575154825381063" lon="106.57813811500974">
        <ele>145.45428466796875</ele>
        <time>2026-10-08T23:09:37Z</time>
        <extensions>
          <gpxtpx:TrackPointExtension>
            <gpxtpx:hr>143</gpxtpx:hr>
          </gpxtpx:TrackPointExtension>
        </extensions>
      </trkpt>
      <trkpt lat="29.575430621265973" lon="106.57798305598543">
        <ele>146.6490478515625</ele>
        <time>2026-10-08T23:09:49Z</time>
        <extensions>
          <gpxtpx:TrackPointExtension>
            <gpxtpx:hr>144</gpxtpx:hr>
          </gpxtpx:TrackPointExtension>
        </extensions>
      </trkpt>
      <trkpt lat="29.575717436975886" lon="106.57786200483864">
        <ele>150.04449462890625</ele>
        <time>2026-10-08T23:10:02Z</time>
        <extensions>
          <gpxtpx:TrackPointExtension>
            <gpxtpx:hr>145</gpxtpx:hr>
          </gpxtpx:TrackPointExtension>
        </extensions>
      </trkpt>
      <trkpt lat="29.575849370574876" lon="106.57783198847304">
        <ele>151.158203125</ele>
        <time>2026-10-08T23:10:08Z</time>
        <extensions>
          <gpxtpx:TrackPointExtension>
            <gpxtpx:hr>150</gpxtpx:hr>
          </gpxtpx:TrackPointExtension>
        </extensions>
      </trkpt>
      <trkpt lat="29.5759733494913" lon="106.57786098954925">
        <ele>151.5738525390625</ele>
        <time>2026-10-08T23:10:14Z</time>
        <extensions>
          <gpxtpx:TrackPointExtension>
            <gpxtpx:hr>152</gpxtpx:hr>
          </gpxtpx:TrackPointExtension>
        </extensions>
      </trkpt>
      <trkpt lat="29.57619026157647" lon="106.57784097108306">
        <ele>154.0528564453125</ele>
        <time>2026-10-08T23:10:23Z</time>
        <extensions>
          <gpxtpx:TrackPointExtension>
            <gpxtpx:hr>156</gpxtpx:hr>
          </gpxtpx:TrackPointExtension>
        </extensions>
      </trkpt>
      <trkpt lat="29.576472042768707" lon="106.57767090484089">
        <ele>151.1090087890625</ele>
        <time>2026-10-08T23:10:35Z</time>
        <extensions>
          <gpxtpx:TrackPointExtension>
            <gpxtpx:hr>156</gpxtpx:hr>
          </gpxtpx:TrackPointExtension>
        </extensions>
      </trkpt>
      <trkpt lat="29.576750803845126" lon="106.57747382898039">
        <ele>148.7418212890625</ele>
        <time>2026-10-08T23:10:47Z</time>
        <extensions>
          <gpxtpx:TrackPointExtension>
            <gpxtpx:hr>154</gpxtpx:hr>
          </gpxtpx:TrackPointExtension>
        </extensions>
      </trkpt>
      <trkpt lat="29.576810756960622" lon="106.57743781436903">
        <ele>148.745849609375</ele>
        <time>2026-10-08T23:10:50Z</time>
        <extensions>
          <gpxtpx:TrackPointExtension>
            <gpxtpx:hr>154</gpxtpx:hr>
          </gpxtpx:TrackPointExtension>
        </extensions>
      </trkpt>
      <trkpt lat="29.577080704983963" lon="106.57749081485586">
        <ele>146.91851806640625</ele>
        <time>2026-10-08T23:11:02Z</time>
        <extensions>
          <gpxtpx:TrackPointExtension>
            <gpxtpx:hr>149</gpxtpx:hr>
          </gpxtpx:TrackPointExtension>
        </extensions>
      </trkpt>
      <trkpt lat="29.577168694465" lon="106.577516817646">
        <ele>144.16766357421875</ele>
        <time>2026-10-08T23:11:05Z</time>
        <extensions>
          <gpxtpx:TrackPointExtension>
            <gpxtpx:hr>149</gpxtpx:hr>
          </gpxtpx:TrackPointExtension>
        </extensions>
      </trkpt>
      <trkpt lat="29.57726166310158" lon="106.57751681219553">
        <ele>143.5933837890625</ele>
        <time>2026-10-08T23:11:08Z</time>
        <extensions>
          <gpxtpx:TrackPointExtension>
            <gpxtpx:hr>148</gpxtpx:hr>
          </gpxtpx:TrackPointExtension>
        </extensions>
      </trkpt>
      <trkpt lat="29.577353610704172" lon="106.57748779793677">
        <ele>144.3555908203125</ele>
        <time>2026-10-08T23:11:11Z</time>
        <extensions>
          <gpxtpx:TrackPointExtension>
            <gpxtpx:hr>147</gpxtpx:hr>
          </gpxtpx:TrackPointExtension>
        </extensions>
      </trkpt>
      <trkpt lat="29.577639353904257" lon="106.57727171374309">
        <ele>143.66448974609375</ele>
        <time>2026-10-08T23:11:23Z</time>
        <extensions>
          <gpxtpx:TrackPointExtension>
            <gpxtpx:hr>146</gpxtpx:hr>
          </gpxtpx:TrackPointExtension>
        </extensions>
      </trkpt>
      <trkpt lat="29.577910116045715" lon="106.5770766348813">
        <ele>142.48101806640625</ele>
        <time>2026-10-08T23:11:35Z</time>
        <extensions>
          <gpxtpx:TrackPointExtension>
            <gpxtpx:hr>145</gpxtpx:hr>
          </gpxtpx:TrackPointExtension>
        </extensions>
      </trkpt>
      <trkpt lat="29.578179863886955" lon="106.57686454832408">
        <ele>140.6651611328125</ele>
        <time>2026-10-08T23:11:47Z</time>
        <extensions>
          <gpxtpx:TrackPointExtension>
            <gpxtpx:hr>143</gpxtpx:hr>
          </gpxtpx:TrackPointExtension>
        </extensions>
      </trkpt>
      <trkpt lat="29.578459614966626" lon="106.57666346267368">
        <ele>140.9658203125</ele>
        <time>2026-10-08T23:11:59Z</time>
        <extensions>
          <gpxtpx:TrackPointExtension>
            <gpxtpx:hr>144</gpxtpx:hr>
          </gpxtpx:TrackPointExtension>
        </extensions>
      </trkpt>
      <trkpt lat="29.578738348185702" lon="106.5764413673859">
        <ele>139.3768310546875</ele>
        <time>2026-10-08T23:12:11Z</time>
        <extensions>
          <gpxtpx:TrackPointExtension>
            <gpxtpx:hr>144</gpxtpx:hr>
          </gpxtpx:TrackPointExtension>
        </extensions>
      </trkpt>
      <trkpt lat="29.578864213784744" lon="106.57632431736033">
        <ele>140.386474609375</ele>
        <time>2026-10-08T23:12:17Z</time>
        <extensions>
          <gpxtpx:TrackPointExtension>
            <gpxtpx:hr>143</gpxtpx:hr>
          </gpxtpx:TrackPointExtension>
        </extensions>
      </trkpt>
      <trkpt lat="29.57890713759395" lon="106.57624628601455">
        <ele>140.9747314453125</ele>
        <time>2026-10-08T23:12:20Z</time>
        <extensions>
          <gpxtpx:TrackPointExtension>
            <gpxtpx:hr>143</gpxtpx:hr>
          </gpxtpx:TrackPointExtension>
        </extensions>
      </trkpt>
      <trkpt lat="29.5789558874756" lon="106.57595417240216">
        <ele>140.375</ele>
        <time>2026-10-08T23:12:29Z</time>
        <extensions>
          <gpxtpx:TrackPointExtension>
            <gpxtpx:hr>144</gpxtpx:hr>
          </gpxtpx:TrackPointExtension>
        </extensions>
      </trkpt>
      <trkpt lat="29.579043720985275" lon="106.57578510111111">
        <ele>140.9034423828125</ele>
        <time>2026-10-08T23:12:35Z</time>
        <extensions>
          <gpxtpx:TrackPointExtension>
            <gpxtpx:hr>146</gpxtpx:hr>
          </gpxtpx:TrackPointExtension>
        </extensions>
      </trkpt>
      <trkpt lat="29.57929143539744" lon="106.57553798722898">
        <ele>142.10577392578125</ele>
        <time>2026-10-08T23:12:47Z</time>
        <extensions>
          <gpxtpx:TrackPointExtension>
            <gpxtpx:hr>147</gpxtpx:hr>
          </gpxtpx:TrackPointExtension>
        </extensions>
      </trkpt>
      <trkpt lat="29.579574197233093" lon="106.57536489915708">
        <ele>138.7860107421875</ele>
        <time>2026-10-08T23:12:59Z</time>
        <extensions>
          <gpxtpx:TrackPointExtension>
            <gpxtpx:hr>148</gpxtpx:hr>
          </gpxtpx:TrackPointExtension>
        </extensions>
      </trkpt>
      <trkpt lat="29.579865996816412" lon="106.5752418302648">
        <ele>139.38916015625</ele>
        <time>2026-10-08T23:13:11Z</time>
        <extensions>
          <gpxtpx:TrackPointExtension>
            <gpxtpx:hr>144</gpxtpx:hr>
          </gpxtpx:TrackPointExtension>
        </extensions>
      </trkpt>
      <trkpt lat="29.58007481845448" lon="106.57511276286192">
        <ele>139.203369140625</ele>
        <time>2026-10-08T23:13:20Z</time>
        <extensions>
          <gpxtpx:TrackPointExtension>
            <gpxtpx:hr>143</gpxtpx:hr>
          </gpxtpx:TrackPointExtension>
        </extensions>
      </trkpt>
      <trkpt lat="29.58032553243337" lon="106.57487464411263">
        <ele>140.0235595703125</ele>
        <time>2026-10-08T23:13:32Z</time>
        <extensions>
          <gpxtpx:TrackPointExtension>
            <gpxtpx:hr>146</gpxtpx:hr>
          </gpxtpx:TrackPointExtension>
        </extensions>
      </trkpt>
      <trkpt lat="29.580442382724037" lon="106.57474557962774">
        <ele>139.00555419921875</ele>
        <time>2026-10-08T23:13:38Z</time>
        <extensions>
          <gpxtpx:TrackPointExtension>
            <gpxtpx:hr>148</gpxtpx:hr>
          </gpxtpx:TrackPointExtension>
        </extensions>
      </trkpt>
      <trkpt lat="29.580482302957645" lon="106.57466854247149">
        <ele>139.53424072265625</ele>
        <time>2026-10-08T23:13:41Z</time>
        <extensions>
          <gpxtpx:TrackPointExtension>
            <gpxtpx:hr>149</gpxtpx:hr>
          </gpxtpx:TrackPointExtension>
        </extensions>
      </trkpt>
      <trkpt lat="29.5805539639548" lon="106.57430737091542">
        <ele>142.43902587890625</ele>
        <time>2026-10-08T23:13:53Z</time>
        <extensions>
          <gpxtpx:TrackPointExtension>
            <gpxtpx:hr>151</gpxtpx:hr>
          </gpxtpx:TrackPointExtension>
        </extensions>
      </trkpt>
      <trkpt lat="29.580584713316814" lon="106.5740362390111">
        <ele>143.53369140625</ele>
        <time>2026-10-08T23:14:02Z</time>
        <extensions>
          <gpxtpx:TrackPointExtension>
            <gpxtpx:hr>151</gpxtpx:hr>
          </gpxtpx:TrackPointExtension>
        </extensions>
      </trkpt>
      <trkpt lat="29.5806066326272" lon="106.57395419760424">
        <ele>144.8326416015625</ele>
        <time>2026-10-08T23:14:05Z</time>
        <extensions>
          <gpxtpx:TrackPointExtension>
            <gpxtpx:hr>151</gpxtpx:hr>
          </gpxtpx:TrackPointExtension>
        </extensions>
      </trkpt>
      <trkpt lat="29.58066153074288" lon="106.57386114845684">
        <ele>145.380859375</ele>
        <time>2026-10-08T23:14:08Z</time>
        <extensions>
          <gpxtpx:TrackPointExtension>
            <gpxtpx:hr>152</gpxtpx:hr>
          </gpxtpx:TrackPointExtension>
        </extensions>
      </trkpt>
      <trkpt lat="29.58091726814576" lon="106.57366503518797">
        <ele>147.123291015625</ele>
        <time>2026-10-08T23:14:20Z</time>
        <extensions>
          <gpxtpx:TrackPointExtension>
            <gpxtpx:hr>155</gpxtpx:hr>
          </gpxtpx:TrackPointExtension>
        </extensions>
      </trkpt>
      <trkpt lat="29.581173994395943" lon="106.57345891468904">
        <ele>147.0057373046875</ele>
        <time>2026-10-08T23:14:32Z</time>
        <extensions>
          <gpxtpx:TrackPointExtension>
            <gpxtpx:hr>154</gpxtpx:hr>
          </gpxtpx:TrackPointExtension>
        </extensions>
      </trkpt>
      <trkpt lat="29.581430720687198" lon="106.57325479303512">
        <ele>148.156005859375</ele>
        <time>2026-10-08T23:14:44Z</time>
        <extensions>
          <gpxtpx:TrackPointExtension>
            <gpxtpx:hr>152</gpxtpx:hr>
          </gpxtpx:TrackPointExtension>
        </extensions>
      </trkpt>
      <trkpt lat="29.581712484627662" lon="106.57310169513981">
        <ele>148.9085693359375</ele>
        <time>2026-10-08T23:14:56Z</time>
        <extensions>
          <gpxtpx:TrackPointExtension>
            <gpxtpx:hr>153</gpxtpx:hr>
          </gpxtpx:TrackPointExtension>
        </extensions>
      </trkpt>
      <trkpt lat="29.58185836411589" lon="106.57302464517213">
        <ele>147.6429443359375</ele>
        <time>2026-10-08T23:15:02Z</time>
        <extensions>
          <gpxtpx:TrackPointExtension>
            <gpxtpx:hr>153</gpxtpx:hr>
          </gpxtpx:TrackPointExtension>
        </extensions>
      </trkpt>
      <trkpt lat="29.582149123653142" lon="106.5728715449175">
        <ele>148.562744140625</ele>
        <time>2026-10-08T23:15:14Z</time>
        <extensions>
          <gpxtpx:TrackPointExtension>
            <gpxtpx:hr>154</gpxtpx:hr>
          </gpxtpx:TrackPointExtension>
        </extensions>
      </trkpt>
      <trkpt lat="29.582446898006992" lon="106.57273745358309">
        <ele>146.8814697265625</ele>
        <time>2026-10-08T23:15:26Z</time>
        <extensions>
          <gpxtpx:TrackPointExtension>
            <gpxtpx:hr>153</gpxtpx:hr>
          </gpxtpx:TrackPointExtension>
        </extensions>
      </trkpt>
      <trkpt lat="29.58275268050303" lon="106.57261536758182">
        <ele>146.1890869140625</ele>
        <time>2026-10-08T23:15:38Z</time>
        <extensions>
          <gpxtpx:TrackPointExtension>
            <gpxtpx:hr>153</gpxtpx:hr>
          </gpxtpx:TrackPointExtension>
        </extensions>
      </trkpt>
      <trkpt lat="29.583073487288704" lon="106.57252429749057">
        <ele>144.993408203125</ele>
        <time>2026-10-08T23:15:50Z</time>
        <extensions>
          <gpxtpx:TrackPointExtension>
            <gpxtpx:hr>152</gpxtpx:hr>
          </gpxtpx:TrackPointExtension>
        </extensions>
      </trkpt>
      <trkpt lat="29.583412311028113" lon="106.57245723958994">
        <ele>146.37066650390625</ele>
        <time>2026-10-08T23:16:02Z</time>
        <extensions>
          <gpxtpx:TrackPointExtension>
            <gpxtpx:hr>151</gpxtpx:hr>
          </gpxtpx:TrackPointExtension>
        </extensions>
      </trkpt>
      <trkpt lat="29.583736154135064" lon="106.57240519092025">
        <ele>145.27734375</ele>
        <time>2026-10-08T23:16:14Z</time>
        <extensions>
          <gpxtpx:TrackPointExtension>
            <gpxtpx:hr>152</gpxtpx:hr>
          </gpxtpx:TrackPointExtension>
        </extensions>
      </trkpt>
      <trkpt lat="29.584060999824267" lon="106.57235614377484">
        <ele>144.72021484375</ele>
        <time>2026-10-08T23:16:26Z</time>
        <extensions>
          <gpxtpx:TrackPointExtension>
            <gpxtpx:hr>149</gpxtpx:hr>
          </gpxtpx:TrackPointExtension>
        </extensions>
      </trkpt>
      <trkpt lat="29.58439083128033" lon="106.57229408870532">
        <ele>145.6177978515625</ele>
        <time>2026-10-08T23:16:38Z</time>
        <extensions>
          <gpxtpx:TrackPointExtension>
            <gpxtpx:hr>152</gpxtpx:hr>
          </gpxtpx:TrackPointExtension>
        </extensions>
      </trkpt>
      <trkpt lat="29.58455674763761" lon="106.57226406161621">
        <ele>146.46429443359375</ele>
        <time>2026-10-08T23:16:44Z</time>
        <extensions>
          <gpxtpx:TrackPointExtension>
            <gpxtpx:hr>152</gpxtpx:hr>
          </gpxtpx:TrackPointExtension>
        </extensions>
      </trkpt>
      <trkpt lat="29.584637741451534" lon="106.57228506901943">
        <ele>146.7022705078125</ele>
        <time>2026-10-08T23:16:47Z</time>
        <extensions>
          <gpxtpx:TrackPointExtension>
            <gpxtpx:hr>152</gpxtpx:hr>
          </gpxtpx:TrackPointExtension>
        </extensions>
      </trkpt>
      <trkpt lat="29.584719714546598" lon="106.57228506421082">
        <ele>147.3768310546875</ele>
        <time>2026-10-08T23:16:50Z</time>
        <extensions>
          <gpxtpx:TrackPointExtension>
            <gpxtpx:hr>151</gpxtpx:hr>
          </gpxtpx:TrackPointExtension>
        </extensions>
      </trkpt>
      <trkpt lat="29.585070510936472" lon="106.57219399079811">
        <ele>145.75360107421875</ele>
        <time>2026-10-08T23:17:02Z</time>
        <extensions>
          <gpxtpx:TrackPointExtension>
            <gpxtpx:hr>150</gpxtpx:hr>
          </gpxtpx:TrackPointExtension>
        </extensions>
      </trkpt>
      <trkpt lat="29.585398326378908" lon="106.57211492535167">
        <ele>143.4229736328125</ele>
        <time>2026-10-08T23:17:14Z</time>
        <extensions>
          <gpxtpx:TrackPointExtension>
            <gpxtpx:hr>154</gpxtpx:hr>
          </gpxtpx:TrackPointExtension>
        </extensions>
      </trkpt>
      <trkpt lat="29.585700146244612" lon="106.57203185874087">
        <ele>141.8980712890625</ele>
        <time>2026-10-08T23:17:26Z</time>
        <extensions>
          <gpxtpx:TrackPointExtension>
            <gpxtpx:hr>151</gpxtpx:hr>
          </gpxtpx:TrackPointExtension>
        </extensions>
      </trkpt>
      <trkpt lat="29.585998992511666" lon="106.57197480741675">
        <ele>140.76983642578125</ele>
        <time>2026-10-08T23:17:38Z</time>
        <extensions>
          <gpxtpx:TrackPointExtension>
            <gpxtpx:hr>150</gpxtpx:hr>
          </gpxtpx:TrackPointExtension>
        </extensions>
      </trkpt>
      <trkpt lat="29.586305838108522" lon="106.57191975664894">
        <ele>140.30670166015625</ele>
        <time>2026-10-08T23:17:50Z</time>
        <extensions>
          <gpxtpx:TrackPointExtension>
            <gpxtpx:hr>150</gpxtpx:hr>
          </gpxtpx:TrackPointExtension>
        </extensions>
      </trkpt>
      <trkpt lat="29.586608704771514" lon="106.57188471794765">
        <ele>139.8118896484375</ele>
        <time>2026-10-08T23:18:02Z</time>
        <extensions>
          <gpxtpx:TrackPointExtension>
            <gpxtpx:hr>149</gpxtpx:hr>
          </gpxtpx:TrackPointExtension>
        </extensions>
      </trkpt>
      <trkpt lat="29.586920580443245" lon="106.57186168586003">
        <ele>140.5615234375</ele>
        <time>2026-10-08T23:18:14Z</time>
        <extensions>
          <gpxtpx:TrackPointExtension>
            <gpxtpx:hr>147</gpxtpx:hr>
          </gpxtpx:TrackPointExtension>
        </extensions>
      </trkpt>
      <trkpt lat="29.587225458484987" lon="106.57183865415523">
        <ele>142.23529052734375</ele>
        <time>2026-10-08T23:18:26Z</time>
        <extensions>
          <gpxtpx:TrackPointExtension>
            <gpxtpx:hr>146</gpxtpx:hr>
          </gpxtpx:TrackPointExtension>
        </extensions>
      </trkpt>
      <trkpt lat="29.587537333352284" lon="106.57181462140963">
        <ele>144.4573974609375</ele>
        <time>2026-10-08T23:18:38Z</time>
        <extensions>
          <gpxtpx:TrackPointExtension>
            <gpxtpx:hr>144</gpxtpx:hr>
          </gpxtpx:TrackPointExtension>
        </extensions>
      </trkpt>
      <trkpt lat="29.58784120395528" lon="106.57178358487508">
        <ele>145.8306884765625</ele>
        <time>2026-10-08T23:18:50Z</time>
        <extensions>
          <gpxtpx:TrackPointExtension>
            <gpxtpx:hr>145</gpxtpx:hr>
          </gpxtpx:TrackPointExtension>
        </extensions>
      </trkpt>
      <trkpt lat="29.588152076338755" lon="106.5717565503026">
        <ele>146.00689697265625</ele>
        <time>2026-10-08T23:19:02Z</time>
        <extensions>
          <gpxtpx:TrackPointExtension>
            <gpxtpx:hr>146</gpxtpx:hr>
          </gpxtpx:TrackPointExtension>
        </extensions>
      </trkpt>
      <trkpt lat="29.588458939147444" lon="106.5717185092467">
        <ele>145.164794921875</ele>
        <time>2026-10-08T23:19:14Z</time>
        <extensions>
          <gpxtpx:TrackPointExtension>
            <gpxtpx:hr>147</gpxtpx:hr>
          </gpxtpx:TrackPointExtension>
        </extensions>
      </trkpt>
      <trkpt lat="29.58877080936903" lon="106.57168947330598">
        <ele>142.773193359375</ele>
        <time>2026-10-08T23:19:26Z</time>
        <extensions>
          <gpxtpx:TrackPointExtension>
            <gpxtpx:hr>144</gpxtpx:hr>
          </gpxtpx:TrackPointExtension>
        </extensions>
      </trkpt>
      <trkpt lat="29.58908567770476" lon="106.57165943653483">
        <ele>140.4720458984375</ele>
        <time>2026-10-08T23:19:38Z</time>
        <extensions>
          <gpxtpx:TrackPointExtension>
            <gpxtpx:hr>142</gpxtpx:hr>
          </gpxtpx:TrackPointExtension>
        </extensions>
      </trkpt>
      <trkpt lat="29.58939754708825" lon="106.57162939989269">
        <ele>140.6142578125</ele>
        <time>2026-10-08T23:19:50Z</time>
        <extensions>
          <gpxtpx:TrackPointExtension>
            <gpxtpx:hr>143</gpxtpx:hr>
          </gpxtpx:TrackPointExtension>
        </extensions>
      </trkpt>
      <trkpt lat="29.5897084168721" lon="106.57159936326225">
        <ele>140.7713623046875</ele>
        <time>2026-10-08T23:20:02Z</time>
        <extensions>
          <gpxtpx:TrackPointExtension>
            <gpxtpx:hr>142</gpxtpx:hr>
          </gpxtpx:TrackPointExtension>
        </extensions>
      </trkpt>
      <trkpt lat="29.59001728236277" lon="106.57156432362515">
        <ele>139.6363525390625</ele>
        <time>2026-10-08T23:20:14Z</time>
        <extensions>
          <gpxtpx:TrackPointExtension>
            <gpxtpx:hr>143</gpxtpx:hr>
          </gpxtpx:TrackPointExtension>
        </extensions>
      </trkpt>
      <trkpt lat="29.590325160286678" lon="106.57154129138746">
        <ele>139.07177734375</ele>
        <time>2026-10-08T23:20:26Z</time>
        <extensions>
          <gpxtpx:TrackPointExtension>
            <gpxtpx:hr>142</gpxtpx:hr>
          </gpxtpx:TrackPointExtension>
        </extensions>
      </trkpt>
      <trkpt lat="29.590626040548404" lon="106.57151825953268">
        <ele>138.2926025390625</ele>
        <time>2026-10-08T23:20:38Z</time>
        <extensions>
          <gpxtpx:TrackPointExtension>
            <gpxtpx:hr>140</gpxtpx:hr>
          </gpxtpx:TrackPointExtension>
        </extensions>
      </trkpt>
      <trkpt lat="29.590932922997244" lon="106.57149922977433">
        <ele>139.37164306640625</ele>
        <time>2026-10-08T23:20:50Z</time>
        <extensions>
          <gpxtpx:TrackPointExtension>
            <gpxtpx:hr>143</gpxtpx:hr>
          </gpxtpx:TrackPointExtension>
        </extensions>
      </trkpt>
      <trkpt lat="29.591241829050798" lon="106.57150421474228">
        <ele>140.11114501953125</ele>
        <time>2026-10-08T23:21:02Z</time>
        <extensions>
          <gpxtpx:TrackPointExtension>
            <gpxtpx:hr>145</gpxtpx:hr>
          </gpxtpx:TrackPointExtension>
        </extensions>
      </trkpt>
      <trkpt lat="29.591551742940794" lon="106.57151720459558">
        <ele>143.01513671875</ele>
        <time>2026-10-08T23:21:14Z</time>
        <extensions>
          <gpxtpx:TrackPointExtension>
            <gpxtpx:hr>144</gpxtpx:hr>
          </gpxtpx:TrackPointExtension>
        </extensions>
      </trkpt>
      <trkpt lat="29.59186365830995" lon="106.57153219555713">
        <ele>144.7357177734375</ele>
        <time>2026-10-08T23:21:26Z</time>
        <extensions>
          <gpxtpx:TrackPointExtension>
            <gpxtpx:hr>142</gpxtpx:hr>
          </gpxtpx:TrackPointExtension>
        </extensions>
      </trkpt>
      <trkpt lat="29.59218057620663" lon="106.57155118867885">
        <ele>144.8636474609375</ele>
        <time>2026-10-08T23:21:38Z</time>
        <extensions>
          <gpxtpx:TrackPointExtension>
            <gpxtpx:hr>146</gpxtpx:hr>
          </gpxtpx:TrackPointExtension>
        </extensions>
      </trkpt>
      <trkpt lat="29.59250049626114" lon="106.57157318345122">
        <ele>144.73516845703125</ele>
        <time>2026-10-08T23:21:50Z</time>
        <extensions>
          <gpxtpx:TrackPointExtension>
            <gpxtpx:hr>147</gpxtpx:hr>
          </gpxtpx:TrackPointExtension>
        </extensions>
      </trkpt>
      <trkpt lat="29.592818424064394" lon="106.57160218261204">
        <ele>143.93951416015625</ele>
        <time>2026-10-08T23:22:02Z</time>
        <extensions>
          <gpxtpx:TrackPointExtension>
            <gpxtpx:hr>147</gpxtpx:hr>
          </gpxtpx:TrackPointExtension>
        </extensions>
      </trkpt>
      <trkpt lat="29.59312436376488" lon="106.57163918732813">
        <ele>141.39605712890625</ele>
        <time>2026-10-08T23:22:14Z</time>
        <extensions>
          <gpxtpx:TrackPointExtension>
            <gpxtpx:hr>147</gpxtpx:hr>
          </gpxtpx:TrackPointExtension>
        </extensions>
      </trkpt>
      <trkpt lat="29.593429322788214" lon="106.57169520360783">
        <ele>139.56683349609375</ele>
        <time>2026-10-08T23:22:26Z</time>
        <extensions>
          <gpxtpx:TrackPointExtension>
            <gpxtpx:hr>147</gpxtpx:hr>
          </gpxtpx:TrackPointExtension>
        </extensions>
      </trkpt>
      <trkpt lat="29.593734291728733" lon="106.5717612257811">
        <ele>138.1431884765625</ele>
        <time>2026-10-08T23:22:38Z</time>
        <extensions>
          <gpxtpx:TrackPointExtension>
            <gpxtpx:hr>146</gpxtpx:hr>
          </gpxtpx:TrackPointExtension>
        </extensions>
      </trkpt>
      <trkpt lat="29.594035280680494" lon="106.57184625939055">
        <ele>139.461669921875</ele>
        <time>2026-10-08T23:22:50Z</time>
        <extensions>
          <gpxtpx:TrackPointExtension>
            <gpxtpx:hr>145</gpxtpx:hr>
          </gpxtpx:TrackPointExtension>
        </extensions>
      </trkpt>
      <trkpt lat="29.59433527171034" lon="106.57193329387712">
        <ele>142.506103515625</ele>
        <time>2026-10-08T23:23:02Z</time>
        <extensions>
          <gpxtpx:TrackPointExtension>
            <gpxtpx:hr>148</gpxtpx:hr>
          </gpxtpx:TrackPointExtension>
        </extensions>
      </trkpt>
      <trkpt lat="29.594640270756816" lon="106.57203033359453">
        <ele>142.31134033203125</ele>
        <time>2026-10-08T23:23:14Z</time>
        <extensions>
          <gpxtpx:TrackPointExtension>
            <gpxtpx:hr>147</gpxtpx:hr>
          </gpxtpx:TrackPointExtension>
        </extensions>
      </trkpt>
      <trkpt lat="29.594946273093" lon="106.57213137511033">
        <ele>145.1156005859375</ele>
        <time>2026-10-08T23:23:26Z</time>
        <extensions>
          <gpxtpx:TrackPointExtension>
            <gpxtpx:hr>149</gpxtpx:hr>
          </gpxtpx:TrackPointExtension>
        </extensions>
      </trkpt>
      <trkpt lat="29.595248278296058" lon="106.57223441749328">
        <ele>144.579345703125</ele>
        <time>2026-10-08T23:23:38Z</time>
        <extensions>
          <gpxtpx:TrackPointExtension>
            <gpxtpx:hr>149</gpxtpx:hr>
          </gpxtpx:TrackPointExtension>
        </extensions>
      </trkpt>
      <trkpt lat="29.595546287302355" lon="106.57234046128649">
        <ele>147.1541748046875</ele>
        <time>2026-10-08T23:23:50Z</time>
        <extensions>
          <gpxtpx:TrackPointExtension>
            <gpxtpx:hr>149</gpxtpx:hr>
          </gpxtpx:TrackPointExtension>
        </extensions>
      </trkpt>
      <trkpt lat="29.595846287575952" lon="106.57243849981882">
        <ele>147.68890380859375</ele>
        <time>2026-10-08T23:24:02Z</time>
        <extensions>
          <gpxtpx:TrackPointExtension>
            <gpxtpx:hr>148</gpxtpx:hr>
          </gpxtpx:TrackPointExtension>
        </extensions>
      </trkpt>
      <trkpt lat="29.59614630000271" lon="106.57254954519485">
        <ele>146.652587890625</ele>
        <time>2026-10-08T23:24:14Z</time>
        <extensions>
          <gpxtpx:TrackPointExtension>
            <gpxtpx:hr>146</gpxtpx:hr>
          </gpxtpx:TrackPointExtension>
        </extensions>
      </trkpt>
      <trkpt lat="29.596449310093863" lon="106.57265958919609">
        <ele>144.77276611328125</ele>
        <time>2026-10-08T23:24:26Z</time>
        <extensions>
          <gpxtpx:TrackPointExtension>
            <gpxtpx:hr>148</gpxtpx:hr>
          </gpxtpx:TrackPointExtension>
        </extensions>
      </trkpt>
      <trkpt lat="29.596755315019013" lon="106.57276563017994">
        <ele>144.9144287109375</ele>
        <time>2026-10-08T23:24:38Z</time>
        <extensions>
          <gpxtpx:TrackPointExtension>
            <gpxtpx:hr>152</gpxtpx:hr>
          </gpxtpx:TrackPointExtension>
        </extensions>
      </trkpt>
      <trkpt lat="29.597054319858458" lon="106.57286966989483">
        <ele>144.4853515625</ele>
        <time>2026-10-08T23:24:50Z</time>
        <extensions>
          <gpxtpx:TrackPointExtension>
            <gpxtpx:hr>150</gpxtpx:hr>
          </gpxtpx:TrackPointExtension>
        </extensions>
      </trkpt>
      <trkpt lat="29.597346330273137" lon="106.57297771162726">
        <ele>148.26226806640625</ele>
        <time>2026-10-08T23:25:02Z</time>
        <extensions>
          <gpxtpx:TrackPointExtension>
            <gpxtpx:hr>149</gpxtpx:hr>
          </gpxtpx:TrackPointExtension>
        </extensions>
      </trkpt>
      <trkpt lat="29.597649314377076" lon="106.57306173921415">
        <ele>146.1961669921875</ele>
        <time>2026-10-08T23:25:14Z</time>
        <extensions>
          <gpxtpx:TrackPointExtension>
            <gpxtpx:hr>145</gpxtpx:hr>
          </gpxtpx:TrackPointExtension>
        </extensions>
      </trkpt>
      <trkpt lat="29.597715345191254" lon="106.57311676484531">
        <ele>149.2646484375</ele>
        <time>2026-10-08T23:25:17Z</time>
        <extensions>
          <gpxtpx:TrackPointExtension>
            <gpxtpx:hr>146</gpxtpx:hr>
          </gpxtpx:TrackPointExtension>
        </extensions>
      </trkpt>
      <trkpt lat="29.59789535984167" lon="106.57319279479418">
        <ele>148.025390625</ele>
        <time>2026-10-08T23:25:32Z</time>
        <extensions>
          <gpxtpx:TrackPointExtension>
            <gpxtpx:hr>147</gpxtpx:hr>
          </gpxtpx:TrackPointExtension>
        </extensions>
      </trkpt>
      <trkpt lat="29.59759234154384" lon="106.57307174793414">
        <ele>148.785888671875</ele>
        <time>2026-10-08T23:25:53Z</time>
        <extensions>
          <gpxtpx:TrackPointExtension>
            <gpxtpx:hr>140</gpxtpx:hr>
          </gpxtpx:TrackPointExtension>
        </extensions>
      </trkpt>
      <trkpt lat="29.597330340916148" lon="106.57298371581834">
        <ele>148.1719970703125</ele>
        <time>2026-10-08T23:26:02Z</time>
        <extensions>
          <gpxtpx:TrackPointExtension>
            <gpxtpx:hr>142</gpxtpx:hr>
          </gpxtpx:TrackPointExtension>
        </extensions>
      </trkpt>
      <trkpt lat="29.59701033457981" lon="106.572870673024">
        <ele>149.11407470703125</ele>
        <time>2026-10-08T23:26:20Z</time>
        <extensions>
          <gpxtpx:TrackPointExtension>
            <gpxtpx:hr>143</gpxtpx:hr>
          </gpxtpx:TrackPointExtension>
        </extensions>
      </trkpt>
      <trkpt lat="29.596691329383933" lon="106.57275963061423">
        <ele>148.62725830078125</ele>
        <time>2026-10-08T23:26:41Z</time>
        <extensions>
          <gpxtpx:TrackPointExtension>
            <gpxtpx:hr>141</gpxtpx:hr>
          </gpxtpx:TrackPointExtension>
        </extensions>
      </trkpt>
      <trkpt lat="29.596423320161577" lon="106.57266159183882">
        <ele>147.62152099609375</ele>
        <time>2026-10-08T23:26:53Z</time>
        <extensions>
          <gpxtpx:TrackPointExtension>
            <gpxtpx:hr>141</gpxtpx:hr>
          </gpxtpx:TrackPointExtension>
        </extensions>
      </trkpt>
      <trkpt lat="29.59611634105428" lon="106.57258256555401">
        <ele>151.4661865234375</ele>
        <time>2026-10-08T23:27:05Z</time>
        <extensions>
          <gpxtpx:TrackPointExtension>
            <gpxtpx:hr>145</gpxtpx:hr>
          </gpxtpx:TrackPointExtension>
        </extensions>
      </trkpt>
      <trkpt lat="29.595803320374014" lon="106.57245851373575">
        <ele>150.479736328125</ele>
        <time>2026-10-08T23:27:17Z</time>
        <extensions>
          <gpxtpx:TrackPointExtension>
            <gpxtpx:hr>146</gpxtpx:hr>
          </gpxtpx:TrackPointExtension>
        </extensions>
      </trkpt>
      <trkpt lat="29.595493314643505" lon="106.57235147072119">
        <ele>151.2939453125</ele>
        <time>2026-10-08T23:27:29Z</time>
        <extensions>
          <gpxtpx:TrackPointExtension>
            <gpxtpx:hr>147</gpxtpx:hr>
          </gpxtpx:TrackPointExtension>
        </extensions>
      </trkpt>
      <trkpt lat="29.595184292635764" lon="106.57222841776203">
        <ele>149.97222900390625</ele>
        <time>2026-10-08T23:27:41Z</time>
        <extensions>
          <gpxtpx:TrackPointExtension>
            <gpxtpx:hr>146</gpxtpx:hr>
          </gpxtpx:TrackPointExtension>
        </extensions>
      </trkpt>
      <trkpt lat="29.594880281213147" lon="106.57211837135772">
        <ele>149.66943359375</ele>
        <time>2026-10-08T23:27:53Z</time>
        <extensions>
          <gpxtpx:TrackPointExtension>
            <gpxtpx:hr>147</gpxtpx:hr>
          </gpxtpx:TrackPointExtension>
        </extensions>
      </trkpt>
      <trkpt lat="29.594567267292405" lon="106.57200332189024">
        <ele>148.56219482421875</ele>
        <time>2026-10-08T23:28:05Z</time>
        <extensions>
          <gpxtpx:TrackPointExtension>
            <gpxtpx:hr>149</gpxtpx:hr>
          </gpxtpx:TrackPointExtension>
        </extensions>
      </trkpt>
      <trkpt lat="29.594253256183947" lon="106.57189127359162">
        <ele>148.42919921875</ele>
        <time>2026-10-08T23:28:17Z</time>
        <extensions>
          <gpxtpx:TrackPointExtension>
            <gpxtpx:hr>149</gpxtpx:hr>
          </gpxtpx:TrackPointExtension>
        </extensions>
      </trkpt>
      <trkpt lat="29.593943274142486" lon="106.57181024312011">
        <ele>148.53216552734375</ele>
        <time>2026-10-08T23:28:29Z</time>
        <extensions>
          <gpxtpx:TrackPointExtension>
            <gpxtpx:hr>147</gpxtpx:hr>
          </gpxtpx:TrackPointExtension>
        </extensions>
      </trkpt>
      <trkpt lat="29.59362529346804" lon="106.57172821217077">
        <ele>148.5723876953125</ele>
        <time>2026-10-08T23:28:41Z</time>
        <extensions>
          <gpxtpx:TrackPointExtension>
            <gpxtpx:hr>147</gpxtpx:hr>
          </gpxtpx:TrackPointExtension>
        </extensions>
      </trkpt>
      <trkpt lat="29.593302333183438" lon="106.57166519277182">
        <ele>147.777587890625</ele>
        <time>2026-10-08T23:28:53Z</time>
        <extensions>
          <gpxtpx:TrackPointExtension>
            <gpxtpx:hr>148</gpxtpx:hr>
          </gpxtpx:TrackPointExtension>
        </extensions>
      </trkpt>
      <trkpt lat="29.592994383092243" lon="106.5716171814852">
        <ele>146.755859375</ele>
        <time>2026-10-08T23:29:05Z</time>
        <extensions>
          <gpxtpx:TrackPointExtension>
            <gpxtpx:hr>147</gpxtpx:hr>
          </gpxtpx:TrackPointExtension>
        </extensions>
      </trkpt>
      <trkpt lat="29.592682446316214" lon="106.57158117769356">
        <ele>148.49920654296875</ele>
        <time>2026-10-08T23:29:17Z</time>
        <extensions>
          <gpxtpx:TrackPointExtension>
            <gpxtpx:hr>150</gpxtpx:hr>
          </gpxtpx:TrackPointExtension>
        </extensions>
      </trkpt>
      <trkpt lat="29.59237351667302" lon="106.57155317858933">
        <ele>147.4954833984375</ele>
        <time>2026-10-08T23:29:29Z</time>
        <extensions>
          <gpxtpx:TrackPointExtension>
            <gpxtpx:hr>149</gpxtpx:hr>
          </gpxtpx:TrackPointExtension>
        </extensions>
      </trkpt>
      <trkpt lat="29.592064600167394" lon="106.57153818746839">
        <ele>147.08441162109375</ele>
        <time>2026-10-08T23:29:41Z</time>
        <extensions>
          <gpxtpx:TrackPointExtension>
            <gpxtpx:hr>148</gpxtpx:hr>
          </gpxtpx:TrackPointExtension>
        </extensions>
      </trkpt>
      <trkpt lat="29.59174268892588" lon="106.57152419771587">
        <ele>146.2156982421875</ele>
        <time>2026-10-08T23:29:53Z</time>
        <extensions>
          <gpxtpx:TrackPointExtension>
            <gpxtpx:hr>147</gpxtpx:hr>
          </gpxtpx:TrackPointExtension>
        </extensions>
      </trkpt>
      <trkpt lat="29.591426781913142" lon="106.57151621131018">
        <ele>147.4254150390625</ele>
        <time>2026-10-08T23:30:05Z</time>
        <extensions>
          <gpxtpx:TrackPointExtension>
            <gpxtpx:hr>146</gpxtpx:hr>
          </gpxtpx:TrackPointExtension>
        </extensions>
      </trkpt>
      <trkpt lat="29.591123876886837" lon="106.57151422784813">
        <ele>147.52813720703125</ele>
        <time>2026-10-08T23:30:17Z</time>
        <extensions>
          <gpxtpx:TrackPointExtension>
            <gpxtpx:hr>146</gpxtpx:hr>
          </gpxtpx:TrackPointExtension>
        </extensions>
      </trkpt>
      <trkpt lat="29.590817984993137" lon="106.57152425197674">
        <ele>146.77886962890625</ele>
        <time>2026-10-08T23:30:29Z</time>
        <extensions>
          <gpxtpx:TrackPointExtension>
            <gpxtpx:hr>148</gpxtpx:hr>
          </gpxtpx:TrackPointExtension>
        </extensions>
      </trkpt>
      <trkpt lat="29.590505114528348" lon="106.57155328822603">
        <ele>148.2193603515625</ele>
        <time>2026-10-08T23:30:41Z</time>
        <extensions>
          <gpxtpx:TrackPointExtension>
            <gpxtpx:hr>144</gpxtpx:hr>
          </gpxtpx:TrackPointExtension>
        </extensions>
      </trkpt>
      <trkpt lat="29.59019124146011" lon="106.57157932264603">
        <ele>147.491455078125</ele>
        <time>2026-10-08T23:30:53Z</time>
        <extensions>
          <gpxtpx:TrackPointExtension>
            <gpxtpx:hr>143</gpxtpx:hr>
          </gpxtpx:TrackPointExtension>
        </extensions>
      </trkpt>
      <trkpt lat="29.589885368910544" lon="106.57160835840146">
        <ele>145.1268310546875</ele>
        <time>2026-10-08T23:31:05Z</time>
        <extensions>
          <gpxtpx:TrackPointExtension>
            <gpxtpx:hr>144</gpxtpx:hr>
          </gpxtpx:TrackPointExtension>
        </extensions>
      </trkpt>
      <trkpt lat="29.589571500014237" lon="106.57163839519401">
        <ele>144.33831787109375</ele>
        <time>2026-10-08T23:31:17Z</time>
        <extensions>
          <gpxtpx:TrackPointExtension>
            <gpxtpx:hr>145</gpxtpx:hr>
          </gpxtpx:TrackPointExtension>
        </extensions>
      </trkpt>
      <trkpt lat="29.58925963055276" lon="106.5716684318223">
        <ele>143.135498046875</ele>
        <time>2026-10-08T23:31:29Z</time>
        <extensions>
          <gpxtpx:TrackPointExtension>
            <gpxtpx:hr>147</gpxtpx:hr>
          </gpxtpx:TrackPointExtension>
        </extensions>
      </trkpt>
      <trkpt lat="29.588942761787234" lon="106.5716974680883">
        <ele>143.38421630859375</ele>
        <time>2026-10-08T23:31:41Z</time>
        <extensions>
          <gpxtpx:TrackPointExtension>
            <gpxtpx:hr>146</gpxtpx:hr>
          </gpxtpx:TrackPointExtension>
        </extensions>
      </trkpt>
      <trkpt lat="29.588624892434122" lon="106.57172550376188">
        <ele>142.9110107421875</ele>
        <time>2026-10-08T23:31:53Z</time>
        <extensions>
          <gpxtpx:TrackPointExtension>
            <gpxtpx:hr>146</gpxtpx:hr>
          </gpxtpx:TrackPointExtension>
        </extensions>
      </trkpt>
      <trkpt lat="29.588318021597633" lon="106.5717555399607">
        <ele>142.98614501953125</ele>
        <time>2026-10-08T23:32:05Z</time>
        <extensions>
          <gpxtpx:TrackPointExtension>
            <gpxtpx:hr>145</gpxtpx:hr>
          </gpxtpx:TrackPointExtension>
        </extensions>
      </trkpt>
      <trkpt lat="29.588012148525497" lon="106.57178357484568">
        <ele>144.65673828125</ele>
        <time>2026-10-08T23:32:17Z</time>
        <extensions>
          <gpxtpx:TrackPointExtension>
            <gpxtpx:hr>147</gpxtpx:hr>
          </gpxtpx:TrackPointExtension>
        </extensions>
      </trkpt>
      <trkpt lat="29.58770027549503" lon="106.57180960883606">
        <ele>144.85333251953125</ele>
        <time>2026-10-08T23:32:29Z</time>
        <extensions>
          <gpxtpx:TrackPointExtension>
            <gpxtpx:hr>147</gpxtpx:hr>
          </gpxtpx:TrackPointExtension>
        </extensions>
      </trkpt>
      <trkpt lat="29.58741238881197" lon="106.57182963777366">
        <ele>146.71795654296875</ele>
        <time>2026-10-08T23:32:41Z</time>
        <extensions>
          <gpxtpx:TrackPointExtension>
            <gpxtpx:hr>147</gpxtpx:hr>
          </gpxtpx:TrackPointExtension>
        </extensions>
      </trkpt>
      <trkpt lat="29.587112507103942" lon="106.57185066799481">
        <ele>144.275634765625</ele>
        <time>2026-10-08T23:32:53Z</time>
        <extensions>
          <gpxtpx:TrackPointExtension>
            <gpxtpx:hr>143</gpxtpx:hr>
          </gpxtpx:TrackPointExtension>
        </extensions>
      </trkpt>
      <trkpt lat="29.586819620239346" lon="106.5718686959832">
        <ele>142.2606201171875</ele>
        <time>2026-10-08T23:33:05Z</time>
        <extensions>
          <gpxtpx:TrackPointExtension>
            <gpxtpx:hr>142</gpxtpx:hr>
          </gpxtpx:TrackPointExtension>
        </extensions>
      </trkpt>
      <trkpt lat="29.586521738059794" lon="106.57188972604406">
        <ele>141.55810546875</ele>
        <time>2026-10-08T23:33:17Z</time>
        <extensions>
          <gpxtpx:TrackPointExtension>
            <gpxtpx:hr>140</gpxtpx:hr>
          </gpxtpx:TrackPointExtension>
        </extensions>
      </trkpt>
      <trkpt lat="29.58623387639475" lon="106.57193476982253">
        <ele>144.565185546875</ele>
        <time>2026-10-08T23:33:29Z</time>
        <extensions>
          <gpxtpx:TrackPointExtension>
            <gpxtpx:hr>140</gpxtpx:hr>
          </gpxtpx:TrackPointExtension>
        </extensions>
      </trkpt>
      <trkpt lat="29.585938015384244" lon="106.57197781277674">
        <ele>142.57586669921875</ele>
        <time>2026-10-08T23:33:41Z</time>
        <extensions>
          <gpxtpx:TrackPointExtension>
            <gpxtpx:hr>141</gpxtpx:hr>
          </gpxtpx:TrackPointExtension>
        </extensions>
      </trkpt>
      <trkpt lat="29.58563818516547" lon="106.57205087360241">
        <ele>139.70941162109375</ele>
        <time>2026-10-08T23:33:53Z</time>
        <extensions>
          <gpxtpx:TrackPointExtension>
            <gpxtpx:hr>140</gpxtpx:hr>
          </gpxtpx:TrackPointExtension>
        </extensions>
      </trkpt>
      <trkpt lat="29.585332370471818" lon="106.57213794270955">
        <ele>138.81890869140625</ele>
        <time>2026-10-08T23:34:05Z</time>
        <extensions>
          <gpxtpx:TrackPointExtension>
            <gpxtpx:hr>140</gpxtpx:hr>
          </gpxtpx:TrackPointExtension>
        </extensions>
      </trkpt>
      <trkpt lat="29.58502955067789" lon="106.57222100892194">
        <ele>139.6771240234375</ele>
        <time>2026-10-08T23:34:17Z</time>
        <extensions>
          <gpxtpx:TrackPointExtension>
            <gpxtpx:hr>142</gpxtpx:hr>
          </gpxtpx:TrackPointExtension>
        </extensions>
      </trkpt>
      <trkpt lat="29.58471972522385" lon="106.57229607056763">
        <ele>138.09393310546875</ele>
        <time>2026-10-08T23:34:29Z</time>
        <extensions>
          <gpxtpx:TrackPointExtension>
            <gpxtpx:hr>142</gpxtpx:hr>
          </gpxtpx:TrackPointExtension>
        </extensions>
      </trkpt>
      <trkpt lat="29.58457673912893" lon="106.57226205928474">
        <ele>142.0010986328125</ele>
        <time>2026-10-08T23:34:35Z</time>
        <extensions>
          <gpxtpx:TrackPointExtension>
            <gpxtpx:hr>144</gpxtpx:hr>
          </gpxtpx:TrackPointExtension>
        </extensions>
      </trkpt>
      <trkpt lat="29.584285881297728" lon="106.5723101040993">
        <ele>143.24462890625</ele>
        <time>2026-10-08T23:34:47Z</time>
        <extensions>
          <gpxtpx:TrackPointExtension>
            <gpxtpx:hr>142</gpxtpx:hr>
          </gpxtpx:TrackPointExtension>
        </extensions>
      </trkpt>
      <trkpt lat="29.583982040319373" lon="106.57237115701886">
        <ele>143.65130615234375</ele>
        <time>2026-10-08T23:34:59Z</time>
        <extensions>
          <gpxtpx:TrackPointExtension>
            <gpxtpx:hr>142</gpxtpx:hr>
          </gpxtpx:TrackPointExtension>
        </extensions>
      </trkpt>
      <trkpt lat="29.583670195171173" lon="106.57242520621891">
        <ele>141.4674072265625</ele>
        <time>2026-10-08T23:35:11Z</time>
        <extensions>
          <gpxtpx:TrackPointExtension>
            <gpxtpx:hr>143</gpxtpx:hr>
          </gpxtpx:TrackPointExtension>
        </extensions>
      </trkpt>
      <trkpt lat="29.583364350920203" lon="106.57248225661935">
        <ele>140.39691162109375</ele>
        <time>2026-10-08T23:35:23Z</time>
        <extensions>
          <gpxtpx:TrackPointExtension>
            <gpxtpx:hr>143</gpxtpx:hr>
          </gpxtpx:TrackPointExtension>
        </extensions>
      </trkpt>
      <trkpt lat="29.583067514220943" lon="106.5725503125346">
        <ele>142.0264892578125</ele>
        <time>2026-10-08T23:35:35Z</time>
        <extensions>
          <gpxtpx:TrackPointExtension>
            <gpxtpx:hr>144</gpxtpx:hr>
          </gpxtpx:TrackPointExtension>
        </extensions>
      </trkpt>
      <trkpt lat="29.58276668065721" lon="106.57262036956543">
        <ele>140.0296630859375</ele>
        <time>2026-10-08T23:35:47Z</time>
        <extensions>
          <gpxtpx:TrackPointExtension>
            <gpxtpx:hr>143</gpxtpx:hr>
          </gpxtpx:TrackPointExtension>
        </extensions>
      </trkpt>
      <trkpt lat="29.58246987708294" lon="106.57272344446376">
        <ele>139.34686279296875</ele>
        <time>2026-10-08T23:35:59Z</time>
        <extensions>
          <gpxtpx:TrackPointExtension>
            <gpxtpx:hr>141</gpxtpx:hr>
          </gpxtpx:TrackPointExtension>
        </extensions>
      </trkpt>
      <trkpt lat="29.582188089940963" lon="106.57284953056835">
        <ele>138.7227783203125</ele>
        <time>2026-10-08T23:36:11Z</time>
        <extensions>
          <gpxtpx:TrackPointExtension>
            <gpxtpx:hr>141</gpxtpx:hr>
          </gpxtpx:TrackPointExtension>
        </extensions>
      </trkpt>
      <trkpt lat="29.582122145818758" lon="106.5728855541636">
        <ele>138.468994140625</ele>
        <time>2026-10-08T23:36:14Z</time>
        <extensions>
          <gpxtpx:TrackPointExtension>
            <gpxtpx:hr>140</gpxtpx:hr>
          </gpxtpx:TrackPointExtension>
        </extensions>
      </trkpt>
      <trkpt lat="29.581854365442112" lon="106.57302464540666">
        <ele>139.79541015625</ele>
        <time>2026-10-08T23:36:26Z</time>
        <extensions>
          <gpxtpx:TrackPointExtension>
            <gpxtpx:hr>140</gpxtpx:hr>
          </gpxtpx:TrackPointExtension>
        </extensions>
      </trkpt>
      <trkpt lat="29.581570585874246" lon="106.5731597344517">
        <ele>139.30572509765625</ele>
        <time>2026-10-08T23:36:38Z</time>
        <extensions>
          <gpxtpx:TrackPointExtension>
            <gpxtpx:hr>142</gpxtpx:hr>
          </gpxtpx:TrackPointExtension>
        </extensions>
      </trkpt>
      <trkpt lat="29.581297825996057" lon="106.57332083555377">
        <ele>139.08282470703125</ele>
        <time>2026-10-08T23:36:50Z</time>
        <extensions>
          <gpxtpx:TrackPointExtension>
            <gpxtpx:hr>146</gpxtpx:hr>
          </gpxtpx:TrackPointExtension>
        </extensions>
      </trkpt>
      <trkpt lat="29.581052092740215" lon="106.57352195432001">
        <ele>138.4366455078125</ele>
        <time>2026-10-08T23:37:02Z</time>
        <extensions>
          <gpxtpx:TrackPointExtension>
            <gpxtpx:hr>144</gpxtpx:hr>
          </gpxtpx:TrackPointExtension>
        </extensions>
      </trkpt>
      <trkpt lat="29.580813343631554" lon="106.57371006402207">
        <ele>137.61846923828125</ele>
        <time>2026-10-08T23:37:14Z</time>
        <extensions>
          <gpxtpx:TrackPointExtension>
            <gpxtpx:hr>142</gpxtpx:hr>
          </gpxtpx:TrackPointExtension>
        </extensions>
      </trkpt>
      <trkpt lat="29.58057560166776" lon="106.5739081767634">
        <ele>137.1964111328125</ele>
        <time>2026-10-08T23:37:26Z</time>
        <extensions>
          <gpxtpx:TrackPointExtension>
            <gpxtpx:hr>142</gpxtpx:hr>
          </gpxtpx:TrackPointExtension>
        </extensions>
      </trkpt>
      <trkpt lat="29.58052974681124" lon="106.57405325050853">
        <ele>135.625</ele>
        <time>2026-10-08T23:37:32Z</time>
        <extensions>
          <gpxtpx:TrackPointExtension>
            <gpxtpx:hr>140</gpxtpx:hr>
          </gpxtpx:TrackPointExtension>
        </extensions>
      </trkpt>
      <trkpt lat="29.580526046226804" lon="106.57439041163241">
        <ele>137.1048583984375</ele>
        <time>2026-10-08T23:37:44Z</time>
        <extensions>
          <gpxtpx:TrackPointExtension>
            <gpxtpx:hr>136</gpxtpx:hr>
          </gpxtpx:TrackPointExtension>
        </extensions>
      </trkpt>
      <trkpt lat="29.58047535966674" lon="106.5747315713869">
        <ele>139.74176025390625</ele>
        <time>2026-10-08T23:37:56Z</time>
        <extensions>
          <gpxtpx:TrackPointExtension>
            <gpxtpx:hr>136</gpxtpx:hr>
          </gpxtpx:TrackPointExtension>
        </extensions>
      </trkpt>
      <trkpt lat="29.580259650805033" lon="106.57498769774581">
        <ele>139.28057861328125</ele>
        <time>2026-10-08T23:38:08Z</time>
        <extensions>
          <gpxtpx:TrackPointExtension>
            <gpxtpx:hr>138</gpxtpx:hr>
          </gpxtpx:TrackPointExtension>
        </extensions>
      </trkpt>
      <trkpt lat="29.58008286132927" lon="106.57516678558551">
        <ele>138.441162109375</ele>
        <time>2026-10-08T23:38:17Z</time>
        <extensions>
          <gpxtpx:TrackPointExtension>
            <gpxtpx:hr>138</gpxtpx:hr>
          </gpxtpx:TrackPointExtension>
        </extensions>
      </trkpt>
      <trkpt lat="29.579808100684637" lon="106.57534287623781">
        <ele>138.1148681640625</ele>
        <time>2026-10-08T23:38:29Z</time>
        <extensions>
          <gpxtpx:TrackPointExtension>
            <gpxtpx:hr>138</gpxtpx:hr>
          </gpxtpx:TrackPointExtension>
        </extensions>
      </trkpt>
      <trkpt lat="29.579523309822584" lon="106.57547994983881">
        <ele>138.84979248046875</ele>
        <time>2026-10-08T23:38:41Z</time>
        <extensions>
          <gpxtpx:TrackPointExtension>
            <gpxtpx:hr>137</gpxtpx:hr>
          </gpxtpx:TrackPointExtension>
        </extensions>
      </trkpt>
      <trkpt lat="29.57945937092786" lon="106.57552797329198">
        <ele>139.4339599609375</ele>
        <time>2026-10-08T23:38:44Z</time>
        <extensions>
          <gpxtpx:TrackPointExtension>
            <gpxtpx:hr>137</gpxtpx:hr>
          </gpxtpx:TrackPointExtension>
        </extensions>
      </trkpt>
      <trkpt lat="29.579384396018096" lon="106.57552797768827">
        <ele>139.9793701171875</ele>
        <time>2026-10-08T23:38:47Z</time>
        <extensions>
          <gpxtpx:TrackPointExtension>
            <gpxtpx:hr>137</gpxtpx:hr>
          </gpxtpx:TrackPointExtension>
        </extensions>
      </trkpt>
      <trkpt lat="29.579233529752532" lon="106.57562902760117">
        <ele>143.532470703125</ele>
        <time>2026-10-08T23:39:05Z</time>
        <extensions>
          <gpxtpx:TrackPointExtension>
            <gpxtpx:hr>139</gpxtpx:hr>
          </gpxtpx:TrackPointExtension>
        </extensions>
      </trkpt>
      <trkpt lat="29.57903479793195" lon="106.5758761374345">
        <ele>143.56256103515625</ele>
        <time>2026-10-08T23:39:17Z</time>
        <extensions>
          <gpxtpx:TrackPointExtension>
            <gpxtpx:hr>139</gpxtpx:hr>
          </gpxtpx:TrackPointExtension>
        </extensions>
      </trkpt>
      <trkpt lat="29.57895093426653" lon="106.57601019427919">
        <ele>142.021484375</ele>
        <time>2026-10-08T23:39:23Z</time>
        <extensions>
          <gpxtpx:TrackPointExtension>
            <gpxtpx:hr>139</gpxtpx:hr>
          </gpxtpx:TrackPointExtension>
        </extensions>
      </trkpt>
      <trkpt lat="29.578922008191526" lon="106.57609022652836">
        <ele>140.0660400390625</ele>
        <time>2026-10-08T23:39:26Z</time>
        <extensions>
          <gpxtpx:TrackPointExtension>
            <gpxtpx:hr>139</gpxtpx:hr>
          </gpxtpx:TrackPointExtension>
        </extensions>
      </trkpt>
      <trkpt lat="29.578917147729953" lon="106.57626329173803">
        <ele>139.8690185546875</ele>
        <time>2026-10-08T23:39:32Z</time>
        <extensions>
          <gpxtpx:TrackPointExtension>
            <gpxtpx:hr>141</gpxtpx:hr>
          </gpxtpx:TrackPointExtension>
        </extensions>
      </trkpt>
      <trkpt lat="29.57890021593511" lon="106.57634232185697">
        <ele>139.4395751953125</ele>
        <time>2026-10-08T23:39:35Z</time>
        <extensions>
          <gpxtpx:TrackPointExtension>
            <gpxtpx:hr>141</gpxtpx:hr>
          </gpxtpx:TrackPointExtension>
        </extensions>
      </trkpt>
      <trkpt lat="29.578793338374314" lon="106.5764523681342">
        <ele>139.70941162109375</ele>
        <time>2026-10-08T23:39:41Z</time>
        <extensions>
          <gpxtpx:TrackPointExtension>
            <gpxtpx:hr>142</gpxtpx:hr>
          </gpxtpx:TrackPointExtension>
        </extensions>
      </trkpt>
      <trkpt lat="29.578531573736782" lon="106.57664145074658">
        <ele>138.718505859375</ele>
        <time>2026-10-08T23:39:53Z</time>
        <extensions>
          <gpxtpx:TrackPointExtension>
            <gpxtpx:hr>141</gpxtpx:hr>
          </gpxtpx:TrackPointExtension>
        </extensions>
      </trkpt>
      <trkpt lat="29.578273805465756" lon="106.57682953091042">
        <ele>137.650390625</ele>
        <time>2026-10-08T23:40:05Z</time>
        <extensions>
          <gpxtpx:TrackPointExtension>
            <gpxtpx:hr>141</gpxtpx:hr>
          </gpxtpx:TrackPointExtension>
        </extensions>
      </trkpt>
      <trkpt lat="29.578012040826508" lon="106.5770226111101">
        <ele>139.74481201171875</ele>
        <time>2026-10-08T23:40:17Z</time>
        <extensions>
          <gpxtpx:TrackPointExtension>
            <gpxtpx:hr>144</gpxtpx:hr>
          </gpxtpx:TrackPointExtension>
        </extensions>
      </trkpt>
      <trkpt lat="29.57774928243171" lon="106.57722569261941">
        <ele>141.6651611328125</ele>
        <time>2026-10-08T23:40:29Z</time>
        <extensions>
          <gpxtpx:TrackPointExtension>
            <gpxtpx:hr>144</gpxtpx:hr>
          </gpxtpx:TrackPointExtension>
        </extensions>
      </trkpt>
      <trkpt lat="29.5774805242885" lon="106.57742877231779">
        <ele>141.9500732421875</ele>
        <time>2026-10-08T23:40:41Z</time>
        <extensions>
          <gpxtpx:TrackPointExtension>
            <gpxtpx:hr>146</gpxtpx:hr>
          </gpxtpx:TrackPointExtension>
        </extensions>
      </trkpt>
      <trkpt lat="29.577333638090828" lon="106.57751580767078">
        <ele>142.0186767578125</ele>
        <time>2026-10-08T23:40:47Z</time>
        <extensions>
          <gpxtpx:TrackPointExtension>
            <gpxtpx:hr>147</gpxtpx:hr>
          </gpxtpx:TrackPointExtension>
        </extensions>
      </trkpt>
      <trkpt lat="29.577164690656584" lon="106.5775098157442">
        <ele>144.66925048828125</ele>
        <time>2026-10-08T23:40:53Z</time>
        <extensions>
          <gpxtpx:TrackPointExtension>
            <gpxtpx:hr>149</gpxtpx:hr>
          </gpxtpx:TrackPointExtension>
        </extensions>
      </trkpt>
      <trkpt lat="29.576867742891963" lon="106.57744481319114">
        <ele>146.74188232421875</ele>
        <time>2026-10-08T23:41:05Z</time>
        <extensions>
          <gpxtpx:TrackPointExtension>
            <gpxtpx:hr>154</gpxtpx:hr>
          </gpxtpx:TrackPointExtension>
        </extensions>
      </trkpt>
      <trkpt lat="29.576794779377312" lon="106.57746082240304">
        <ele>148.2305908203125</ele>
        <time>2026-10-08T23:41:08Z</time>
        <extensions>
          <gpxtpx:TrackPointExtension>
            <gpxtpx:hr>158</gpxtpx:hr>
          </gpxtpx:TrackPointExtension>
        </extensions>
      </trkpt>
      <trkpt lat="29.576585970612996" lon="106.57762488444658">
        <ele>148.94158935546875</ele>
        <time>2026-10-08T23:41:17Z</time>
        <extensions>
          <gpxtpx:TrackPointExtension>
            <gpxtpx:hr>162</gpxtpx:hr>
          </gpxtpx:TrackPointExtension>
        </extensions>
      </trkpt>
      <trkpt lat="29.576293185487412" lon="106.57778394854654">
        <ele>149.52838134765625</ele>
        <time>2026-10-08T23:41:29Z</time>
        <extensions>
          <gpxtpx:TrackPointExtension>
            <gpxtpx:hr>162</gpxtpx:hr>
          </gpxtpx:TrackPointExtension>
        </extensions>
      </trkpt>
      <trkpt lat="29.576153286370147" lon="106.5778579781395">
        <ele>149.77008056640625</ele>
        <time>2026-10-08T23:41:35Z</time>
        <extensions>
          <gpxtpx:TrackPointExtension>
            <gpxtpx:hr>160</gpxtpx:hr>
          </gpxtpx:TrackPointExtension>
        </extensions>
      </trkpt>
      <trkpt lat="29.57607932728313" lon="106.57787998877946">
        <ele>149.83612060546875</ele>
        <time>2026-10-08T23:41:38Z</time>
        <extensions>
          <gpxtpx:TrackPointExtension>
            <gpxtpx:hr>160</gpxtpx:hr>
          </gpxtpx:TrackPointExtension>
        </extensions>
      </trkpt>
      <trkpt lat="29.57600335374306" lon="106.57788099351926">
        <ele>150.6351318359375</ele>
        <time>2026-10-08T23:41:41Z</time>
        <extensions>
          <gpxtpx:TrackPointExtension>
            <gpxtpx:hr>160</gpxtpx:hr>
          </gpxtpx:TrackPointExtension>
        </extensions>
      </trkpt>
      <trkpt lat="29.575853387988" lon="106.57785799572066">
        <ele>150.92645263671875</ele>
        <time>2026-10-08T23:41:47Z</time>
        <extensions>
          <gpxtpx:TrackPointExtension>
            <gpxtpx:hr>159</gpxtpx:hr>
          </gpxtpx:TrackPointExtension>
        </extensions>
      </trkpt>
      <trkpt lat="29.575547577982384" lon="106.57797804772567">
        <ele>147.342041015625</ele>
        <time>2026-10-08T23:41:59Z</time>
        <extensions>
          <gpxtpx:TrackPointExtension>
            <gpxtpx:hr>156</gpxtpx:hr>
          </gpxtpx:TrackPointExtension>
        </extensions>
      </trkpt>
      <trkpt lat="29.575273755153322" lon="106.57809609654977">
        <ele>137.28570556640625</ele>
        <time>2026-10-08T23:42:08Z</time>
        <extensions>
          <gpxtpx:TrackPointExtension>
            <gpxtpx:hr>156</gpxtpx:hr>
          </gpxtpx:TrackPointExtension>
        </extensions>
      </trkpt>
      <trkpt lat="29.57502493034072" lon="106.57822414585851">
        <ele>136.03570556640625</ele>
        <time>2026-10-08T23:42:17Z</time>
        <extensions>
          <gpxtpx:TrackPointExtension>
            <gpxtpx:hr>157</gpxtpx:hr>
          </gpxtpx:TrackPointExtension>
        </extensions>
      </trkpt>
      <trkpt lat="29.574710173361957" lon="106.57841821529477">
        <ele>139.69189453125</ele>
        <time>2026-10-08T23:42:29Z</time>
        <extensions>
          <gpxtpx:TrackPointExtension>
            <gpxtpx:hr>154</gpxtpx:hr>
          </gpxtpx:TrackPointExtension>
        </extensions>
      </trkpt>
      <trkpt lat="29.574410401447317" lon="106.57860027890074">
        <ele>140.98468017578125</ele>
        <time>2026-10-08T23:42:41Z</time>
        <extensions>
          <gpxtpx:TrackPointExtension>
            <gpxtpx:hr>151</gpxtpx:hr>
          </gpxtpx:TrackPointExtension>
        </extensions>
      </trkpt>
      <trkpt lat="29.57412361963771" lon="106.57877633857177">
        <ele>140.38897705078125</ele>
        <time>2026-10-08T23:42:53Z</time>
        <extensions>
          <gpxtpx:TrackPointExtension>
            <gpxtpx:hr>149</gpxtpx:hr>
          </gpxtpx:TrackPointExtension>
        </extensions>
      </trkpt>
      <trkpt lat="29.57385585286809" lon="106.57898640327743">
        <ele>140.21649169921875</ele>
        <time>2026-10-08T23:43:05Z</time>
        <extensions>
          <gpxtpx:TrackPointExtension>
            <gpxtpx:hr>149</gpxtpx:hr>
          </gpxtpx:TrackPointExtension>
        </extensions>
      </trkpt>
      <trkpt lat="29.57359308381151" lon="106.57919846580518">
        <ele>140.3321533203125</ele>
        <time>2026-10-08T23:43:17Z</time>
        <extensions>
          <gpxtpx:TrackPointExtension>
            <gpxtpx:hr>151</gpxtpx:hr>
          </gpxtpx:TrackPointExtension>
        </extensions>
      </trkpt>
      <trkpt lat="29.573343294026678" lon="106.57938852067369">
        <ele>138.71282958984375</ele>
        <time>2026-10-08T23:43:29Z</time>
        <extensions>
          <gpxtpx:TrackPointExtension>
            <gpxtpx:hr>151</gpxtpx:hr>
          </gpxtpx:TrackPointExtension>
        </extensions>
      </trkpt>
      <trkpt lat="29.5730974781167" lon="106.57954256629436">
        <ele>137.62261962890625</ele>
        <time>2026-10-08T23:43:41Z</time>
        <extensions>
          <gpxtpx:TrackPointExtension>
            <gpxtpx:hr>145</gpxtpx:hr>
          </gpxtpx:TrackPointExtension>
        </extensions>
      </trkpt>
      <trkpt lat="29.57297056088192" lon="106.57960358575198">
        <ele>137.7442626953125</ele>
        <time>2026-10-08T23:43:47Z</time>
        <extensions>
          <gpxtpx:TrackPointExtension>
            <gpxtpx:hr>142</gpxtpx:hr>
          </gpxtpx:TrackPointExtension>
        </extensions>
      </trkpt>
      <trkpt lat="29.57290357932922" lon="106.57959658830885">
        <ele>139.13116455078125</ele>
        <time>2026-10-08T23:43:50Z</time>
        <extensions>
          <gpxtpx:TrackPointExtension>
            <gpxtpx:hr>143</gpxtpx:hr>
          </gpxtpx:TrackPointExtension>
        </extensions>
      </trkpt>
      <trkpt lat="29.57267554164857" lon="106.57941756578685">
        <ele>141.860595703125</ele>
        <time>2026-10-08T23:44:02Z</time>
        <extensions>
          <gpxtpx:TrackPointExtension>
            <gpxtpx:hr>142</gpxtpx:hr>
          </gpxtpx:TrackPointExtension>
        </extensions>
      </trkpt>
      <trkpt lat="29.57241849934562" lon="106.57921853897736">
        <ele>141.8232421875</ele>
        <time>2026-10-08T23:44:14Z</time>
        <extensions>
          <gpxtpx:TrackPointExtension>
            <gpxtpx:hr>142</gpxtpx:hr>
          </gpxtpx:TrackPointExtension>
        </extensions>
      </trkpt>
      <trkpt lat="29.57215347011927" lon="106.57903751461566">
        <ele>141.37750244140625</ele>
        <time>2026-10-08T23:44:26Z</time>
        <extensions>
          <gpxtpx:TrackPointExtension>
            <gpxtpx:hr>142</gpxtpx:hr>
          </gpxtpx:TrackPointExtension>
        </extensions>
      </trkpt>
      <trkpt lat="29.57194745702418" lon="106.57891249813291">
        <ele>142.4830322265625</ele>
        <time>2026-10-08T23:44:35Z</time>
        <extensions>
          <gpxtpx:TrackPointExtension>
            <gpxtpx:hr>143</gpxtpx:hr>
          </gpxtpx:TrackPointExtension>
        </extensions>
      </trkpt>
      <trkpt lat="29.571766324705653" lon="106.57862644032016">
        <ele>144.4736328125</ele>
        <time>2026-10-08T23:44:47Z</time>
        <extensions>
          <gpxtpx:TrackPointExtension>
            <gpxtpx:hr>146</gpxtpx:hr>
          </gpxtpx:TrackPointExtension>
        </extensions>
      </trkpt>
      <trkpt lat="29.57160017517973" lon="106.57832837418539">
        <ele>146.017822265625</ele>
        <time>2026-10-08T23:44:59Z</time>
        <extensions>
          <gpxtpx:TrackPointExtension>
            <gpxtpx:hr>146</gpxtpx:hr>
          </gpxtpx:TrackPointExtension>
        </extensions>
      </trkpt>
      <trkpt lat="29.571449001526258" lon="106.57800929665605">
        <ele>145.4949951171875</ele>
        <time>2026-10-08T23:45:11Z</time>
        <extensions>
          <gpxtpx:TrackPointExtension>
            <gpxtpx:hr>146</gpxtpx:hr>
          </gpxtpx:TrackPointExtension>
        </extensions>
      </trkpt>
      <trkpt lat="29.57131481454423" lon="106.57768621160265">
        <ele>143.22332763671875</ele>
        <time>2026-10-08T23:45:23Z</time>
        <extensions>
          <gpxtpx:TrackPointExtension>
            <gpxtpx:hr>144</gpxtpx:hr>
          </gpxtpx:TrackPointExtension>
        </extensions>
      </trkpt>
      <trkpt lat="29.571199617081508" lon="106.57736412027222">
        <ele>142.0250244140625</ele>
        <time>2026-10-08T23:45:35Z</time>
        <extensions>
          <gpxtpx:TrackPointExtension>
            <gpxtpx:hr>143</gpxtpx:hr>
          </gpxtpx:TrackPointExtension>
        </extensions>
      </trkpt>
      <trkpt lat="29.57108840752298" lon="106.57703402062575">
        <ele>143.38916015625</ele>
        <time>2026-10-08T23:45:47Z</time>
        <extensions>
          <gpxtpx:TrackPointExtension>
            <gpxtpx:hr>142</gpxtpx:hr>
          </gpxtpx:TrackPointExtension>
        </extensions>
      </trkpt>
      <trkpt lat="29.57099318678838" lon="106.57670291398226">
        <ele>143.2261962890625</ele>
        <time>2026-10-08T23:45:59Z</time>
        <extensions>
          <gpxtpx:TrackPointExtension>
            <gpxtpx:hr>143</gpxtpx:hr>
          </gpxtpx:TrackPointExtension>
        </extensions>
      </trkpt>
      <trkpt lat="29.570889965473935" lon="106.57637380279374">
        <ele>143.6287841796875</ele>
        <time>2026-10-08T23:46:11Z</time>
        <extensions>
          <gpxtpx:TrackPointExtension>
            <gpxtpx:hr>141</gpxtpx:hr>
          </gpxtpx:TrackPointExtension>
        </extensions>
      </trkpt>
      <trkpt lat="29.570858914563097" lon="106.57629577598671">
        <ele>144.408447265625</ele>
        <time>2026-10-08T23:46:14Z</time>
        <extensions>
          <gpxtpx:TrackPointExtension>
            <gpxtpx:hr>141</gpxtpx:hr>
          </gpxtpx:TrackPointExtension>
        </extensions>
      </trkpt>
      <trkpt lat="29.570772827393206" lon="106.57614872621528">
        <ele>145.59747314453125</ele>
        <time>2026-10-08T23:46:20Z</time>
        <extensions>
          <gpxtpx:TrackPointExtension>
            <gpxtpx:hr>142</gpxtpx:hr>
          </gpxtpx:TrackPointExtension>
        </extensions>
      </trkpt>
      <trkpt lat="29.570752765486375" lon="106.57606269479629">
        <ele>146.14324951171875</ele>
        <time>2026-10-08T23:46:23Z</time>
        <extensions>
          <gpxtpx:TrackPointExtension>
            <gpxtpx:hr>143</gpxtpx:hr>
          </gpxtpx:TrackPointExtension>
        </extensions>
      </trkpt>
      <trkpt lat="29.57077147218982" lon="106.5757085554517">
        <ele>146.48309326171875</ele>
        <time>2026-10-08T23:46:35Z</time>
        <extensions>
          <gpxtpx:TrackPointExtension>
            <gpxtpx:hr>145</gpxtpx:hr>
          </gpxtpx:TrackPointExtension>
        </extensions>
      </trkpt>
      <trkpt lat="29.570796181199984" lon="106.57536641421216">
        <ele>147.39306640625</ele>
        <time>2026-10-08T23:46:47Z</time>
        <extensions>
          <gpxtpx:TrackPointExtension>
            <gpxtpx:hr>148</gpxtpx:hr>
          </gpxtpx:TrackPointExtension>
        </extensions>
      </trkpt>
      <trkpt lat="29.57084591871249" lon="106.57507428710088">
        <ele>147.01580810546875</ele>
        <time>2026-10-08T23:46:59Z</time>
        <extensions>
          <gpxtpx:TrackPointExtension>
            <gpxtpx:hr>156</gpxtpx:hr>
          </gpxtpx:TrackPointExtension>
        </extensions>
      </trkpt>
      <trkpt lat="29.570813664360145" lon="106.57476315181302">
        <ele>149.5908203125</ele>
        <time>2026-10-08T23:47:11Z</time>
        <extensions>
          <gpxtpx:TrackPointExtension>
            <gpxtpx:hr>157</gpxtpx:hr>
          </gpxtpx:TrackPointExtension>
        </extensions>
      </trkpt>
      <trkpt lat="29.570776384655304" lon="106.57442599964752">
        <ele>150.78662109375</ele>
        <time>2026-10-08T23:47:23Z</time>
        <extensions>
          <gpxtpx:TrackPointExtension>
            <gpxtpx:hr>154</gpxtpx:hr>
          </gpxtpx:TrackPointExtension>
        </extensions>
      </trkpt>
      <trkpt lat="29.570807150155993" lon="106.57417187758998">
        <ele>152.32244873046875</ele>
        <time>2026-10-08T23:47:32Z</time>
        <extensions>
          <gpxtpx:TrackPointExtension>
            <gpxtpx:hr>153</gpxtpx:hr>
          </gpxtpx:TrackPointExtension>
        </extensions>
      </trkpt>
      <trkpt lat="29.570760945630116" lon="106.57392476013068">
        <ele>151.4571533203125</ele>
        <time>2026-10-08T23:47:41Z</time>
        <extensions>
          <gpxtpx:TrackPointExtension>
            <gpxtpx:hr>153</gpxtpx:hr>
          </gpxtpx:TrackPointExtension>
        </extensions>
      </trkpt>
      <trkpt lat="29.57066068599324" lon="106.5735996030466">
        <ele>152.7080078125</ele>
        <time>2026-10-08T23:47:53Z</time>
        <extensions>
          <gpxtpx:TrackPointExtension>
            <gpxtpx:hr>153</gpxtpx:hr>
          </gpxtpx:TrackPointExtension>
        </extensions>
      </trkpt>
      <trkpt lat="29.57066134873132" lon="106.57323341290034">
        <ele>158.788330078125</ele>
        <time>2026-10-08T23:48:05Z</time>
        <extensions>
          <gpxtpx:TrackPointExtension>
            <gpxtpx:hr>151</gpxtpx:hr>
          </gpxtpx:TrackPointExtension>
        </extensions>
      </trkpt>
      <trkpt lat="29.57073998234296" lon="106.5728712134024">
        <ele>151.2939453125</ele>
        <time>2026-10-08T23:48:17Z</time>
        <extensions>
          <gpxtpx:TrackPointExtension>
            <gpxtpx:hr>151</gpxtpx:hr>
          </gpxtpx:TrackPointExtension>
        </extensions>
      </trkpt>
      <trkpt lat="29.570691663561597" lon="106.572519020197">
        <ele>152.17913818359375</ele>
        <time>2026-10-08T23:48:29Z</time>
        <extensions>
          <gpxtpx:TrackPointExtension>
            <gpxtpx:hr>147</gpxtpx:hr>
          </gpxtpx:TrackPointExtension>
        </extensions>
      </trkpt>
      <trkpt lat="29.570648511567146" lon="106.57234592401944">
        <ele>150.9923095703125</ele>
        <time>2026-10-08T23:48:35Z</time>
        <extensions>
          <gpxtpx:TrackPointExtension>
            <gpxtpx:hr>144</gpxtpx:hr>
          </gpxtpx:TrackPointExtension>
        </extensions>
      </trkpt>
      <trkpt lat="29.570655141943302" lon="106.57196970374154">
        <ele>150.68206787109375</ele>
        <time>2026-10-08T23:48:47Z</time>
        <extensions>
          <gpxtpx:TrackPointExtension>
            <gpxtpx:hr>144</gpxtpx:hr>
          </gpxtpx:TrackPointExtension>
        </extensions>
      </trkpt>
      <trkpt lat="29.570584820652144" lon="106.57162149781749">
        <ele>149.20989990234375</ele>
        <time>2026-10-08T23:48:59Z</time>
        <extensions>
          <gpxtpx:TrackPointExtension>
            <gpxtpx:hr>143</gpxtpx:hr>
          </gpxtpx:TrackPointExtension>
        </extensions>
      </trkpt>
      <trkpt lat="29.57054865833675" lon="106.57144739256147">
        <ele>147.80987548828125</ele>
        <time>2026-10-08T23:49:05Z</time>
        <extensions>
          <gpxtpx:TrackPointExtension>
            <gpxtpx:hr>143</gpxtpx:hr>
          </gpxtpx:TrackPointExtension>
        </extensions>
      </trkpt>
      <trkpt lat="29.570538395107867" lon="106.57118422788994">
        <ele>140.1923828125</ele>
        <time>2026-10-08T23:49:14Z</time>
        <extensions>
          <gpxtpx:TrackPointExtension>
            <gpxtpx:hr>142</gpxtpx:hr>
          </gpxtpx:TrackPointExtension>
        </extensions>
      </trkpt>
      <trkpt lat="29.57045504029856" lon="106.57081099224432">
        <ele>139.963623046875</ele>
        <time>2026-10-08T23:49:26Z</time>
        <extensions>
          <gpxtpx:TrackPointExtension>
            <gpxtpx:hr>144</gpxtpx:hr>
          </gpxtpx:TrackPointExtension>
        </extensions>
      </trkpt>
      <trkpt lat="29.57039766508494" lon="106.57043274451931">
        <ele>143.6151123046875</ele>
        <time>2026-10-08T23:49:38Z</time>
        <extensions>
          <gpxtpx:TrackPointExtension>
            <gpxtpx:hr>144</gpxtpx:hr>
          </gpxtpx:TrackPointExtension>
        </extensions>
      </trkpt>
      <trkpt lat="29.57038846836978" lon="106.57024361674925">
        <ele>145.04205322265625</ele>
        <time>2026-10-08T23:49:44Z</time>
        <extensions>
          <gpxtpx:TrackPointExtension>
            <gpxtpx:hr>143</gpxtpx:hr>
          </gpxtpx:TrackPointExtension>
        </extensions>
      </trkpt>
      <trkpt lat="29.57044405864422" lon="106.56987836048533">
        <ele>144.88909912109375</ele>
        <time>2026-10-08T23:49:56Z</time>
        <extensions>
          <gpxtpx:TrackPointExtension>
            <gpxtpx:hr>139</gpxtpx:hr>
          </gpxtpx:TrackPointExtension>
        </extensions>
      </trkpt>
      <trkpt lat="29.570503638379687" lon="106.56951009496468">
        <ele>144.71234130859375</ele>
        <time>2026-10-08T23:50:08Z</time>
        <extensions>
          <gpxtpx:TrackPointExtension>
            <gpxtpx:hr>145</gpxtpx:hr>
          </gpxtpx:TrackPointExtension>
        </extensions>
      </trkpt>
      <trkpt lat="29.570569217848302" lon="106.56914882731198">
        <ele>144.49267578125</ele>
        <time>2026-10-08T23:50:20Z</time>
        <extensions>
          <gpxtpx:TrackPointExtension>
            <gpxtpx:hr>149</gpxtpx:hr>
          </gpxtpx:TrackPointExtension>
        </extensions>
      </trkpt>
      <trkpt lat="29.570634793838792" lon="106.5687895544868">
        <ele>144.4964599609375</ele>
        <time>2026-10-08T23:50:32Z</time>
        <extensions>
          <gpxtpx:TrackPointExtension>
            <gpxtpx:hr>145</gpxtpx:hr>
          </gpxtpx:TrackPointExtension>
        </extensions>
      </trkpt>
      <trkpt lat="29.57070535788077" lon="106.56842627165547">
        <ele>145.428466796875</ele>
        <time>2026-10-08T23:50:44Z</time>
        <extensions>
          <gpxtpx:TrackPointExtension>
            <gpxtpx:hr>146</gpxtpx:hr>
          </gpxtpx:TrackPointExtension>
        </extensions>
      </trkpt>
      <trkpt lat="29.570776918118273" lon="106.56806498361338">
        <ele>146.04071044921875</ele>
        <time>2026-10-08T23:50:56Z</time>
        <extensions>
          <gpxtpx:TrackPointExtension>
            <gpxtpx:hr>149</gpxtpx:hr>
          </gpxtpx:TrackPointExtension>
        </extensions>
      </trkpt>
      <trkpt lat="29.57084948872817" lon="106.56771770024339">
        <ele>143.94720458984375</ele>
        <time>2026-10-08T23:51:08Z</time>
        <extensions>
          <gpxtpx:TrackPointExtension>
            <gpxtpx:hr>149</gpxtpx:hr>
          </gpxtpx:TrackPointExtension>
        </extensions>
      </trkpt>
      <trkpt lat="29.570948051049417" lon="106.56737541336005">
        <ele>142.90380859375</ele>
        <time>2026-10-08T23:51:20Z</time>
        <extensions>
          <gpxtpx:TrackPointExtension>
            <gpxtpx:hr>147</gpxtpx:hr>
          </gpxtpx:TrackPointExtension>
        </extensions>
      </trkpt>
      <trkpt lat="29.571058604139736" lon="106.56703311981586">
        <ele>143.2613525390625</ele>
        <time>2026-10-08T23:51:32Z</time>
        <extensions>
          <gpxtpx:TrackPointExtension>
            <gpxtpx:hr>147</gpxtpx:hr>
          </gpxtpx:TrackPointExtension>
        </extensions>
      </trkpt>
      <trkpt lat="29.57111812953528" lon="106.56665779473065">
        <ele>138.384521484375</ele>
        <time>2026-10-08T23:51:45Z</time>
        <extensions>
          <gpxtpx:TrackPointExtension>
            <gpxtpx:hr>147</gpxtpx:hr>
          </gpxtpx:TrackPointExtension>
        </extensions>
      </trkpt>
      <trkpt lat="29.57117463873648" lon="106.56627345470781">
        <ele>139.01593017578125</ele>
        <time>2026-10-08T23:51:57Z</time>
        <extensions>
          <gpxtpx:TrackPointExtension>
            <gpxtpx:hr>150</gpxtpx:hr>
          </gpxtpx:TrackPointExtension>
        </extensions>
      </trkpt>
      <trkpt lat="29.571235161439386" lon="106.56590612237471">
        <ele>139.833251953125</ele>
        <time>2026-10-08T23:52:09Z</time>
        <extensions>
          <gpxtpx:TrackPointExtension>
            <gpxtpx:hr>150</gpxtpx:hr>
          </gpxtpx:TrackPointExtension>
        </extensions>
      </trkpt>
      <trkpt lat="29.571302678434254" lon="106.56554078466858">
        <ele>141.10064697265625</ele>
        <time>2026-10-08T23:52:21Z</time>
        <extensions>
          <gpxtpx:TrackPointExtension>
            <gpxtpx:hr>150</gpxtpx:hr>
          </gpxtpx:TrackPointExtension>
        </extensions>
      </trkpt>
      <trkpt lat="29.571372192833664" lon="106.56517844294808">
        <ele>139.59765625</ele>
        <time>2026-10-08T23:52:33Z</time>
        <extensions>
          <gpxtpx:TrackPointExtension>
            <gpxtpx:hr>150</gpxtpx:hr>
          </gpxtpx:TrackPointExtension>
        </extensions>
      </trkpt>
      <trkpt lat="29.571439712657583" lon="106.56482410242356">
        <ele>142.59356689453125</ele>
        <time>2026-10-08T23:52:45Z</time>
        <extensions>
          <gpxtpx:TrackPointExtension>
            <gpxtpx:hr>151</gpxtpx:hr>
          </gpxtpx:TrackPointExtension>
        </extensions>
      </trkpt>
      <trkpt lat="29.571510211610715" lon="106.56445874467073">
        <ele>143.13037109375</ele>
        <time>2026-10-08T23:52:57Z</time>
        <extensions>
          <gpxtpx:TrackPointExtension>
            <gpxtpx:hr>151</gpxtpx:hr>
          </gpxtpx:TrackPointExtension>
        </extensions>
      </trkpt>
      <trkpt lat="29.571584703468552" lon="106.56409338000108">
        <ele>143.427978515625</ele>
        <time>2026-10-08T23:53:09Z</time>
        <extensions>
          <gpxtpx:TrackPointExtension>
            <gpxtpx:hr>149</gpxtpx:hr>
          </gpxtpx:TrackPointExtension>
        </extensions>
      </trkpt>
      <trkpt lat="29.571665196970045" lon="106.5637350154113">
        <ele>143.65447998046875</ele>
        <time>2026-10-08T23:53:21Z</time>
        <extensions>
          <gpxtpx:TrackPointExtension>
            <gpxtpx:hr>151</gpxtpx:hr>
          </gpxtpx:TrackPointExtension>
        </extensions>
      </trkpt>
      <trkpt lat="29.571727692546705" lon="106.56337764650863">
        <ele>142.7232666015625</ele>
        <time>2026-10-08T23:53:33Z</time>
        <extensions>
          <gpxtpx:TrackPointExtension>
            <gpxtpx:hr>151</gpxtpx:hr>
          </gpxtpx:TrackPointExtension>
        </extensions>
      </trkpt>
      <trkpt lat="29.571787202966323" lon="106.56303428612111">
        <ele>143.35308837890625</ele>
        <time>2026-10-08T23:53:45Z</time>
        <extensions>
          <gpxtpx:TrackPointExtension>
            <gpxtpx:hr>148</gpxtpx:hr>
          </gpxtpx:TrackPointExtension>
        </extensions>
      </trkpt>
      <trkpt lat="29.57183668541649" lon="106.56267190020714">
        <ele>143.2611083984375</ele>
        <time>2026-10-08T23:53:57Z</time>
        <extensions>
          <gpxtpx:TrackPointExtension>
            <gpxtpx:hr>149</gpxtpx:hr>
          </gpxtpx:TrackPointExtension>
        </extensions>
      </trkpt>
      <trkpt lat="29.57190715086675" lon="106.56230650330468">
        <ele>143.77349853515625</ele>
        <time>2026-10-08T23:54:09Z</time>
        <extensions>
          <gpxtpx:TrackPointExtension>
            <gpxtpx:hr>150</gpxtpx:hr>
          </gpxtpx:TrackPointExtension>
        </extensions>
      </trkpt>
      <trkpt lat="29.57197560141585" lon="106.56193409220293">
        <ele>142.8173828125</ele>
        <time>2026-10-08T23:54:21Z</time>
        <extensions>
          <gpxtpx:TrackPointExtension>
            <gpxtpx:hr>151</gpxtpx:hr>
          </gpxtpx:TrackPointExtension>
        </extensions>
      </trkpt>
      <trkpt lat="29.572050046931707" lon="106.56156367616016">
        <ele>142.7242431640625</ele>
        <time>2026-10-08T23:54:33Z</time>
        <extensions>
          <gpxtpx:TrackPointExtension>
            <gpxtpx:hr>150</gpxtpx:hr>
          </gpxtpx:TrackPointExtension>
        </extensions>
      </trkpt>
      <trkpt lat="29.572099505432565" lon="106.56120026282046">
        <ele>142.18682861328125</ele>
        <time>2026-10-08T23:54:45Z</time>
        <extensions>
          <gpxtpx:TrackPointExtension>
            <gpxtpx:hr>151</gpxtpx:hr>
          </gpxtpx:TrackPointExtension>
        </extensions>
      </trkpt>
      <trkpt lat="29.572169007252853" lon="106.56087488577677">
        <ele>144.2777099609375</ele>
        <time>2026-10-08T23:54:57Z</time>
        <extensions>
          <gpxtpx:TrackPointExtension>
            <gpxtpx:hr>151</gpxtpx:hr>
          </gpxtpx:TrackPointExtension>
        </extensions>
      </trkpt>
      <trkpt lat="29.57222348316104" lon="106.56053148334408">
        <ele>143.670166015625</ele>
        <time>2026-10-08T23:55:09Z</time>
        <extensions>
          <gpxtpx:TrackPointExtension>
            <gpxtpx:hr>151</gpxtpx:hr>
          </gpxtpx:TrackPointExtension>
        </extensions>
      </trkpt>
      <trkpt lat="29.572236358673127" lon="106.56045038746818">
        <ele>143.6502685546875</ele>
        <time>2026-10-08T23:55:12Z</time>
        <extensions>
          <gpxtpx:TrackPointExtension>
            <gpxtpx:hr>150</gpxtpx:hr>
          </gpxtpx:TrackPointExtension>
        </extensions>
      </trkpt>
      <trkpt lat="29.572275263630367" lon="106.56039532041324">
        <ele>140.45867919921875</ele>
        <time>2026-10-08T23:55:15Z</time>
        <extensions>
          <gpxtpx:TrackPointExtension>
            <gpxtpx:hr>149</gpxtpx:hr>
          </gpxtpx:TrackPointExtension>
        </extensions>
      </trkpt>
      <trkpt lat="29.572319296051944" lon="106.56042735552998">
        <ele>144.2376708984375</ele>
        <time>2026-10-08T23:55:21Z</time>
        <extensions>
          <gpxtpx:TrackPointExtension>
            <gpxtpx:hr>150</gpxtpx:hr>
          </gpxtpx:TrackPointExtension>
        </extensions>
      </trkpt>
      <trkpt lat="29.572338433325662" lon="106.56052446838626">
        <ele>145.025390625</ele>
        <time>2026-10-08T23:55:27Z</time>
        <extensions>
          <gpxtpx:TrackPointExtension>
            <gpxtpx:hr>147</gpxtpx:hr>
          </gpxtpx:TrackPointExtension>
        </extensions>
      </trkpt>
      <trkpt lat="29.572291926902615" lon="106.56084884849815">
        <ele>145.55712890625</ele>
        <time>2026-10-08T23:55:39Z</time>
        <extensions>
          <gpxtpx:TrackPointExtension>
            <gpxtpx:hr>153</gpxtpx:hr>
          </gpxtpx:TrackPointExtension>
        </extensions>
      </trkpt>
      <trkpt lat="29.572242425825756" lon="106.56117923048627">
        <ele>144.369873046875</ele>
        <time>2026-10-08T23:55:51Z</time>
        <extensions>
          <gpxtpx:TrackPointExtension>
            <gpxtpx:hr>156</gpxtpx:hr>
          </gpxtpx:TrackPointExtension>
        </extensions>
      </trkpt>
      <trkpt lat="29.572189922640664" lon="106.56151060842599">
        <ele>143.554443359375</ele>
        <time>2026-10-08T23:56:03Z</time>
        <extensions>
          <gpxtpx:TrackPointExtension>
            <gpxtpx:hr>151</gpxtpx:hr>
          </gpxtpx:TrackPointExtension>
        </extensions>
      </trkpt>
      <trkpt lat="29.57211945236237" lon="106.5618640063916">
        <ele>144.4271240234375</ele>
        <time>2026-10-08T23:56:15Z</time>
        <extensions>
          <gpxtpx:TrackPointExtension>
            <gpxtpx:hr>149</gpxtpx:hr>
          </gpxtpx:TrackPointExtension>
        </extensions>
      </trkpt>
      <trkpt lat="29.572054945160758" lon="106.56219637496672">
        <ele>143.89422607421875</ele>
        <time>2026-10-08T23:56:27Z</time>
        <extensions>
          <gpxtpx:TrackPointExtension>
            <gpxtpx:hr>146</gpxtpx:hr>
          </gpxtpx:TrackPointExtension>
        </extensions>
      </trkpt>
      <trkpt lat="29.571986444440487" lon="106.56253574584204">
        <ele>143.9549560546875</ele>
        <time>2026-10-08T23:56:39Z</time>
        <extensions>
          <gpxtpx:TrackPointExtension>
            <gpxtpx:hr>146</gpxtpx:hr>
          </gpxtpx:TrackPointExtension>
        </extensions>
      </trkpt>
      <trkpt lat="29.57192192365726" lon="106.56286510021499">
        <ele>143.00177001953125</ele>
        <time>2026-10-08T23:56:51Z</time>
        <extensions>
          <gpxtpx:TrackPointExtension>
            <gpxtpx:hr>146</gpxtpx:hr>
          </gpxtpx:TrackPointExtension>
        </extensions>
      </trkpt>
      <trkpt lat="29.571866389708678" lon="106.56319044451865">
        <ele>144.64691162109375</ele>
        <time>2026-10-08T23:57:03Z</time>
        <extensions>
          <gpxtpx:TrackPointExtension>
            <gpxtpx:hr>146</gpxtpx:hr>
          </gpxtpx:TrackPointExtension>
        </extensions>
      </trkpt>
      <trkpt lat="29.571839868360627" lon="106.56353580235351">
        <ele>144.4530029296875</ele>
        <time>2026-10-08T23:57:15Z</time>
        <extensions>
          <gpxtpx:TrackPointExtension>
            <gpxtpx:hr>145</gpxtpx:hr>
          </gpxtpx:TrackPointExtension>
        </extensions>
      </trkpt>
      <trkpt lat="29.571769340993647" lon="106.5638691447478">
        <ele>146.40625</ele>
        <time>2026-10-08T23:57:27Z</time>
        <extensions>
          <gpxtpx:TrackPointExtension>
            <gpxtpx:hr>145</gpxtpx:hr>
          </gpxtpx:TrackPointExtension>
        </extensions>
      </trkpt>
      <trkpt lat="29.57170480946989" lon="106.56420448322882">
        <ele>148.1435546875</ele>
        <time>2026-10-08T23:57:39Z</time>
        <extensions>
          <gpxtpx:TrackPointExtension>
            <gpxtpx:hr>143</gpxtpx:hr>
          </gpxtpx:TrackPointExtension>
        </extensions>
      </trkpt>
      <trkpt lat="29.571637267616975" lon="106.56453481139555">
        <ele>143.5933837890625</ele>
        <time>2026-10-08T23:57:51Z</time>
        <extensions>
          <gpxtpx:TrackPointExtension>
            <gpxtpx:hr>142</gpxtpx:hr>
          </gpxtpx:TrackPointExtension>
        </extensions>
      </trkpt>
      <trkpt lat="29.571569712013833" lon="106.56485812739399">
        <ele>141.5980224609375</ele>
        <time>2026-10-08T23:58:03Z</time>
        <extensions>
          <gpxtpx:TrackPointExtension>
            <gpxtpx:hr>144</gpxtpx:hr>
          </gpxtpx:TrackPointExtension>
        </extensions>
      </trkpt>
      <trkpt lat="29.57150214294389" lon="106.56517443155519">
        <ele>139.70458984375</ele>
        <time>2026-10-08T23:58:15Z</time>
        <extensions>
          <gpxtpx:TrackPointExtension>
            <gpxtpx:hr>145</gpxtpx:hr>
          </gpxtpx:TrackPointExtension>
        </extensions>
      </trkpt>
      <trkpt lat="29.57145445464872" lon="106.56540565061944">
        <ele>139.6331787109375</ele>
        <time>2026-10-08T23:58:24Z</time>
        <extensions>
          <gpxtpx:TrackPointExtension>
            <gpxtpx:hr>141</gpxtpx:hr>
          </gpxtpx:TrackPointExtension>
        </extensions>
      </trkpt>
      <trkpt lat="29.57148848619594" lon="106.56543968022692">
        <ele>142.2626953125</ele>
        <time>2026-10-08T23:58:27Z</time>
        <extensions>
          <gpxtpx:TrackPointExtension>
            <gpxtpx:hr>140</gpxtpx:hr>
          </gpxtpx:TrackPointExtension>
        </extensions>
      </trkpt>
      <trkpt lat="29.57167545615678" lon="106.56546669431233">
        <ele>149.3387451171875</ele>
        <time>2026-10-08T23:58:45Z</time>
        <extensions>
          <gpxtpx:TrackPointExtension>
            <gpxtpx:hr>142</gpxtpx:hr>
          </gpxtpx:TrackPointExtension>
        </extensions>
      </trkpt>
      <trkpt lat="29.571702385848948" lon="106.56541864816272">
        <ele>149.64599609375</ele>
        <time>2026-10-08T23:58:51Z</time>
        <extensions>
          <gpxtpx:TrackPointExtension>
            <gpxtpx:hr>142</gpxtpx:hr>
          </gpxtpx:TrackPointExtension>
        </extensions>
      </trkpt>
      <trkpt lat="29.571691294089533" lon="106.56534357894112">
        <ele>154.40338134765625</ele>
        <time>2026-10-08T23:59:00Z</time>
        <extensions>
          <gpxtpx:TrackPointExtension>
            <gpxtpx:hr>140</gpxtpx:hr>
          </gpxtpx:TrackPointExtension>
        </extensions>
      </trkpt>
      <trkpt lat="29.571703325659662" lon="106.56537160435404">
        <ele>157.52154541015625</ele>
        <time>2026-10-08T23:59:06Z</time>
        <extensions>
          <gpxtpx:TrackPointExtension>
            <gpxtpx:hr>141</gpxtpx:hr>
          </gpxtpx:TrackPointExtension>
        </extensions>
      </trkpt>
    </trkseg>
  </trk>
</gpx>