<?xml version="1.0" encoding="UTF-8"?>
<gpx xmlns="http://www.topografix.com/GPX/1/1" xmlns:gpxtpx="http://www.garmin.com/xmlschemas/TrackPointExtension/v1" xmlns:xsi="http://www.w3.org/2001/XMLSchema-instance" xsi:schemaLocation="http://www.topografix.com/GPX/1/1 http://www.topografix.com/GPX/1/1/gpx.xsd" version="1.1" creator="gpx.py -- https://github.com/tkrajina/gpxpy">
  <trk>
    <name>gpx from keep</name>
    <type>Run</type>
    <trkseg>
      <trkpt lat="29.60200019868538" lon="106.31990439917283">
        <ele>244.48736572265625</ele>
        <time>2026-09-04T22:26:44Z</time>
        <extensions>
          <gpxtpx:TrackPointExtension>
            <gpxtpx:hr>86</gpxtpx:hr>
          </gpxtpx:TrackPointExtension>
        </extensions>
      </trkpt>
      <trkpt lat="29.602150261397885" lon="106.31984753077299">
        <ele>248.6368408203125</ele>
        <time>2026-09-04T22:26:56Z</time>
        <extensions>
          <gpxtpx:TrackPointExtension>
            <gpxtpx:hr>94</gpxtpx:hr>
          </gpxtpx:TrackPointExtension>
        </extensions>
      </trkpt>
      <trkpt lat="29.60233021390119" lon="106.31984352978641">
        <ele>257.194091796875</ele>
        <time>2026-09-04T22:27:08Z</time>
        <extensions>
          <gpxtpx:TrackPointExtension>
            <gpxtpx:hr>104</gpxtpx:hr>
          </gpxtpx:TrackPointExtension>
        </extensions>
      </trkpt>
      <trkpt lat="29.60241422632028" lon="106.31982357406618">
        <ele>256.69189453125</ele>
        <time>2026-09-04T22:27:14Z</time>
        <extensions>
          <gpxtpx:TrackPointExtension>
            <gpxtpx:hr>108</gpxtpx:hr>
          </gpxtpx:TrackPointExtension>
        </extensions>
      </trkpt>
      <trkpt lat="29.60245934599326" lon="106.31975374404773">
        <ele>256.0806884765625</ele>
        <time>2026-09-04T22:27:20Z</time>
        <extensions>
          <gpxtpx:TrackPointExtension>
            <gpxtpx:hr>111</gpxtpx:hr>
          </gpxtpx:TrackPointExtension>
        </extensions>
      </trkpt>
      <trkpt lat="29.602459586147084" lon="106.31962805483947">
        <ele>254.0517578125</ele>
        <time>2026-09-04T22:27:29Z</time>
        <extensions>
          <gpxtpx:TrackPointExtension>
            <gpxtpx:hr>114</gpxtpx:hr>
          </gpxtpx:TrackPointExtension>
        </extensions>
      </trkpt>
      <trkpt lat="29.602480684533035" lon="106.3195731892115">
        <ele>253.6695556640625</ele>
        <time>2026-09-04T22:27:32Z</time>
        <extensions>
          <gpxtpx:TrackPointExtension>
            <gpxtpx:hr>116</gpxtpx:hr>
          </gpxtpx:TrackPointExtension>
        </extensions>
      </trkpt>
      <trkpt lat="29.602601754227496" lon="106.3195173200038">
        <ele>258.42547607421875</ele>
        <time>2026-09-04T22:27:38Z</time>
        <extensions>
          <gpxtpx:TrackPointExtension>
            <gpxtpx:hr>119</gpxtpx:hr>
          </gpxtpx:TrackPointExtension>
        </extensions>
      </trkpt>
      <trkpt lat="29.60274774198355" lon="106.31950035311633">
        <ele>256.4718017578125</ele>
        <time>2026-09-04T22:27:44Z</time>
        <extensions>
          <gpxtpx:TrackPointExtension>
            <gpxtpx:hr>124</gpxtpx:hr>
          </gpxtpx:TrackPointExtension>
        </extensions>
      </trkpt>
      <trkpt lat="29.602790784094477" lon="106.31947142202515">
        <ele>254.17999267578125</ele>
        <time>2026-09-04T22:27:50Z</time>
        <extensions>
          <gpxtpx:TrackPointExtension>
            <gpxtpx:hr>127</gpxtpx:hr>
          </gpxtpx:TrackPointExtension>
        </extensions>
      </trkpt>
      <trkpt lat="29.602913335341444" lon="106.31916317626242">
        <ele>250.25030517578125</ele>
        <time>2026-09-04T22:28:02Z</time>
        <extensions>
          <gpxtpx:TrackPointExtension>
            <gpxtpx:hr>131</gpxtpx:hr>
          </gpxtpx:TrackPointExtension>
        </extensions>
      </trkpt>
      <trkpt lat="29.602956742849205" lon="106.31901243145438">
        <ele>250.18896484375</ele>
        <time>2026-09-04T22:28:08Z</time>
        <extensions>
          <gpxtpx:TrackPointExtension>
            <gpxtpx:hr>133</gpxtpx:hr>
          </gpxtpx:TrackPointExtension>
        </extensions>
      </trkpt>
      <trkpt lat="29.60293513204619" lon="106.31874221426659">
        <ele>252.4189453125</ele>
        <time>2026-09-04T22:28:17Z</time>
        <extensions>
          <gpxtpx:TrackPointExtension>
            <gpxtpx:hr>140</gpxtpx:hr>
          </gpxtpx:TrackPointExtension>
        </extensions>
      </trkpt>
      <trkpt lat="29.60290345372831" lon="106.3185786198095">
        <ele>252.3592529296875</ele>
        <time>2026-09-04T22:28:23Z</time>
        <extensions>
          <gpxtpx:TrackPointExtension>
            <gpxtpx:hr>139</gpxtpx:hr>
          </gpxtpx:TrackPointExtension>
        </extensions>
      </trkpt>
      <trkpt lat="29.602901041999303" lon="106.3182703800231">
        <ele>254.62237548828125</ele>
        <time>2026-09-04T22:28:35Z</time>
        <extensions>
          <gpxtpx:TrackPointExtension>
            <gpxtpx:hr>137</gpxtpx:hr>
          </gpxtpx:TrackPointExtension>
        </extensions>
      </trkpt>
      <trkpt lat="29.602928567767023" lon="106.31811168739857">
        <ele>249.8585205078125</ele>
        <time>2026-09-04T22:28:41Z</time>
        <extensions>
          <gpxtpx:TrackPointExtension>
            <gpxtpx:hr>132</gpxtpx:hr>
          </gpxtpx:TrackPointExtension>
        </extensions>
      </trkpt>
      <trkpt lat="29.60291563222607" lon="106.3179581484492">
        <ele>250.6934814453125</ele>
        <time>2026-09-04T22:28:47Z</time>
        <extensions>
          <gpxtpx:TrackPointExtension>
            <gpxtpx:hr>129</gpxtpx:hr>
          </gpxtpx:TrackPointExtension>
        </extensions>
      </trkpt>
      <trkpt lat="29.602944031761545" lon="106.31774367480939">
        <ele>253.50640869140625</ele>
        <time>2026-09-04T22:28:56Z</time>
        <extensions>
          <gpxtpx:TrackPointExtension>
            <gpxtpx:hr>128</gpxtpx:hr>
          </gpxtpx:TrackPointExtension>
        </extensions>
      </trkpt>
      <trkpt lat="29.60293697464486" lon="106.31758137712825">
        <ele>254.66796875</ele>
        <time>2026-09-04T22:29:02Z</time>
        <extensions>
          <gpxtpx:TrackPointExtension>
            <gpxtpx:hr>129</gpxtpx:hr>
          </gpxtpx:TrackPointExtension>
        </extensions>
      </trkpt>
      <trkpt lat="29.602918003980484" lon="106.31748972909247">
        <ele>257.8031005859375</ele>
        <time>2026-09-04T22:29:05Z</time>
        <extensions>
          <gpxtpx:TrackPointExtension>
            <gpxtpx:hr>129</gpxtpx:hr>
          </gpxtpx:TrackPointExtension>
        </extensions>
      </trkpt>
      <trkpt lat="29.602963903962028" lon="106.31728180975465">
        <ele>257.46826171875</ele>
        <time>2026-09-04T22:29:11Z</time>
        <extensions>
          <gpxtpx:TrackPointExtension>
            <gpxtpx:hr>130</gpxtpx:hr>
          </gpxtpx:TrackPointExtension>
        </extensions>
      </trkpt>
      <trkpt lat="29.6029133795056" lon="106.31690166176101">
        <ele>256.0867919921875</ele>
        <time>2026-09-04T22:29:26Z</time>
        <extensions>
          <gpxtpx:TrackPointExtension>
            <gpxtpx:hr>132</gpxtpx:hr>
          </gpxtpx:TrackPointExtension>
        </extensions>
      </trkpt>
      <trkpt lat="29.602902964611175" lon="106.31680002020748">
        <ele>256.2362060546875</ele>
        <time>2026-09-04T22:29:29Z</time>
        <extensions>
          <gpxtpx:TrackPointExtension>
            <gpxtpx:hr>133</gpxtpx:hr>
          </gpxtpx:TrackPointExtension>
        </extensions>
      </trkpt>
      <trkpt lat="29.602914197452645" lon="106.31660846638046">
        <ele>256.0283203125</ele>
        <time>2026-09-04T22:29:35Z</time>
        <extensions>
          <gpxtpx:TrackPointExtension>
            <gpxtpx:hr>132</gpxtpx:hr>
          </gpxtpx:TrackPointExtension>
        </extensions>
      </trkpt>
      <trkpt lat="29.602885412421823" lon="106.31649973482563">
        <ele>257.83447265625</ele>
        <time>2026-09-04T22:29:38Z</time>
        <extensions>
          <gpxtpx:TrackPointExtension>
            <gpxtpx:hr>133</gpxtpx:hr>
          </gpxtpx:TrackPointExtension>
        </extensions>
      </trkpt>
      <trkpt lat="29.602833588986794" lon="106.31641494586945">
        <ele>255.85626220703125</ele>
        <time>2026-09-04T22:29:41Z</time>
        <extensions>
          <gpxtpx:TrackPointExtension>
            <gpxtpx:hr>133</gpxtpx:hr>
          </gpxtpx:TrackPointExtension>
        </extensions>
      </trkpt>
      <trkpt lat="29.602780678890117" lon="106.31637604443739">
        <ele>254.73944091796875</ele>
        <time>2026-09-04T22:29:44Z</time>
        <extensions>
          <gpxtpx:TrackPointExtension>
            <gpxtpx:hr>133</gpxtpx:hr>
          </gpxtpx:TrackPointExtension>
        </extensions>
      </trkpt>
      <trkpt lat="29.60264673118929" lon="106.31637006717956">
        <ele>252.537841796875</ele>
        <time>2026-09-04T22:29:50Z</time>
        <extensions>
          <gpxtpx:TrackPointExtension>
            <gpxtpx:hr>134</gpxtpx:hr>
          </gpxtpx:TrackPointExtension>
        </extensions>
      </trkpt>
      <trkpt lat="29.602607676967576" lon="106.31640498393679">
        <ele>250.7659912109375</ele>
        <time>2026-09-04T22:29:53Z</time>
        <extensions>
          <gpxtpx:TrackPointExtension>
            <gpxtpx:hr>134</gpxtpx:hr>
          </gpxtpx:TrackPointExtension>
        </extensions>
      </trkpt>
      <trkpt lat="29.60257355882988" lon="106.31647281966507">
        <ele>250.33984375</ele>
        <time>2026-09-04T22:29:56Z</time>
        <extensions>
          <gpxtpx:TrackPointExtension>
            <gpxtpx:hr>133</gpxtpx:hr>
          </gpxtpx:TrackPointExtension>
        </extensions>
      </trkpt>
      <trkpt lat="29.602554125326446" lon="106.31662218986472">
        <ele>250.1021728515625</ele>
        <time>2026-09-04T22:30:02Z</time>
        <extensions>
          <gpxtpx:TrackPointExtension>
            <gpxtpx:hr>130</gpxtpx:hr>
          </gpxtpx:TrackPointExtension>
        </extensions>
      </trkpt>
      <trkpt lat="29.60262755439444" lon="106.31699353843078">
        <ele>252.18927001953125</ele>
        <time>2026-09-04T22:30:14Z</time>
        <extensions>
          <gpxtpx:TrackPointExtension>
            <gpxtpx:hr>128</gpxtpx:hr>
          </gpxtpx:TrackPointExtension>
        </extensions>
      </trkpt>
      <trkpt lat="29.602562038188726" lon="106.31727584868672">
        <ele>249.518798828125</ele>
        <time>2026-09-04T22:30:26Z</time>
        <extensions>
          <gpxtpx:TrackPointExtension>
            <gpxtpx:hr>130</gpxtpx:hr>
          </gpxtpx:TrackPointExtension>
        </extensions>
      </trkpt>
      <trkpt lat="29.602524971803746" lon="106.31731675037365">
        <ele>249.5328369140625</ele>
        <time>2026-09-04T22:30:29Z</time>
        <extensions>
          <gpxtpx:TrackPointExtension>
            <gpxtpx:hr>131</gpxtpx:hr>
          </gpxtpx:TrackPointExtension>
        </extensions>
      </trkpt>
      <trkpt lat="29.602420098523737" lon="106.31737486667878">
        <ele>248.8621826171875</ele>
        <time>2026-09-04T22:30:35Z</time>
        <extensions>
          <gpxtpx:TrackPointExtension>
            <gpxtpx:hr>131</gpxtpx:hr>
          </gpxtpx:TrackPointExtension>
        </extensions>
      </trkpt>
      <trkpt lat="29.602262230760044" lon="106.3174291007835">
        <ele>248.11541748046875</ele>
        <time>2026-09-04T22:30:41Z</time>
        <extensions>
          <gpxtpx:TrackPointExtension>
            <gpxtpx:hr>132</gpxtpx:hr>
          </gpxtpx:TrackPointExtension>
        </extensions>
      </trkpt>
      <trkpt lat="29.60211991407836" lon="106.31753399627259">
        <ele>250.4747314453125</ele>
        <time>2026-09-04T22:30:47Z</time>
        <extensions>
          <gpxtpx:TrackPointExtension>
            <gpxtpx:hr>134</gpxtpx:hr>
          </gpxtpx:TrackPointExtension>
        </extensions>
      </trkpt>
      <trkpt lat="29.601957949366255" lon="106.31759110428679">
        <ele>255.70037841796875</ele>
        <time>2026-09-04T22:30:53Z</time>
        <extensions>
          <gpxtpx:TrackPointExtension>
            <gpxtpx:hr>135</gpxtpx:hr>
          </gpxtpx:TrackPointExtension>
        </extensions>
      </trkpt>
      <trkpt lat="29.60191648674623" lon="106.31766991842866">
        <ele>256.1981201171875</ele>
        <time>2026-09-04T22:30:56Z</time>
        <extensions>
          <gpxtpx:TrackPointExtension>
            <gpxtpx:hr>135</gpxtpx:hr>
          </gpxtpx:TrackPointExtension>
        </extensions>
      </trkpt>
      <trkpt lat="29.60188586201252" lon="106.31800309996197">
        <ele>254.2349853515625</ele>
        <time>2026-09-04T22:31:08Z</time>
        <extensions>
          <gpxtpx:TrackPointExtension>
            <gpxtpx:hr>134</gpxtpx:hr>
          </gpxtpx:TrackPointExtension>
        </extensions>
      </trkpt>
      <trkpt lat="29.60188085877869" lon="106.31831093230139">
        <ele>255.96453857421875</ele>
        <time>2026-09-04T22:31:20Z</time>
        <extensions>
          <gpxtpx:TrackPointExtension>
            <gpxtpx:hr>135</gpxtpx:hr>
          </gpxtpx:TrackPointExtension>
        </extensions>
      </trkpt>
      <trkpt lat="29.60189997203937" lon="106.31846795341458">
        <ele>252.81494140625</ele>
        <time>2026-09-04T22:31:26Z</time>
        <extensions>
          <gpxtpx:TrackPointExtension>
            <gpxtpx:hr>135</gpxtpx:hr>
          </gpxtpx:TrackPointExtension>
        </extensions>
      </trkpt>
      <trkpt lat="29.601890330097397" lon="106.31880611971415">
        <ele>252.41802978515625</ele>
        <time>2026-09-04T22:31:38Z</time>
        <extensions>
          <gpxtpx:TrackPointExtension>
            <gpxtpx:hr>140</gpxtpx:hr>
          </gpxtpx:TrackPointExtension>
        </extensions>
      </trkpt>
      <trkpt lat="29.60187569110352" lon="106.31914328812364">
        <ele>253.95184326171875</ele>
        <time>2026-09-04T22:31:50Z</time>
        <extensions>
          <gpxtpx:TrackPointExtension>
            <gpxtpx:hr>139</gpxtpx:hr>
          </gpxtpx:TrackPointExtension>
        </extensions>
      </trkpt>
      <trkpt lat="29.601934088327702" lon="106.31944952794308">
        <ele>252.6412353515625</ele>
        <time>2026-09-04T22:32:02Z</time>
        <extensions>
          <gpxtpx:TrackPointExtension>
            <gpxtpx:hr>139</gpxtpx:hr>
          </gpxtpx:TrackPointExtension>
        </extensions>
      </trkpt>
      <trkpt lat="29.601916405561653" lon="106.31980963864142">
        <ele>252.324951171875</ele>
        <time>2026-09-04T22:32:14Z</time>
        <extensions>
          <gpxtpx:TrackPointExtension>
            <gpxtpx:hr>139</gpxtpx:hr>
          </gpxtpx:TrackPointExtension>
        </extensions>
      </trkpt>
      <trkpt lat="29.601902072367697" lon="106.31998620272277">
        <ele>252.38116455078125</ele>
        <time>2026-09-04T22:32:20Z</time>
        <extensions>
          <gpxtpx:TrackPointExtension>
            <gpxtpx:hr>137</gpxtpx:hr>
          </gpxtpx:TrackPointExtension>
        </extensions>
      </trkpt>
      <trkpt lat="29.60213617798267" lon="106.31989341811399">
        <ele>251.8416748046875</ele>
        <time>2026-09-04T22:32:35Z</time>
        <extensions>
          <gpxtpx:TrackPointExtension>
            <gpxtpx:hr>138</gpxtpx:hr>
          </gpxtpx:TrackPointExtension>
        </extensions>
      </trkpt>
      <trkpt lat="29.602225139280918" lon="106.31989939794069">
        <ele>253.80523681640625</ele>
        <time>2026-09-04T22:32:38Z</time>
        <extensions>
          <gpxtpx:TrackPointExtension>
            <gpxtpx:hr>139</gpxtpx:hr>
          </gpxtpx:TrackPointExtension>
        </extensions>
      </trkpt>
      <trkpt lat="29.602304154261926" lon="106.3198789214239">
        <ele>254.54345703125</ele>
        <time>2026-09-04T22:32:41Z</time>
        <extensions>
          <gpxtpx:TrackPointExtension>
            <gpxtpx:hr>140</gpxtpx:hr>
          </gpxtpx:TrackPointExtension>
        </extensions>
      </trkpt>
      <trkpt lat="29.602383283266995" lon="106.3198282316079">
        <ele>255.36041259765625</ele>
        <time>2026-09-04T22:32:44Z</time>
        <extensions>
          <gpxtpx:TrackPointExtension>
            <gpxtpx:hr>140</gpxtpx:hr>
          </gpxtpx:TrackPointExtension>
        </extensions>
      </trkpt>
      <trkpt lat="29.60249657101535" lon="106.31963004767556">
        <ele>256.85906982421875</ele>
        <time>2026-09-04T22:32:56Z</time>
        <extensions>
          <gpxtpx:TrackPointExtension>
            <gpxtpx:hr>137</gpxtpx:hr>
          </gpxtpx:TrackPointExtension>
        </extensions>
      </trkpt>
      <trkpt lat="29.60266166919196" lon="106.31955223008167">
        <ele>261.81549072265625</ele>
        <time>2026-09-04T22:33:05Z</time>
        <extensions>
          <gpxtpx:TrackPointExtension>
            <gpxtpx:hr>138</gpxtpx:hr>
          </gpxtpx:TrackPointExtension>
        </extensions>
      </trkpt>
      <trkpt lat="29.60270963927432" lon="106.31956020745956">
        <ele>260.45343017578125</ele>
        <time>2026-09-04T22:33:08Z</time>
        <extensions>
          <gpxtpx:TrackPointExtension>
            <gpxtpx:hr>137</gpxtpx:hr>
          </gpxtpx:TrackPointExtension>
        </extensions>
      </trkpt>
      <trkpt lat="29.602754656007942" lon="106.31954424420053">
        <ele>261.4783935546875</ele>
        <time>2026-09-04T22:33:11Z</time>
        <extensions>
          <gpxtpx:TrackPointExtension>
            <gpxtpx:hr>136</gpxtpx:hr>
          </gpxtpx:TrackPointExtension>
        </extensions>
      </trkpt>
      <trkpt lat="29.6028200400168" lon="106.31933276293216">
        <ele>263.14691162109375</ele>
        <time>2026-09-04T22:33:20Z</time>
        <extensions>
          <gpxtpx:TrackPointExtension>
            <gpxtpx:hr>136</gpxtpx:hr>
          </gpxtpx:TrackPointExtension>
        </extensions>
      </trkpt>
      <trkpt lat="29.602926377065522" lon="106.31913923461036">
        <ele>256.164794921875</ele>
        <time>2026-09-04T22:33:26Z</time>
        <extensions>
          <gpxtpx:TrackPointExtension>
            <gpxtpx:hr>136</gpxtpx:hr>
          </gpxtpx:TrackPointExtension>
        </extensions>
      </trkpt>
      <trkpt lat="29.602940943012147" lon="106.31895316553295">
        <ele>252.6612548828125</ele>
        <time>2026-09-04T22:33:32Z</time>
        <extensions>
          <gpxtpx:TrackPointExtension>
            <gpxtpx:hr>137</gpxtpx:hr>
          </gpxtpx:TrackPointExtension>
        </extensions>
      </trkpt>
      <trkpt lat="29.602924044093296" lon="106.31879009676935">
        <ele>251.68408203125</ele>
        <time>2026-09-04T22:33:38Z</time>
        <extensions>
          <gpxtpx:TrackPointExtension>
            <gpxtpx:hr>135</gpxtpx:hr>
          </gpxtpx:TrackPointExtension>
        </extensions>
      </trkpt>
      <trkpt lat="29.602939212616857" lon="106.31869931986621">
        <ele>253.141357421875</ele>
        <time>2026-09-04T22:33:41Z</time>
        <extensions>
          <gpxtpx:TrackPointExtension>
            <gpxtpx:hr>136</gpxtpx:hr>
          </gpxtpx:TrackPointExtension>
        </extensions>
      </trkpt>
      <trkpt lat="29.602892928995455" lon="106.31855356503353">
        <ele>254.2628173828125</ele>
        <time>2026-09-04T22:33:47Z</time>
        <extensions>
          <gpxtpx:TrackPointExtension>
            <gpxtpx:hr>137</gpxtpx:hr>
          </gpxtpx:TrackPointExtension>
        </extensions>
      </trkpt>
      <trkpt lat="29.602865855053576" lon="106.3183741263934">
        <ele>260.09912109375</ele>
        <time>2026-09-04T22:33:53Z</time>
        <extensions>
          <gpxtpx:TrackPointExtension>
            <gpxtpx:hr>137</gpxtpx:hr>
          </gpxtpx:TrackPointExtension>
        </extensions>
      </trkpt>
      <trkpt lat="29.602879985707588" lon="106.31830330014797">
        <ele>258.919921875</ele>
        <time>2026-09-04T22:33:56Z</time>
        <extensions>
          <gpxtpx:TrackPointExtension>
            <gpxtpx:hr>137</gpxtpx:hr>
          </gpxtpx:TrackPointExtension>
        </extensions>
      </trkpt>
      <trkpt lat="29.602947206610676" lon="106.3181339176556">
        <ele>255.872314453125</ele>
        <time>2026-09-04T22:34:02Z</time>
        <extensions>
          <gpxtpx:TrackPointExtension>
            <gpxtpx:hr>136</gpxtpx:hr>
          </gpxtpx:TrackPointExtension>
        </extensions>
      </trkpt>
      <trkpt lat="29.60295216737534" lon="106.31797404776712">
        <ele>255.86822509765625</ele>
        <time>2026-09-04T22:34:08Z</time>
        <extensions>
          <gpxtpx:TrackPointExtension>
            <gpxtpx:hr>136</gpxtpx:hr>
          </gpxtpx:TrackPointExtension>
        </extensions>
      </trkpt>
      <trkpt lat="29.602904700852406" lon="106.31769825292847">
        <ele>258.9263916015625</ele>
        <time>2026-09-04T22:34:17Z</time>
        <extensions>
          <gpxtpx:TrackPointExtension>
            <gpxtpx:hr>136</gpxtpx:hr>
          </gpxtpx:TrackPointExtension>
        </extensions>
      </trkpt>
      <trkpt lat="29.602914328250158" lon="106.31758772408547">
        <ele>256.538818359375</ele>
        <time>2026-09-04T22:34:20Z</time>
        <extensions>
          <gpxtpx:TrackPointExtension>
            <gpxtpx:hr>137</gpxtpx:hr>
          </gpxtpx:TrackPointExtension>
        </extensions>
      </trkpt>
      <trkpt lat="29.602901257278933" lon="106.31745825572311">
        <ele>258.25457763671875</ele>
        <time>2026-09-04T22:34:23Z</time>
        <extensions>
          <gpxtpx:TrackPointExtension>
            <gpxtpx:hr>137</gpxtpx:hr>
          </gpxtpx:TrackPointExtension>
        </extensions>
      </trkpt>
      <trkpt lat="29.60292891171973" lon="106.31733437072596">
        <ele>258.0185546875</ele>
        <time>2026-09-04T22:34:26Z</time>
        <extensions>
          <gpxtpx:TrackPointExtension>
            <gpxtpx:hr>137</gpxtpx:hr>
          </gpxtpx:TrackPointExtension>
        </extensions>
      </trkpt>
      <trkpt lat="29.60297704400433" lon="106.31720599531496">
        <ele>254.3172607421875</ele>
        <time>2026-09-04T22:34:32Z</time>
        <extensions>
          <gpxtpx:TrackPointExtension>
            <gpxtpx:hr>137</gpxtpx:hr>
          </gpxtpx:TrackPointExtension>
        </extensions>
      </trkpt>
      <trkpt lat="29.602927706880052" lon="106.31697402875297">
        <ele>253.05181884765625</ele>
        <time>2026-09-04T22:34:44Z</time>
        <extensions>
          <gpxtpx:TrackPointExtension>
            <gpxtpx:hr>138</gpxtpx:hr>
          </gpxtpx:TrackPointExtension>
        </extensions>
      </trkpt>
      <trkpt lat="29.60296066006548" lon="106.31674583765704">
        <ele>255.0780029296875</ele>
        <time>2026-09-04T22:34:50Z</time>
        <extensions>
          <gpxtpx:TrackPointExtension>
            <gpxtpx:hr>140</gpxtpx:hr>
          </gpxtpx:TrackPointExtension>
        </extensions>
      </trkpt>
      <trkpt lat="29.602910357518653" lon="106.31652467215864">
        <ele>253.00537109375</ele>
        <time>2026-09-04T22:34:56Z</time>
        <extensions>
          <gpxtpx:TrackPointExtension>
            <gpxtpx:hr>140</gpxtpx:hr>
          </gpxtpx:TrackPointExtension>
        </extensions>
      </trkpt>
      <trkpt lat="29.60287649079023" lon="106.31645983321566">
        <ele>253.94012451171875</ele>
        <time>2026-09-04T22:34:59Z</time>
        <extensions>
          <gpxtpx:TrackPointExtension>
            <gpxtpx:hr>140</gpxtpx:hr>
          </gpxtpx:TrackPointExtension>
        </extensions>
      </trkpt>
      <trkpt lat="29.60279961071586" lon="106.31640896259113">
        <ele>252.6517333984375</ele>
        <time>2026-09-04T22:35:02Z</time>
        <extensions>
          <gpxtpx:TrackPointExtension>
            <gpxtpx:hr>140</gpxtpx:hr>
          </gpxtpx:TrackPointExtension>
        </extensions>
      </trkpt>
      <trkpt lat="29.602664684108653" lon="106.31639201229626">
        <ele>252.2354736328125</ele>
        <time>2026-09-04T22:35:08Z</time>
        <extensions>
          <gpxtpx:TrackPointExtension>
            <gpxtpx:hr>140</gpxtpx:hr>
          </gpxtpx:TrackPointExtension>
        </extensions>
      </trkpt>
      <trkpt lat="29.602605651118267" lon="106.31641894981796">
        <ele>251.4892578125</ele>
        <time>2026-09-04T22:35:11Z</time>
        <extensions>
          <gpxtpx:TrackPointExtension>
            <gpxtpx:hr>141</gpxtpx:hr>
          </gpxtpx:TrackPointExtension>
        </extensions>
      </trkpt>
      <trkpt lat="29.60256654395663" lon="106.31648179807111">
        <ele>249.337890625</ele>
        <time>2026-09-04T22:35:14Z</time>
        <extensions>
          <gpxtpx:TrackPointExtension>
            <gpxtpx:hr>141</gpxtpx:hr>
          </gpxtpx:TrackPointExtension>
        </extensions>
      </trkpt>
      <trkpt lat="29.602559421312044" lon="106.31654763702615">
        <ele>248.87628173828125</ele>
        <time>2026-09-04T22:35:17Z</time>
        <extensions>
          <gpxtpx:TrackPointExtension>
            <gpxtpx:hr>141</gpxtpx:hr>
          </gpxtpx:TrackPointExtension>
        </extensions>
      </trkpt>
      <trkpt lat="29.602585860661723" lon="106.3168389206337">
        <ele>248.95587158203125</ele>
        <time>2026-09-04T22:35:26Z</time>
        <extensions>
          <gpxtpx:TrackPointExtension>
            <gpxtpx:hr>139</gpxtpx:hr>
          </gpxtpx:TrackPointExtension>
        </extensions>
      </trkpt>
      <trkpt lat="29.60257169458513" lon="106.31692870104338">
        <ele>251.243896484375</ele>
        <time>2026-09-04T22:35:29Z</time>
        <extensions>
          <gpxtpx:TrackPointExtension>
            <gpxtpx:hr>139</gpxtpx:hr>
          </gpxtpx:TrackPointExtension>
        </extensions>
      </trkpt>
      <trkpt lat="29.602588314435646" lon="106.31712621485619">
        <ele>245.754638671875</ele>
        <time>2026-09-04T22:35:38Z</time>
        <extensions>
          <gpxtpx:TrackPointExtension>
            <gpxtpx:hr>140</gpxtpx:hr>
          </gpxtpx:TrackPointExtension>
        </extensions>
      </trkpt>
      <trkpt lat="29.602533236269924" lon="106.31725802716741">
        <ele>247.6412353515625</ele>
        <time>2026-09-04T22:35:44Z</time>
        <extensions>
          <gpxtpx:TrackPointExtension>
            <gpxtpx:hr>140</gpxtpx:hr>
          </gpxtpx:TrackPointExtension>
        </extensions>
      </trkpt>
      <trkpt lat="29.602486582387474" lon="106.3173139328023">
        <ele>246.0645751953125</ele>
        <time>2026-09-04T22:35:47Z</time>
        <extensions>
          <gpxtpx:TrackPointExtension>
            <gpxtpx:hr>140</gpxtpx:hr>
          </gpxtpx:TrackPointExtension>
        </extensions>
      </trkpt>
      <trkpt lat="29.60219185161309" lon="106.31744167068854">
        <ele>250.6126708984375</ele>
        <time>2026-09-04T22:35:59Z</time>
        <extensions>
          <gpxtpx:TrackPointExtension>
            <gpxtpx:hr>140</gpxtpx:hr>
          </gpxtpx:TrackPointExtension>
        </extensions>
      </trkpt>
      <trkpt lat="29.60200200949207" lon="106.3175176484753">
        <ele>256.7440185546875</ele>
        <time>2026-09-04T22:36:05Z</time>
        <extensions>
          <gpxtpx:TrackPointExtension>
            <gpxtpx:hr>139</gpxtpx:hr>
          </gpxtpx:TrackPointExtension>
        </extensions>
      </trkpt>
      <trkpt lat="29.601897570351664" lon="106.31762902021495">
        <ele>261.26934814453125</ele>
        <time>2026-09-04T22:36:11Z</time>
        <extensions>
          <gpxtpx:TrackPointExtension>
            <gpxtpx:hr>139</gpxtpx:hr>
          </gpxtpx:TrackPointExtension>
        </extensions>
      </trkpt>
      <trkpt lat="29.601831269936007" lon="106.31779760928055">
        <ele>258.5032958984375</ele>
        <time>2026-09-04T22:36:17Z</time>
        <extensions>
          <gpxtpx:TrackPointExtension>
            <gpxtpx:hr>138</gpxtpx:hr>
          </gpxtpx:TrackPointExtension>
        </extensions>
      </trkpt>
      <trkpt lat="29.601852592952405" lon="106.31814974070306">
        <ele>256.2044677734375</ele>
        <time>2026-09-04T22:36:29Z</time>
        <extensions>
          <gpxtpx:TrackPointExtension>
            <gpxtpx:hr>139</gpxtpx:hr>
          </gpxtpx:TrackPointExtension>
        </extensions>
      </trkpt>
      <trkpt lat="29.60187799755147" lon="106.31844824774426">
        <ele>252.76092529296875</ele>
        <time>2026-09-04T22:36:41Z</time>
        <extensions>
          <gpxtpx:TrackPointExtension>
            <gpxtpx:hr>143</gpxtpx:hr>
          </gpxtpx:TrackPointExtension>
        </extensions>
      </trkpt>
      <trkpt lat="29.601880253254823" lon="106.31884801691312">
        <ele>254.56524658203125</ele>
        <time>2026-09-04T22:36:53Z</time>
        <extensions>
          <gpxtpx:TrackPointExtension>
            <gpxtpx:hr>142</gpxtpx:hr>
          </gpxtpx:TrackPointExtension>
        </extensions>
      </trkpt>
      <trkpt lat="29.60185391677339" lon="106.31902857274575">
        <ele>254.9407958984375</ele>
        <time>2026-09-04T22:36:59Z</time>
        <extensions>
          <gpxtpx:TrackPointExtension>
            <gpxtpx:hr>143</gpxtpx:hr>
          </gpxtpx:TrackPointExtension>
        </extensions>
      </trkpt>
      <trkpt lat="29.601885956045336" lon="106.31934893677295">
        <ele>255.7357177734375</ele>
        <time>2026-09-04T22:37:11Z</time>
        <extensions>
          <gpxtpx:TrackPointExtension>
            <gpxtpx:hr>143</gpxtpx:hr>
          </gpxtpx:TrackPointExtension>
        </extensions>
      </trkpt>
      <trkpt lat="29.601931049239674" lon="106.31947047635002">
        <ele>250.6060791015625</ele>
        <time>2026-09-04T22:37:17Z</time>
        <extensions>
          <gpxtpx:TrackPointExtension>
            <gpxtpx:hr>143</gpxtpx:hr>
          </gpxtpx:TrackPointExtension>
        </extensions>
      </trkpt>
      <trkpt lat="29.601919290251427" lon="106.31986949042187">
        <ele>249.61676025390625</ele>
        <time>2026-09-04T22:37:29Z</time>
        <extensions>
          <gpxtpx:TrackPointExtension>
            <gpxtpx:hr>142</gpxtpx:hr>
          </gpxtpx:TrackPointExtension>
        </extensions>
      </trkpt>
      <trkpt lat="29.601913105227162" lon="106.31996724895056">
        <ele>251.84783935546875</ele>
        <time>2026-09-04T22:37:32Z</time>
        <extensions>
          <gpxtpx:TrackPointExtension>
            <gpxtpx:hr>141</gpxtpx:hr>
          </gpxtpx:TrackPointExtension>
        </extensions>
      </trkpt>
      <trkpt lat="29.60204720906713" lon="106.31989142841687">
        <ele>247.914794921875</ele>
        <time>2026-09-04T22:37:44Z</time>
        <extensions>
          <gpxtpx:TrackPointExtension>
            <gpxtpx:hr>144</gpxtpx:hr>
          </gpxtpx:TrackPointExtension>
        </extensions>
      </trkpt>
      <trkpt lat="29.60212622299274" lon="106.31987147300256">
        <ele>250.70379638671875</ele>
        <time>2026-09-04T22:37:47Z</time>
        <extensions>
          <gpxtpx:TrackPointExtension>
            <gpxtpx:hr>146</gpxtpx:hr>
          </gpxtpx:TrackPointExtension>
        </extensions>
      </trkpt>
      <trkpt lat="29.602214775155154" lon="106.3198987466702">
        <ele>254.1387939453125</ele>
        <time>2026-09-04T22:37:50Z</time>
        <extensions>
          <gpxtpx:TrackPointExtension>
            <gpxtpx:hr>147</gpxtpx:hr>
          </gpxtpx:TrackPointExtension>
        </extensions>
      </trkpt>
      <trkpt lat="29.602304272111805" lon="106.31988722993864">
        <ele>254.0081787109375</ele>
        <time>2026-09-04T22:37:53Z</time>
        <extensions>
          <gpxtpx:TrackPointExtension>
            <gpxtpx:hr>148</gpxtpx:hr>
          </gpxtpx:TrackPointExtension>
        </extensions>
      </trkpt>
      <trkpt lat="29.602382081773772" lon="106.31983960196479">
        <ele>253.4029541015625</ele>
        <time>2026-09-04T22:37:56Z</time>
        <extensions>
          <gpxtpx:TrackPointExtension>
            <gpxtpx:hr>148</gpxtpx:hr>
          </gpxtpx:TrackPointExtension>
        </extensions>
      </trkpt>
      <trkpt lat="29.602439434076597" lon="106.3197108513265">
        <ele>254.84149169921875</ele>
        <time>2026-09-04T22:38:02Z</time>
        <extensions>
          <gpxtpx:TrackPointExtension>
            <gpxtpx:hr>144</gpxtpx:hr>
          </gpxtpx:TrackPointExtension>
        </extensions>
      </trkpt>
      <trkpt lat="29.602445535162367" lon="106.31965698415925">
        <ele>256.5538330078125</ele>
        <time>2026-09-04T22:38:05Z</time>
        <extensions>
          <gpxtpx:TrackPointExtension>
            <gpxtpx:hr>143</gpxtpx:hr>
          </gpxtpx:TrackPointExtension>
        </extensions>
      </trkpt>
      <trkpt lat="29.602505655923352" lon="106.31958416057739">
        <ele>259.579833984375</ele>
        <time>2026-09-04T22:38:11Z</time>
        <extensions>
          <gpxtpx:TrackPointExtension>
            <gpxtpx:hr>143</gpxtpx:hr>
          </gpxtpx:TrackPointExtension>
        </extensions>
      </trkpt>
      <trkpt lat="29.602666290237742" lon="106.3195772894164">
        <ele>263.291748046875</ele>
        <time>2026-09-04T22:38:20Z</time>
        <extensions>
          <gpxtpx:TrackPointExtension>
            <gpxtpx:hr>143</gpxtpx:hr>
          </gpxtpx:TrackPointExtension>
        </extensions>
      </trkpt>
      <trkpt lat="29.602735260240927" lon="106.31941346087645">
        <ele>268.701171875</ele>
        <time>2026-09-04T22:38:29Z</time>
        <extensions>
          <gpxtpx:TrackPointExtension>
            <gpxtpx:hr>143</gpxtpx:hr>
          </gpxtpx:TrackPointExtension>
        </extensions>
      </trkpt>
      <trkpt lat="29.602920447435512" lon="106.31910332366395">
        <ele>256.661376953125</ele>
        <time>2026-09-04T22:38:38Z</time>
        <extensions>
          <gpxtpx:TrackPointExtension>
            <gpxtpx:hr>140</gpxtpx:hr>
          </gpxtpx:TrackPointExtension>
        </extensions>
      </trkpt>
      <trkpt lat="29.60294961180305" lon="106.31901254607715">
        <ele>256.1285400390625</ele>
        <time>2026-09-04T22:38:41Z</time>
        <extensions>
          <gpxtpx:TrackPointExtension>
            <gpxtpx:hr>141</gpxtpx:hr>
          </gpxtpx:TrackPointExtension>
        </extensions>
      </trkpt>
      <trkpt lat="29.602937003521923" lon="106.31876091040067">
        <ele>254.175048828125</ele>
        <time>2026-09-04T22:38:50Z</time>
        <extensions>
          <gpxtpx:TrackPointExtension>
            <gpxtpx:hr>143</gpxtpx:hr>
          </gpxtpx:TrackPointExtension>
        </extensions>
      </trkpt>
      <trkpt lat="29.602897271092633" lon="106.31867538146733">
        <ele>252.6058349609375</ele>
        <time>2026-09-04T22:38:53Z</time>
        <extensions>
          <gpxtpx:TrackPointExtension>
            <gpxtpx:hr>144</gpxtpx:hr>
          </gpxtpx:TrackPointExtension>
        </extensions>
      </trkpt>
      <trkpt lat="29.602857444179644" lon="106.3183984015827">
        <ele>255.99114990234375</ele>
        <time>2026-09-04T22:39:02Z</time>
        <extensions>
          <gpxtpx:TrackPointExtension>
            <gpxtpx:hr>147</gpxtpx:hr>
          </gpxtpx:TrackPointExtension>
        </extensions>
      </trkpt>
      <trkpt lat="29.602943876789976" lon="106.31823835663104">
        <ele>253.9608154296875</ele>
        <time>2026-09-04T22:39:08Z</time>
        <extensions>
          <gpxtpx:TrackPointExtension>
            <gpxtpx:hr>144</gpxtpx:hr>
          </gpxtpx:TrackPointExtension>
        </extensions>
      </trkpt>
      <trkpt lat="29.60297798552666" lon="106.3181327609748">
        <ele>252.90045166015625</ele>
        <time>2026-09-04T22:39:11Z</time>
        <extensions>
          <gpxtpx:TrackPointExtension>
            <gpxtpx:hr>141</gpxtpx:hr>
          </gpxtpx:TrackPointExtension>
        </extensions>
      </trkpt>
      <trkpt lat="29.602954381445244" lon="106.31777593664236">
        <ele>249.76385498046875</ele>
        <time>2026-09-04T22:39:23Z</time>
        <extensions>
          <gpxtpx:TrackPointExtension>
            <gpxtpx:hr>138</gpxtpx:hr>
          </gpxtpx:TrackPointExtension>
        </extensions>
      </trkpt>
      <trkpt lat="29.60294504858159" lon="106.31757726653777">
        <ele>251.25775146484375</ele>
        <time>2026-09-04T22:39:29Z</time>
        <extensions>
          <gpxtpx:TrackPointExtension>
            <gpxtpx:hr>138</gpxtpx:hr>
          </gpxtpx:TrackPointExtension>
        </extensions>
      </trkpt>
      <trkpt lat="29.602984783124356" lon="106.31741505976628">
        <ele>252.3133544921875</ele>
        <time>2026-09-04T22:39:35Z</time>
        <extensions>
          <gpxtpx:TrackPointExtension>
            <gpxtpx:hr>139</gpxtpx:hr>
          </gpxtpx:TrackPointExtension>
        </extensions>
      </trkpt>
      <trkpt lat="29.602996984844093" lon="106.31723392546192">
        <ele>255.92657470703125</ele>
        <time>2026-09-04T22:39:41Z</time>
        <extensions>
          <gpxtpx:TrackPointExtension>
            <gpxtpx:hr>140</gpxtpx:hr>
          </gpxtpx:TrackPointExtension>
        </extensions>
      </trkpt>
      <trkpt lat="29.60294390784983" lon="106.31688780859066">
        <ele>255.348388671875</ele>
        <time>2026-09-04T22:39:53Z</time>
        <extensions>
          <gpxtpx:TrackPointExtension>
            <gpxtpx:hr>140</gpxtpx:hr>
          </gpxtpx:TrackPointExtension>
        </extensions>
      </trkpt>
      <trkpt lat="29.602953125018548" lon="106.31664038571732">
        <ele>259.71453857421875</ele>
        <time>2026-09-04T22:39:59Z</time>
        <extensions>
          <gpxtpx:TrackPointExtension>
            <gpxtpx:hr>140</gpxtpx:hr>
          </gpxtpx:TrackPointExtension>
        </extensions>
      </trkpt>
      <trkpt lat="29.602927297492098" lon="106.31655360018159">
        <ele>259.478759765625</ele>
        <time>2026-09-04T22:40:02Z</time>
        <extensions>
          <gpxtpx:TrackPointExtension>
            <gpxtpx:hr>139</gpxtpx:hr>
          </gpxtpx:TrackPointExtension>
        </extensions>
      </trkpt>
      <trkpt lat="29.60287646054373" lon="106.31647579407796">
        <ele>260.37200927734375</ele>
        <time>2026-09-04T22:40:05Z</time>
        <extensions>
          <gpxtpx:TrackPointExtension>
            <gpxtpx:hr>140</gpxtpx:hr>
          </gpxtpx:TrackPointExtension>
        </extensions>
      </trkpt>
      <trkpt lat="29.60269869072369" lon="106.31638303225789">
        <ele>259.41595458984375</ele>
        <time>2026-09-04T22:40:14Z</time>
        <extensions>
          <gpxtpx:TrackPointExtension>
            <gpxtpx:hr>138</gpxtpx:hr>
          </gpxtpx:TrackPointExtension>
        </extensions>
      </trkpt>
      <trkpt lat="29.60265865759324" lon="106.31640697597409">
        <ele>254.7808837890625</ele>
        <time>2026-09-04T22:40:17Z</time>
        <extensions>
          <gpxtpx:TrackPointExtension>
            <gpxtpx:hr>138</gpxtpx:hr>
          </gpxtpx:TrackPointExtension>
        </extensions>
      </trkpt>
      <trkpt lat="29.602592031567678" lon="106.31654506632135">
        <ele>252.36865234375</ele>
        <time>2026-09-04T22:40:23Z</time>
        <extensions>
          <gpxtpx:TrackPointExtension>
            <gpxtpx:hr>138</gpxtpx:hr>
          </gpxtpx:TrackPointExtension>
        </extensions>
      </trkpt>
      <trkpt lat="29.602576219427792" lon="106.31665138150215">
        <ele>253.10589599609375</ele>
        <time>2026-09-04T22:40:26Z</time>
        <extensions>
          <gpxtpx:TrackPointExtension>
            <gpxtpx:hr>140</gpxtpx:hr>
          </gpxtpx:TrackPointExtension>
        </extensions>
      </trkpt>
      <trkpt lat="29.602613604117735" lon="106.31696959807378">
        <ele>257.46075439453125</ele>
        <time>2026-09-04T22:40:35Z</time>
        <extensions>
          <gpxtpx:TrackPointExtension>
            <gpxtpx:hr>141</gpxtpx:hr>
          </gpxtpx:TrackPointExtension>
        </extensions>
      </trkpt>
      <trkpt lat="29.602578126147062" lon="106.31722696786743">
        <ele>252.359375</ele>
        <time>2026-09-04T22:40:47Z</time>
        <extensions>
          <gpxtpx:TrackPointExtension>
            <gpxtpx:hr>142</gpxtpx:hr>
          </gpxtpx:TrackPointExtension>
        </extensions>
      </trkpt>
      <trkpt lat="29.602531998091255" lon="106.31730178673703">
        <ele>252.458984375</ele>
        <time>2026-09-04T22:40:50Z</time>
        <extensions>
          <gpxtpx:TrackPointExtension>
            <gpxtpx:hr>144</gpxtpx:hr>
          </gpxtpx:TrackPointExtension>
        </extensions>
      </trkpt>
      <trkpt lat="29.602391805880153" lon="106.31742549103461">
        <ele>249.3399658203125</ele>
        <time>2026-09-04T22:40:56Z</time>
        <extensions>
          <gpxtpx:TrackPointExtension>
            <gpxtpx:hr>146</gpxtpx:hr>
          </gpxtpx:TrackPointExtension>
        </extensions>
      </trkpt>
      <trkpt lat="29.602211112727304" lon="106.31746091456716">
        <ele>244.772216796875</ele>
        <time>2026-09-04T22:41:05Z</time>
        <extensions>
          <gpxtpx:TrackPointExtension>
            <gpxtpx:hr>141</gpxtpx:hr>
          </gpxtpx:TrackPointExtension>
        </extensions>
      </trkpt>
      <trkpt lat="29.601988719739406" lon="106.3175821695931">
        <ele>251.66375732421875</ele>
        <time>2026-09-04T22:41:14Z</time>
        <extensions>
          <gpxtpx:TrackPointExtension>
            <gpxtpx:hr>140</gpxtpx:hr>
          </gpxtpx:TrackPointExtension>
        </extensions>
      </trkpt>
      <trkpt lat="29.60193251598832" lon="106.31765196165004">
        <ele>255.8985595703125</ele>
        <time>2026-09-04T22:41:17Z</time>
        <extensions>
          <gpxtpx:TrackPointExtension>
            <gpxtpx:hr>140</gpxtpx:hr>
          </gpxtpx:TrackPointExtension>
        </extensions>
      </trkpt>
      <trkpt lat="29.60187220991407" lon="106.31782254541646">
        <ele>255.56134033203125</ele>
        <time>2026-09-04T22:41:23Z</time>
        <extensions>
          <gpxtpx:TrackPointExtension>
            <gpxtpx:hr>140</gpxtpx:hr>
          </gpxtpx:TrackPointExtension>
        </extensions>
      </trkpt>
      <trkpt lat="29.6018775339957" lon="106.31817667282994">
        <ele>254.82684326171875</ele>
        <time>2026-09-04T22:41:35Z</time>
        <extensions>
          <gpxtpx:TrackPointExtension>
            <gpxtpx:hr>141</gpxtpx:hr>
          </gpxtpx:TrackPointExtension>
        </extensions>
      </trkpt>
      <trkpt lat="29.601852017022377" lon="106.31850595240178">
        <ele>253.78204345703125</ele>
        <time>2026-09-04T22:41:47Z</time>
        <extensions>
          <gpxtpx:TrackPointExtension>
            <gpxtpx:hr>144</gpxtpx:hr>
          </gpxtpx:TrackPointExtension>
        </extensions>
      </trkpt>
      <trkpt lat="29.601875583889697" lon="106.318675443075">
        <ele>254.52142333984375</ele>
        <time>2026-09-04T22:41:53Z</time>
        <extensions>
          <gpxtpx:TrackPointExtension>
            <gpxtpx:hr>144</gpxtpx:hr>
          </gpxtpx:TrackPointExtension>
        </extensions>
      </trkpt>
      <trkpt lat="29.60185991683662" lon="106.31902757484714">
        <ele>251.19500732421875</ele>
        <time>2026-09-04T22:42:05Z</time>
        <extensions>
          <gpxtpx:TrackPointExtension>
            <gpxtpx:hr>142</gpxtpx:hr>
          </gpxtpx:TrackPointExtension>
        </extensions>
      </trkpt>
      <trkpt lat="29.60184676663198" lon="106.31910837610016">
        <ele>251.6170654296875</ele>
        <time>2026-09-04T22:42:08Z</time>
        <extensions>
          <gpxtpx:TrackPointExtension>
            <gpxtpx:hr>142</gpxtpx:hr>
          </gpxtpx:TrackPointExtension>
        </extensions>
      </trkpt>
      <trkpt lat="29.601882875313283" lon="106.31932148729528">
        <ele>250.77301025390625</ele>
        <time>2026-09-04T22:42:17Z</time>
        <extensions>
          <gpxtpx:TrackPointExtension>
            <gpxtpx:hr>140</gpxtpx:hr>
          </gpxtpx:TrackPointExtension>
        </extensions>
      </trkpt>
      <trkpt lat="29.601927505957278" lon="106.31940875368154">
        <ele>253.71112060546875</ele>
        <time>2026-09-04T22:42:20Z</time>
        <extensions>
          <gpxtpx:TrackPointExtension>
            <gpxtpx:hr>140</gpxtpx:hr>
          </gpxtpx:TrackPointExtension>
        </extensions>
      </trkpt>
      <trkpt lat="29.601934820691483" lon="106.31963920634651">
        <ele>256.80322265625</ele>
        <time>2026-09-04T22:42:26Z</time>
        <extensions>
          <gpxtpx:TrackPointExtension>
            <gpxtpx:hr>139</gpxtpx:hr>
          </gpxtpx:TrackPointExtension>
        </extensions>
      </trkpt>
      <trkpt lat="29.601919551424366" lon="106.31973282841801">
        <ele>257.1641845703125</ele>
        <time>2026-09-04T22:42:29Z</time>
        <extensions>
          <gpxtpx:TrackPointExtension>
            <gpxtpx:hr>140</gpxtpx:hr>
          </gpxtpx:TrackPointExtension>
        </extensions>
      </trkpt>
      <trkpt lat="29.60190706320644" lon="106.31999019254917">
        <ele>254.0189208984375</ele>
        <time>2026-09-04T22:42:38Z</time>
        <extensions>
          <gpxtpx:TrackPointExtension>
            <gpxtpx:hr>140</gpxtpx:hr>
          </gpxtpx:TrackPointExtension>
        </extensions>
      </trkpt>
      <trkpt lat="29.602129197287326" lon="106.31988444074415">
        <ele>246.292236328125</ele>
        <time>2026-09-04T22:42:53Z</time>
        <extensions>
          <gpxtpx:TrackPointExtension>
            <gpxtpx:hr>143</gpxtpx:hr>
          </gpxtpx:TrackPointExtension>
        </extensions>
      </trkpt>
      <trkpt lat="29.602365405532044" lon="106.31988996085164">
        <ele>251.92303466796875</ele>
        <time>2026-09-04T22:42:59Z</time>
        <extensions>
          <gpxtpx:TrackPointExtension>
            <gpxtpx:hr>148</gpxtpx:hr>
          </gpxtpx:TrackPointExtension>
        </extensions>
      </trkpt>
      <trkpt lat="29.60242931514191" lon="106.31977469405084">
        <ele>256.0875244140625</ele>
        <time>2026-09-04T22:43:05Z</time>
        <extensions>
          <gpxtpx:TrackPointExtension>
            <gpxtpx:hr>146</gpxtpx:hr>
          </gpxtpx:TrackPointExtension>
        </extensions>
      </trkpt>
      <trkpt lat="29.602423541894453" lon="106.319656985486">
        <ele>256.655029296875</ele>
        <time>2026-09-04T22:43:11Z</time>
        <extensions>
          <gpxtpx:TrackPointExtension>
            <gpxtpx:hr>142</gpxtpx:hr>
          </gpxtpx:TrackPointExtension>
        </extensions>
      </trkpt>
      <trkpt lat="29.60249160303678" lon="106.31961408743727">
        <ele>263.55072021484375</ele>
        <time>2026-09-04T22:43:17Z</time>
        <extensions>
          <gpxtpx:TrackPointExtension>
            <gpxtpx:hr>143</gpxtpx:hr>
          </gpxtpx:TrackPointExtension>
        </extensions>
      </trkpt>
      <trkpt lat="29.602661941272935" lon="106.31958139460608">
        <ele>262.38720703125</ele>
        <time>2026-09-04T22:43:26Z</time>
        <extensions>
          <gpxtpx:TrackPointExtension>
            <gpxtpx:hr>141</gpxtpx:hr>
          </gpxtpx:TrackPointExtension>
        </extensions>
      </trkpt>
      <trkpt lat="29.60270581335061" lon="106.31954204433086">
        <ele>263.6142578125</ele>
        <time>2026-09-04T22:43:29Z</time>
        <extensions>
          <gpxtpx:TrackPointExtension>
            <gpxtpx:hr>140</gpxtpx:hr>
          </gpxtpx:TrackPointExtension>
        </extensions>
      </trkpt>
      <trkpt lat="29.602792018097468" lon="106.31934872518326">
        <ele>264.1468505859375</ele>
        <time>2026-09-04T22:43:35Z</time>
        <extensions>
          <gpxtpx:TrackPointExtension>
            <gpxtpx:hr>139</gpxtpx:hr>
          </gpxtpx:TrackPointExtension>
        </extensions>
      </trkpt>
      <trkpt lat="29.602944516252432" lon="106.31906342075511">
        <ele>253.6553955078125</ele>
        <time>2026-09-04T22:43:44Z</time>
        <extensions>
          <gpxtpx:TrackPointExtension>
            <gpxtpx:hr>139</gpxtpx:hr>
          </gpxtpx:TrackPointExtension>
        </extensions>
      </trkpt>
      <trkpt lat="29.60296307962153" lon="106.31893157087657">
        <ele>246.3800048828125</ele>
        <time>2026-09-04T22:43:50Z</time>
        <extensions>
          <gpxtpx:TrackPointExtension>
            <gpxtpx:hr>140</gpxtpx:hr>
          </gpxtpx:TrackPointExtension>
        </extensions>
      </trkpt>
      <trkpt lat="29.602896302589276" lon="106.31864458947466">
        <ele>244.4993896484375</ele>
        <time>2026-09-04T22:43:59Z</time>
        <extensions>
          <gpxtpx:TrackPointExtension>
            <gpxtpx:hr>140</gpxtpx:hr>
          </gpxtpx:TrackPointExtension>
        </extensions>
      </trkpt>
      <trkpt lat="29.6028990540108" lon="106.3182643948958">
        <ele>257.65704345703125</ele>
        <time>2026-09-04T22:44:11Z</time>
        <extensions>
          <gpxtpx:TrackPointExtension>
            <gpxtpx:hr>142</gpxtpx:hr>
          </gpxtpx:TrackPointExtension>
        </extensions>
      </trkpt>
      <trkpt lat="29.602967904017664" lon="106.31810919056592">
        <ele>254.96759033203125</ele>
        <time>2026-09-04T22:44:17Z</time>
        <extensions>
          <gpxtpx:TrackPointExtension>
            <gpxtpx:hr>144</gpxtpx:hr>
          </gpxtpx:TrackPointExtension>
        </extensions>
      </trkpt>
      <trkpt lat="29.602940386312827" lon="106.3177129458103">
        <ele>255.4093017578125</ele>
        <time>2026-09-04T22:44:29Z</time>
        <extensions>
          <gpxtpx:TrackPointExtension>
            <gpxtpx:hr>144</gpxtpx:hr>
          </gpxtpx:TrackPointExtension>
        </extensions>
      </trkpt>
      <trkpt lat="29.602927573795505" lon="106.31744157270934">
        <ele>260.31494140625</ele>
        <time>2026-09-04T22:44:35Z</time>
        <extensions>
          <gpxtpx:TrackPointExtension>
            <gpxtpx:hr>143</gpxtpx:hr>
          </gpxtpx:TrackPointExtension>
        </extensions>
      </trkpt>
      <trkpt lat="29.60293216086916" lon="106.31731131407588">
        <ele>261.4285888671875</ele>
        <time>2026-09-04T22:44:38Z</time>
        <extensions>
          <gpxtpx:TrackPointExtension>
            <gpxtpx:hr>143</gpxtpx:hr>
          </gpxtpx:TrackPointExtension>
        </extensions>
      </trkpt>
      <trkpt lat="29.602959040027404" lon="106.3172109841412">
        <ele>260.3790283203125</ele>
        <time>2026-09-04T22:44:44Z</time>
        <extensions>
          <gpxtpx:TrackPointExtension>
            <gpxtpx:hr>143</gpxtpx:hr>
          </gpxtpx:TrackPointExtension>
        </extensions>
      </trkpt>
      <trkpt lat="29.60293556440635" lon="106.3169386546203">
        <ele>255.184814453125</ele>
        <time>2026-09-04T22:44:56Z</time>
        <extensions>
          <gpxtpx:TrackPointExtension>
            <gpxtpx:hr>140</gpxtpx:hr>
          </gpxtpx:TrackPointExtension>
        </extensions>
      </trkpt>
      <trkpt lat="29.6029517507025" lon="106.31683790103631">
        <ele>256.8138427734375</ele>
        <time>2026-09-04T22:44:59Z</time>
        <extensions>
          <gpxtpx:TrackPointExtension>
            <gpxtpx:hr>140</gpxtpx:hr>
          </gpxtpx:TrackPointExtension>
        </extensions>
      </trkpt>
      <trkpt lat="29.602936434105278" lon="106.316660905442">
        <ele>260.147216796875</ele>
        <time>2026-09-04T22:45:02Z</time>
        <extensions>
          <gpxtpx:TrackPointExtension>
            <gpxtpx:hr>141</gpxtpx:hr>
          </gpxtpx:TrackPointExtension>
        </extensions>
      </trkpt>
      <trkpt lat="29.602857528729718" lon="106.31644287594159">
        <ele>260.7445068359375</ele>
        <time>2026-09-04T22:45:08Z</time>
        <extensions>
          <gpxtpx:TrackPointExtension>
            <gpxtpx:hr>140</gpxtpx:hr>
          </gpxtpx:TrackPointExtension>
        </extensions>
      </trkpt>
      <trkpt lat="29.602688710789405" lon="106.31637405486876">
        <ele>259.662841796875</ele>
        <time>2026-09-04T22:45:17Z</time>
        <extensions>
          <gpxtpx:TrackPointExtension>
            <gpxtpx:hr>140</gpxtpx:hr>
          </gpxtpx:TrackPointExtension>
        </extensions>
      </trkpt>
      <trkpt lat="29.60264064797627" lon="106.3164149574929">
        <ele>257.4437255859375</ele>
        <time>2026-09-04T22:45:21Z</time>
        <extensions>
          <gpxtpx:TrackPointExtension>
            <gpxtpx:hr>141</gpxtpx:hr>
          </gpxtpx:TrackPointExtension>
        </extensions>
      </trkpt>
      <trkpt lat="29.602521310015092" lon="106.31661248026204">
        <ele>255.908203125</ele>
        <time>2026-09-04T22:45:26Z</time>
        <extensions>
          <gpxtpx:TrackPointExtension>
            <gpxtpx:hr>141</gpxtpx:hr>
          </gpxtpx:TrackPointExtension>
        </extensions>
      </trkpt>
      <trkpt lat="29.60256164463381" lon="106.31695663305422">
        <ele>259.41650390625</ele>
        <time>2026-09-04T22:45:39Z</time>
        <extensions>
          <gpxtpx:TrackPointExtension>
            <gpxtpx:hr>143</gpxtpx:hr>
          </gpxtpx:TrackPointExtension>
        </extensions>
      </trkpt>
      <trkpt lat="29.60255615750768" lon="106.31721400106507">
        <ele>258.23822021484375</ele>
        <time>2026-09-04T22:45:48Z</time>
        <extensions>
          <gpxtpx:TrackPointExtension>
            <gpxtpx:hr>146</gpxtpx:hr>
          </gpxtpx:TrackPointExtension>
        </extensions>
      </trkpt>
      <trkpt lat="29.602503955483996" lon="106.31732872220965">
        <ele>254.5665283203125</ele>
        <time>2026-09-04T22:45:54Z</time>
        <extensions>
          <gpxtpx:TrackPointExtension>
            <gpxtpx:hr>145</gpxtpx:hr>
          </gpxtpx:TrackPointExtension>
        </extensions>
      </trkpt>
      <trkpt lat="29.602446095109997" lon="106.31738672434102">
        <ele>252.8890380859375</ele>
        <time>2026-09-04T22:45:57Z</time>
        <extensions>
          <gpxtpx:TrackPointExtension>
            <gpxtpx:hr>145</gpxtpx:hr>
          </gpxtpx:TrackPointExtension>
        </extensions>
      </trkpt>
      <trkpt lat="29.602367098845594" lon="106.31742564746817">
        <ele>250.73309326171875</ele>
        <time>2026-09-04T22:46:00Z</time>
        <extensions>
          <gpxtpx:TrackPointExtension>
            <gpxtpx:hr>144</gpxtpx:hr>
          </gpxtpx:TrackPointExtension>
        </extensions>
      </trkpt>
      <trkpt lat="29.60216227875296" lon="106.31746906262738">
        <ele>250.4937744140625</ele>
        <time>2026-09-04T22:46:09Z</time>
        <extensions>
          <gpxtpx:TrackPointExtension>
            <gpxtpx:hr>145</gpxtpx:hr>
          </gpxtpx:TrackPointExtension>
        </extensions>
      </trkpt>
      <trkpt lat="29.60208808683662" lon="106.31752640280541">
        <ele>254.0455322265625</ele>
        <time>2026-09-04T22:46:12Z</time>
        <extensions>
          <gpxtpx:TrackPointExtension>
            <gpxtpx:hr>144</gpxtpx:hr>
          </gpxtpx:TrackPointExtension>
        </extensions>
      </trkpt>
      <trkpt lat="29.602002923519564" lon="106.31755923919056">
        <ele>259.37548828125</ele>
        <time>2026-09-04T22:46:15Z</time>
        <extensions>
          <gpxtpx:TrackPointExtension>
            <gpxtpx:hr>144</gpxtpx:hr>
          </gpxtpx:TrackPointExtension>
        </extensions>
      </trkpt>
      <trkpt lat="29.601961579181886" lon="106.31761405317594">
        <ele>260.3597412109375</ele>
        <time>2026-09-04T22:46:18Z</time>
        <extensions>
          <gpxtpx:TrackPointExtension>
            <gpxtpx:hr>144</gpxtpx:hr>
          </gpxtpx:TrackPointExtension>
        </extensions>
      </trkpt>
      <trkpt lat="29.601873918858033" lon="106.31797516947857">
        <ele>254.87738037109375</ele>
        <time>2026-09-04T22:46:30Z</time>
        <extensions>
          <gpxtpx:TrackPointExtension>
            <gpxtpx:hr>146</gpxtpx:hr>
          </gpxtpx:TrackPointExtension>
        </extensions>
      </trkpt>
      <trkpt lat="29.601864325189883" lon="106.31828839826697">
        <ele>254.505859375</ele>
        <time>2026-09-04T22:46:42Z</time>
        <extensions>
          <gpxtpx:TrackPointExtension>
            <gpxtpx:hr>147</gpxtpx:hr>
          </gpxtpx:TrackPointExtension>
        </extensions>
      </trkpt>
      <trkpt lat="29.601848620420455" lon="106.31838607086188">
        <ele>255.15753173828125</ele>
        <time>2026-09-04T22:46:45Z</time>
        <extensions>
          <gpxtpx:TrackPointExtension>
            <gpxtpx:hr>146</gpxtpx:hr>
          </gpxtpx:TrackPointExtension>
        </extensions>
      </trkpt>
      <trkpt lat="29.60187443202669" lon="106.31875524622697">
        <ele>254.207763671875</ele>
        <time>2026-09-04T22:46:57Z</time>
        <extensions>
          <gpxtpx:TrackPointExtension>
            <gpxtpx:hr>142</gpxtpx:hr>
          </gpxtpx:TrackPointExtension>
        </extensions>
      </trkpt>
      <trkpt lat="29.60184307050633" lon="106.31894976797862">
        <ele>255.41729736328125</ele>
        <time>2026-09-04T22:47:03Z</time>
        <extensions>
          <gpxtpx:TrackPointExtension>
            <gpxtpx:hr>142</gpxtpx:hr>
          </gpxtpx:TrackPointExtension>
        </extensions>
      </trkpt>
      <trkpt lat="29.601839768595664" lon="106.31923990072744">
        <ele>253.14599609375</ele>
        <time>2026-09-04T22:47:12Z</time>
        <extensions>
          <gpxtpx:TrackPointExtension>
            <gpxtpx:hr>143</gpxtpx:hr>
          </gpxtpx:TrackPointExtension>
        </extensions>
      </trkpt>
      <trkpt lat="29.601863148360565" lon="106.31932196837009">
        <ele>252.4228515625</ele>
        <time>2026-09-04T22:47:15Z</time>
        <extensions>
          <gpxtpx:TrackPointExtension>
            <gpxtpx:hr>147</gpxtpx:hr>
          </gpxtpx:TrackPointExtension>
        </extensions>
      </trkpt>
      <trkpt lat="29.601901080188274" lon="106.3193821196182">
        <ele>251.9239501953125</ele>
        <time>2026-09-04T22:47:18Z</time>
        <extensions>
          <gpxtpx:TrackPointExtension>
            <gpxtpx:hr>149</gpxtpx:hr>
          </gpxtpx:TrackPointExtension>
        </extensions>
      </trkpt>
      <trkpt lat="29.60193082685449" lon="106.31946963333202">
        <ele>252.69854736328125</ele>
        <time>2026-09-04T22:47:21Z</time>
        <extensions>
          <gpxtpx:TrackPointExtension>
            <gpxtpx:hr>149</gpxtpx:hr>
          </gpxtpx:TrackPointExtension>
        </extensions>
      </trkpt>
      <trkpt lat="29.60194151416043" lon="106.31956107689436">
        <ele>253.6807861328125</ele>
        <time>2026-09-04T22:47:24Z</time>
        <extensions>
          <gpxtpx:TrackPointExtension>
            <gpxtpx:hr>149</gpxtpx:hr>
          </gpxtpx:TrackPointExtension>
        </extensions>
      </trkpt>
      <trkpt lat="29.601925933104596" lon="106.3196378717666">
        <ele>253.831298828125</ele>
        <time>2026-09-04T22:47:27Z</time>
        <extensions>
          <gpxtpx:TrackPointExtension>
            <gpxtpx:hr>148</gpxtpx:hr>
          </gpxtpx:TrackPointExtension>
        </extensions>
      </trkpt>
      <trkpt lat="29.601932354901113" lon="106.31983357846309">
        <ele>253.29901123046875</ele>
        <time>2026-09-04T22:47:33Z</time>
        <extensions>
          <gpxtpx:TrackPointExtension>
            <gpxtpx:hr>147</gpxtpx:hr>
          </gpxtpx:TrackPointExtension>
        </extensions>
      </trkpt>
      <trkpt lat="29.601913566122033" lon="106.31999012927527">
        <ele>252.141357421875</ele>
        <time>2026-09-04T22:47:39Z</time>
        <extensions>
          <gpxtpx:TrackPointExtension>
            <gpxtpx:hr>146</gpxtpx:hr>
          </gpxtpx:TrackPointExtension>
        </extensions>
      </trkpt>
      <trkpt lat="29.60209523249095" lon="106.31987147487222">
        <ele>246.1829833984375</ele>
        <time>2026-09-04T22:47:51Z</time>
        <extensions>
          <gpxtpx:TrackPointExtension>
            <gpxtpx:hr>145</gpxtpx:hr>
          </gpxtpx:TrackPointExtension>
        </extensions>
      </trkpt>
      <trkpt lat="29.602167231404948" lon="106.31986049767168">
        <ele>247.746826171875</ele>
        <time>2026-09-04T22:47:54Z</time>
        <extensions>
          <gpxtpx:TrackPointExtension>
            <gpxtpx:hr>147</gpxtpx:hr>
          </gpxtpx:TrackPointExtension>
        </extensions>
      </trkpt>
      <trkpt lat="29.602338545844624" lon="106.31989611576091">
        <ele>253.4254150390625</ele>
        <time>2026-09-04T22:48:00Z</time>
        <extensions>
          <gpxtpx:TrackPointExtension>
            <gpxtpx:hr>149</gpxtpx:hr>
          </gpxtpx:TrackPointExtension>
        </extensions>
      </trkpt>
      <trkpt lat="29.602394084567322" lon="106.31985245157401">
        <ele>256.9283447265625</ele>
        <time>2026-09-04T22:48:03Z</time>
        <extensions>
          <gpxtpx:TrackPointExtension>
            <gpxtpx:hr>149</gpxtpx:hr>
          </gpxtpx:TrackPointExtension>
        </extensions>
      </trkpt>
      <trkpt lat="29.60246398654722" lon="106.31965451190982">
        <ele>258.0098876953125</ele>
        <time>2026-09-04T22:48:15Z</time>
        <extensions>
          <gpxtpx:TrackPointExtension>
            <gpxtpx:hr>147</gpxtpx:hr>
          </gpxtpx:TrackPointExtension>
        </extensions>
      </trkpt>
      <trkpt lat="29.602595599689277" lon="106.31958138104339">
        <ele>258.666259765625</ele>
        <time>2026-09-04T22:48:18Z</time>
        <extensions>
          <gpxtpx:TrackPointExtension>
            <gpxtpx:hr>147</gpxtpx:hr>
          </gpxtpx:TrackPointExtension>
        </extensions>
      </trkpt>
      <trkpt lat="29.60275506619046" lon="106.31953534182898">
        <ele>257.3272705078125</ele>
        <time>2026-09-04T22:48:24Z</time>
        <extensions>
          <gpxtpx:TrackPointExtension>
            <gpxtpx:hr>147</gpxtpx:hr>
          </gpxtpx:TrackPointExtension>
        </extensions>
      </trkpt>
      <trkpt lat="29.6028137732562" lon="106.31947341570717">
        <ele>258.38134765625</ele>
        <time>2026-09-04T22:48:30Z</time>
        <extensions>
          <gpxtpx:TrackPointExtension>
            <gpxtpx:hr>147</gpxtpx:hr>
          </gpxtpx:TrackPointExtension>
        </extensions>
      </trkpt>
      <trkpt lat="29.60293747651034" lon="106.31908536698222">
        <ele>256.1336669921875</ele>
        <time>2026-09-04T22:48:42Z</time>
        <extensions>
          <gpxtpx:TrackPointExtension>
            <gpxtpx:hr>144</gpxtpx:hr>
          </gpxtpx:TrackPointExtension>
        </extensions>
      </trkpt>
      <trkpt lat="29.60299772085681" lon="106.31894770327082">
        <ele>251.02593994140625</ele>
        <time>2026-09-04T22:48:48Z</time>
        <extensions>
          <gpxtpx:TrackPointExtension>
            <gpxtpx:hr>143</gpxtpx:hr>
          </gpxtpx:TrackPointExtension>
        </extensions>
      </trkpt>
      <trkpt lat="29.60298484281094" lon="106.3188858567316">
        <ele>247.92120361328125</ele>
        <time>2026-09-04T22:48:51Z</time>
        <extensions>
          <gpxtpx:TrackPointExtension>
            <gpxtpx:hr>143</gpxtpx:hr>
          </gpxtpx:TrackPointExtension>
        </extensions>
      </trkpt>
      <trkpt lat="29.60294996956473" lon="106.31882500903498">
        <ele>249.2396240234375</ele>
        <time>2026-09-04T22:48:54Z</time>
        <extensions>
          <gpxtpx:TrackPointExtension>
            <gpxtpx:hr>143</gpxtpx:hr>
          </gpxtpx:TrackPointExtension>
        </extensions>
      </trkpt>
      <trkpt lat="29.602888160375116" lon="106.3185006849135">
        <ele>253.5655517578125</ele>
        <time>2026-09-04T22:49:03Z</time>
        <extensions>
          <gpxtpx:TrackPointExtension>
            <gpxtpx:hr>144</gpxtpx:hr>
          </gpxtpx:TrackPointExtension>
        </extensions>
      </trkpt>
      <trkpt lat="29.60291401142657" lon="106.31828434481699">
        <ele>258.7418212890625</ele>
        <time>2026-09-04T22:49:09Z</time>
        <extensions>
          <gpxtpx:TrackPointExtension>
            <gpxtpx:hr>142</gpxtpx:hr>
          </gpxtpx:TrackPointExtension>
        </extensions>
      </trkpt>
      <trkpt lat="29.602962188661607" lon="106.31818359023111">
        <ele>254.312744140625</ele>
        <time>2026-09-04T22:49:12Z</time>
        <extensions>
          <gpxtpx:TrackPointExtension>
            <gpxtpx:hr>143</gpxtpx:hr>
          </gpxtpx:TrackPointExtension>
        </extensions>
      </trkpt>
      <trkpt lat="29.602971349270316" lon="106.31809780106836">
        <ele>252.30108642578125</ele>
        <time>2026-09-04T22:49:15Z</time>
        <extensions>
          <gpxtpx:TrackPointExtension>
            <gpxtpx:hr>143</gpxtpx:hr>
          </gpxtpx:TrackPointExtension>
        </extensions>
      </trkpt>
      <trkpt lat="29.60290406304309" lon="106.31783238918092">
        <ele>252.53729248046875</ele>
        <time>2026-09-04T22:49:24Z</time>
        <extensions>
          <gpxtpx:TrackPointExtension>
            <gpxtpx:hr>144</gpxtpx:hr>
          </gpxtpx:TrackPointExtension>
        </extensions>
      </trkpt>
      <trkpt lat="29.60290551654869" lon="106.31749114952378">
        <ele>259.32830810546875</ele>
        <time>2026-09-04T22:49:33Z</time>
        <extensions>
          <gpxtpx:TrackPointExtension>
            <gpxtpx:hr>143</gpxtpx:hr>
          </gpxtpx:TrackPointExtension>
        </extensions>
      </trkpt>
      <trkpt lat="29.60295816537191" lon="106.31714514599506">
        <ele>254.288330078125</ele>
        <time>2026-09-04T22:49:45Z</time>
        <extensions>
          <gpxtpx:TrackPointExtension>
            <gpxtpx:hr>144</gpxtpx:hr>
          </gpxtpx:TrackPointExtension>
        </extensions>
      </trkpt>
      <trkpt lat="29.602932480123474" lon="106.31698354455807">
        <ele>247.76251220703125</ele>
        <time>2026-09-04T22:49:51Z</time>
        <extensions>
          <gpxtpx:TrackPointExtension>
            <gpxtpx:hr>146</gpxtpx:hr>
          </gpxtpx:TrackPointExtension>
        </extensions>
      </trkpt>
      <trkpt lat="29.60296512135402" lon="106.31664038499454">
        <ele>253.0240478515625</ele>
        <time>2026-09-04T22:50:03Z</time>
        <extensions>
          <gpxtpx:TrackPointExtension>
            <gpxtpx:hr>148</gpxtpx:hr>
          </gpxtpx:TrackPointExtension>
        </extensions>
      </trkpt>
      <trkpt lat="29.602853365476637" lon="106.3165296633588">
        <ele>254.50244140625</ele>
        <time>2026-09-04T22:50:09Z</time>
        <extensions>
          <gpxtpx:TrackPointExtension>
            <gpxtpx:hr>147</gpxtpx:hr>
          </gpxtpx:TrackPointExtension>
        </extensions>
      </trkpt>
      <trkpt lat="29.602766488482096" lon="106.31647879336437">
        <ele>256.2225341796875</ele>
        <time>2026-09-04T22:50:12Z</time>
        <extensions>
          <gpxtpx:TrackPointExtension>
            <gpxtpx:hr>148</gpxtpx:hr>
          </gpxtpx:TrackPointExtension>
        </extensions>
      </trkpt>
      <trkpt lat="29.60268455513506" lon="106.3164568521172">
        <ele>255.0439453125</ele>
        <time>2026-09-04T22:50:15Z</time>
        <extensions>
          <gpxtpx:TrackPointExtension>
            <gpxtpx:hr>148</gpxtpx:hr>
          </gpxtpx:TrackPointExtension>
        </extensions>
      </trkpt>
      <trkpt lat="29.602598543622417" lon="106.3164768083748">
        <ele>254.37835693359375</ele>
        <time>2026-09-04T22:50:18Z</time>
        <extensions>
          <gpxtpx:TrackPointExtension>
            <gpxtpx:hr>148</gpxtpx:hr>
          </gpxtpx:TrackPointExtension>
        </extensions>
      </trkpt>
      <trkpt lat="29.602529415361044" lon="106.31655561925902">
        <ele>256.768798828125</ele>
        <time>2026-09-04T22:50:21Z</time>
        <extensions>
          <gpxtpx:TrackPointExtension>
            <gpxtpx:hr>148</gpxtpx:hr>
          </gpxtpx:TrackPointExtension>
        </extensions>
      </trkpt>
      <trkpt lat="29.602509270185063" lon="106.31663542469683">
        <ele>257.5164794921875</ele>
        <time>2026-09-04T22:50:24Z</time>
        <extensions>
          <gpxtpx:TrackPointExtension>
            <gpxtpx:hr>147</gpxtpx:hr>
          </gpxtpx:TrackPointExtension>
        </extensions>
      </trkpt>
      <trkpt lat="29.602540730570084" lon="106.31691473720434">
        <ele>257.55902099609375</ele>
        <time>2026-09-04T22:50:33Z</time>
        <extensions>
          <gpxtpx:TrackPointExtension>
            <gpxtpx:hr>148</gpxtpx:hr>
          </gpxtpx:TrackPointExtension>
        </extensions>
      </trkpt>
      <trkpt lat="29.60258443119746" lon="106.31706536459698">
        <ele>255.8560791015625</ele>
        <time>2026-09-04T22:50:39Z</time>
        <extensions>
          <gpxtpx:TrackPointExtension>
            <gpxtpx:hr>149</gpxtpx:hr>
          </gpxtpx:TrackPointExtension>
        </extensions>
      </trkpt>
      <trkpt lat="29.602547042776678" lon="106.31727584959042">
        <ele>255.2353515625</ele>
        <time>2026-09-04T22:50:48Z</time>
        <extensions>
          <gpxtpx:TrackPointExtension>
            <gpxtpx:hr>150</gpxtpx:hr>
          </gpxtpx:TrackPointExtension>
        </extensions>
      </trkpt>
      <trkpt lat="29.60249995860306" lon="106.31732772490311">
        <ele>252.349853515625</ele>
        <time>2026-09-04T22:50:51Z</time>
        <extensions>
          <gpxtpx:TrackPointExtension>
            <gpxtpx:hr>150</gpxtpx:hr>
          </gpxtpx:TrackPointExtension>
        </extensions>
      </trkpt>
      <trkpt lat="29.602204772126054" lon="106.31747338454238">
        <ele>247.390625</ele>
        <time>2026-09-04T22:51:03Z</time>
        <extensions>
          <gpxtpx:TrackPointExtension>
            <gpxtpx:hr>150</gpxtpx:hr>
          </gpxtpx:TrackPointExtension>
        </extensions>
      </trkpt>
      <trkpt lat="29.602069726257774" lon="106.31751927980919">
        <ele>247.0439453125</ele>
        <time>2026-09-04T22:51:09Z</time>
        <extensions>
          <gpxtpx:TrackPointExtension>
            <gpxtpx:hr>149</gpxtpx:hr>
          </gpxtpx:TrackPointExtension>
        </extensions>
      </trkpt>
      <trkpt lat="29.602002651967148" lon="106.31756916114816">
        <ele>251.65301513671875</ele>
        <time>2026-09-04T22:51:12Z</time>
        <extensions>
          <gpxtpx:TrackPointExtension>
            <gpxtpx:hr>150</gpxtpx:hr>
          </gpxtpx:TrackPointExtension>
        </extensions>
      </trkpt>
      <trkpt lat="29.60194651359293" lon="106.31765096326117">
        <ele>252.5445556640625</ele>
        <time>2026-09-04T22:51:15Z</time>
        <extensions>
          <gpxtpx:TrackPointExtension>
            <gpxtpx:hr>149</gpxtpx:hr>
          </gpxtpx:TrackPointExtension>
        </extensions>
      </trkpt>
      <trkpt lat="29.601866835558557" lon="106.31802005933707">
        <ele>255.7762451171875</ele>
        <time>2026-09-04T22:51:27Z</time>
        <extensions>
          <gpxtpx:TrackPointExtension>
            <gpxtpx:hr>148</gpxtpx:hr>
          </gpxtpx:TrackPointExtension>
        </extensions>
      </trkpt>
      <trkpt lat="29.601849766444268" lon="106.31811153849425">
        <ele>256.695068359375</ele>
        <time>2026-09-04T22:51:30Z</time>
        <extensions>
          <gpxtpx:TrackPointExtension>
            <gpxtpx:hr>147</gpxtpx:hr>
          </gpxtpx:TrackPointExtension>
        </extensions>
      </trkpt>
      <trkpt lat="29.60185900172207" lon="106.31845897802465">
        <ele>255.9698486328125</ele>
        <time>2026-09-04T22:51:42Z</time>
        <extensions>
          <gpxtpx:TrackPointExtension>
            <gpxtpx:hr>146</gpxtpx:hr>
          </gpxtpx:TrackPointExtension>
        </extensions>
      </trkpt>
      <trkpt lat="29.601863307936956" lon="106.31882208195105">
        <ele>254.9102783203125</ele>
        <time>2026-09-04T22:51:54Z</time>
        <extensions>
          <gpxtpx:TrackPointExtension>
            <gpxtpx:hr>146</gpxtpx:hr>
          </gpxtpx:TrackPointExtension>
        </extensions>
      </trkpt>
      <trkpt lat="29.601859549397926" lon="106.31922009936332">
        <ele>255.02105712890625</ele>
        <time>2026-09-04T22:52:06Z</time>
        <extensions>
          <gpxtpx:TrackPointExtension>
            <gpxtpx:hr>148</gpxtpx:hr>
          </gpxtpx:TrackPointExtension>
        </extensions>
      </trkpt>
      <trkpt lat="29.601935240716326" lon="106.31946700726334">
        <ele>256.7303466796875</ele>
        <time>2026-09-04T22:52:15Z</time>
        <extensions>
          <gpxtpx:TrackPointExtension>
            <gpxtpx:hr>148</gpxtpx:hr>
          </gpxtpx:TrackPointExtension>
        </extensions>
      </trkpt>
      <trkpt lat="29.60193028318029" lon="106.31981648262942">
        <ele>252.32061767578125</ele>
        <time>2026-09-04T22:52:27Z</time>
        <extensions>
          <gpxtpx:TrackPointExtension>
            <gpxtpx:hr>149</gpxtpx:hr>
          </gpxtpx:TrackPointExtension>
        </extensions>
      </trkpt>
      <trkpt lat="29.601915675164232" lon="106.31999611681057">
        <ele>252.598876953125</ele>
        <time>2026-09-04T22:52:33Z</time>
        <extensions>
          <gpxtpx:TrackPointExtension>
            <gpxtpx:hr>150</gpxtpx:hr>
          </gpxtpx:TrackPointExtension>
        </extensions>
      </trkpt>
      <trkpt lat="29.60196916051902" lon="106.3199293393505">
        <ele>254.547119140625</ele>
        <time>2026-09-04T22:52:39Z</time>
        <extensions>
          <gpxtpx:TrackPointExtension>
            <gpxtpx:hr>150</gpxtpx:hr>
          </gpxtpx:TrackPointExtension>
        </extensions>
      </trkpt>
      <trkpt lat="29.60204323698627" lon="106.3198774632035">
        <ele>252.2996826171875</ele>
        <time>2026-09-04T22:52:42Z</time>
        <extensions>
          <gpxtpx:TrackPointExtension>
            <gpxtpx:hr>150</gpxtpx:hr>
          </gpxtpx:TrackPointExtension>
        </extensions>
      </trkpt>
      <trkpt lat="29.602136699314656" lon="106.31985365180046">
        <ele>252.50299072265625</ele>
        <time>2026-09-04T22:52:45Z</time>
        <extensions>
          <gpxtpx:TrackPointExtension>
            <gpxtpx:hr>150</gpxtpx:hr>
          </gpxtpx:TrackPointExtension>
        </extensions>
      </trkpt>
      <trkpt lat="29.602366159030442" lon="106.31986647086512">
        <ele>263.0567626953125</ele>
        <time>2026-09-04T22:52:54Z</time>
        <extensions>
          <gpxtpx:TrackPointExtension>
            <gpxtpx:hr>151</gpxtpx:hr>
          </gpxtpx:TrackPointExtension>
        </extensions>
      </trkpt>
      <trkpt lat="29.602442410285697" lon="106.31972282154483">
        <ele>261.84405517578125</ele>
        <time>2026-09-04T22:53:00Z</time>
        <extensions>
          <gpxtpx:TrackPointExtension>
            <gpxtpx:hr>157</gpxtpx:hr>
          </gpxtpx:TrackPointExtension>
        </extensions>
      </trkpt>
      <trkpt lat="29.602446513891685" lon="106.31966795696788">
        <ele>262.4576416015625</ele>
        <time>2026-09-04T22:53:03Z</time>
        <extensions>
          <gpxtpx:TrackPointExtension>
            <gpxtpx:hr>158</gpxtpx:hr>
          </gpxtpx:TrackPointExtension>
        </extensions>
      </trkpt>
      <trkpt lat="29.60249372155805" lon="106.31958973746252">
        <ele>263.209228515625</ele>
        <time>2026-09-04T22:53:09Z</time>
        <extensions>
          <gpxtpx:TrackPointExtension>
            <gpxtpx:hr>158</gpxtpx:hr>
          </gpxtpx:TrackPointExtension>
        </extensions>
      </trkpt>
      <trkpt lat="29.602592387026785" lon="106.31953645593475">
        <ele>261.9171142578125</ele>
        <time>2026-09-04T22:53:12Z</time>
        <extensions>
          <gpxtpx:TrackPointExtension>
            <gpxtpx:hr>157</gpxtpx:hr>
          </gpxtpx:TrackPointExtension>
        </extensions>
      </trkpt>
      <trkpt lat="29.60278064369384" lon="106.31951568056783">
        <ele>258.62420654296875</ele>
        <time>2026-09-04T22:53:18Z</time>
        <extensions>
          <gpxtpx:TrackPointExtension>
            <gpxtpx:hr>157</gpxtpx:hr>
          </gpxtpx:TrackPointExtension>
        </extensions>
      </trkpt>
      <trkpt lat="29.602821763191077" lon="106.31947740536262">
        <ele>259.6810302734375</ele>
        <time>2026-09-04T22:53:21Z</time>
        <extensions>
          <gpxtpx:TrackPointExtension>
            <gpxtpx:hr>156</gpxtpx:hr>
          </gpxtpx:TrackPointExtension>
        </extensions>
      </trkpt>
      <trkpt lat="29.602880292108033" lon="106.31919110926121">
        <ele>261.1724853515625</ele>
        <time>2026-09-04T22:53:30Z</time>
        <extensions>
          <gpxtpx:TrackPointExtension>
            <gpxtpx:hr>157</gpxtpx:hr>
          </gpxtpx:TrackPointExtension>
        </extensions>
      </trkpt>
      <trkpt lat="29.602965616433885" lon="106.31900755742775">
        <ele>260.0108642578125</ele>
        <time>2026-09-04T22:53:36Z</time>
        <extensions>
          <gpxtpx:TrackPointExtension>
            <gpxtpx:hr>155</gpxtpx:hr>
          </gpxtpx:TrackPointExtension>
        </extensions>
      </trkpt>
      <trkpt lat="29.60302668194786" lon="106.31894308189331">
        <ele>258.4410400390625</ele>
        <time>2026-09-04T22:53:39Z</time>
        <extensions>
          <gpxtpx:TrackPointExtension>
            <gpxtpx:hr>155</gpxtpx:hr>
          </gpxtpx:TrackPointExtension>
        </extensions>
      </trkpt>
      <trkpt lat="29.60306183452581" lon="106.31887787178809">
        <ele>257.59228515625</ele>
        <time>2026-09-04T22:53:42Z</time>
        <extensions>
          <gpxtpx:TrackPointExtension>
            <gpxtpx:hr>156</gpxtpx:hr>
          </gpxtpx:TrackPointExtension>
        </extensions>
      </trkpt>
      <trkpt lat="29.603039020393023" lon="106.31878410460727">
        <ele>258.7882080078125</ele>
        <time>2026-09-04T22:53:45Z</time>
        <extensions>
          <gpxtpx:TrackPointExtension>
            <gpxtpx:hr>155</gpxtpx:hr>
          </gpxtpx:TrackPointExtension>
        </extensions>
      </trkpt>
      <trkpt lat="29.602917386699627" lon="106.31861153776323">
        <ele>251.50567626953125</ele>
        <time>2026-09-04T22:53:51Z</time>
        <extensions>
          <gpxtpx:TrackPointExtension>
            <gpxtpx:hr>154</gpxtpx:hr>
          </gpxtpx:TrackPointExtension>
        </extensions>
      </trkpt>
      <trkpt lat="29.602897065262663" lon="106.31851305583784">
        <ele>251.26617431640625</ele>
        <time>2026-09-04T22:53:54Z</time>
        <extensions>
          <gpxtpx:TrackPointExtension>
            <gpxtpx:hr>148</gpxtpx:hr>
          </gpxtpx:TrackPointExtension>
        </extensions>
      </trkpt>
      <trkpt lat="29.60290094731102" lon="106.31831332099426">
        <ele>255.18865966796875</ele>
        <time>2026-09-04T22:54:00Z</time>
        <extensions>
          <gpxtpx:TrackPointExtension>
            <gpxtpx:hr>147</gpxtpx:hr>
          </gpxtpx:TrackPointExtension>
        </extensions>
      </trkpt>
      <trkpt lat="29.60296236341428" lon="106.31809181635644">
        <ele>251.60205078125</ele>
        <time>2026-09-04T22:54:06Z</time>
        <extensions>
          <gpxtpx:TrackPointExtension>
            <gpxtpx:hr>148</gpxtpx:hr>
          </gpxtpx:TrackPointExtension>
        </extensions>
      </trkpt>
      <trkpt lat="29.602944775242456" lon="106.31787834321968">
        <ele>249.84576416015625</ele>
        <time>2026-09-04T22:54:12Z</time>
        <extensions>
          <gpxtpx:TrackPointExtension>
            <gpxtpx:hr>148</gpxtpx:hr>
          </gpxtpx:TrackPointExtension>
        </extensions>
      </trkpt>
      <trkpt lat="29.60295006688454" lon="106.31774381990823">
        <ele>251.03582763671875</ele>
        <time>2026-09-04T22:54:15Z</time>
        <extensions>
          <gpxtpx:TrackPointExtension>
            <gpxtpx:hr>149</gpxtpx:hr>
          </gpxtpx:TrackPointExtension>
        </extensions>
      </trkpt>
      <trkpt lat="29.60290338196429" lon="106.3175661142221">
        <ele>253.694580078125</ele>
        <time>2026-09-04T22:54:21Z</time>
        <extensions>
          <gpxtpx:TrackPointExtension>
            <gpxtpx:hr>149</gpxtpx:hr>
          </gpxtpx:TrackPointExtension>
        </extensions>
      </trkpt>
      <trkpt lat="29.602908581449483" lon="106.31746037402023">
        <ele>257.3599853515625</ele>
        <time>2026-09-04T22:54:24Z</time>
        <extensions>
          <gpxtpx:TrackPointExtension>
            <gpxtpx:hr>149</gpxtpx:hr>
          </gpxtpx:TrackPointExtension>
        </extensions>
      </trkpt>
      <trkpt lat="29.602952949012113" lon="106.31725986436311">
        <ele>249.21014404296875</ele>
        <time>2026-09-04T22:54:30Z</time>
        <extensions>
          <gpxtpx:TrackPointExtension>
            <gpxtpx:hr>146</gpxtpx:hr>
          </gpxtpx:TrackPointExtension>
        </extensions>
      </trkpt>
      <trkpt lat="29.602936577353102" lon="106.31693167170762">
        <ele>247.83447265625</ele>
        <time>2026-09-04T22:54:42Z</time>
        <extensions>
          <gpxtpx:TrackPointExtension>
            <gpxtpx:hr>142</gpxtpx:hr>
          </gpxtpx:TrackPointExtension>
        </extensions>
      </trkpt>
      <trkpt lat="29.602944074804277" lon="106.31666831772812">
        <ele>252.91796875</ele>
        <time>2026-09-04T22:54:48Z</time>
        <extensions>
          <gpxtpx:TrackPointExtension>
            <gpxtpx:hr>141</gpxtpx:hr>
          </gpxtpx:TrackPointExtension>
        </extensions>
      </trkpt>
      <trkpt lat="29.60293281856164" lon="106.31656553078307">
        <ele>255.35400390625</ele>
        <time>2026-09-04T22:54:51Z</time>
        <extensions>
          <gpxtpx:TrackPointExtension>
            <gpxtpx:hr>143</gpxtpx:hr>
          </gpxtpx:TrackPointExtension>
        </extensions>
      </trkpt>
      <trkpt lat="29.60285049873304" lon="106.31645983478155">
        <ele>259.72021484375</ele>
        <time>2026-09-04T22:54:57Z</time>
        <extensions>
          <gpxtpx:TrackPointExtension>
            <gpxtpx:hr>145</gpxtpx:hr>
          </gpxtpx:TrackPointExtension>
        </extensions>
      </trkpt>
      <trkpt lat="29.6027875652395" lon="106.31643489972443">
        <ele>260.12890625</ele>
        <time>2026-09-04T22:55:00Z</time>
        <extensions>
          <gpxtpx:TrackPointExtension>
            <gpxtpx:hr>145</gpxtpx:hr>
          </gpxtpx:TrackPointExtension>
        </extensions>
      </trkpt>
      <trkpt lat="29.602661592411316" lon="106.31644089263764">
        <ele>256.4417724609375</ele>
        <time>2026-09-04T22:55:06Z</time>
        <extensions>
          <gpxtpx:TrackPointExtension>
            <gpxtpx:hr>145</gpxtpx:hr>
          </gpxtpx:TrackPointExtension>
        </extensions>
      </trkpt>
      <trkpt lat="29.602598498249613" lon="106.3165007496645">
        <ele>255.68621826171875</ele>
        <time>2026-09-04T22:55:09Z</time>
        <extensions>
          <gpxtpx:TrackPointExtension>
            <gpxtpx:hr>144</gpxtpx:hr>
          </gpxtpx:TrackPointExtension>
        </extensions>
      </trkpt>
      <trkpt lat="29.602548341471632" lon="106.31659153002568">
        <ele>256.37939453125</ele>
        <time>2026-09-04T22:55:12Z</time>
        <extensions>
          <gpxtpx:TrackPointExtension>
            <gpxtpx:hr>145</gpxtpx:hr>
          </gpxtpx:TrackPointExtension>
        </extensions>
      </trkpt>
      <trkpt lat="29.6025291351401" lon="106.31668393948267">
        <ele>257.3995361328125</ele>
        <time>2026-09-04T22:55:15Z</time>
        <extensions>
          <gpxtpx:TrackPointExtension>
            <gpxtpx:hr>146</gpxtpx:hr>
          </gpxtpx:TrackPointExtension>
        </extensions>
      </trkpt>
      <trkpt lat="29.602535802138345" lon="106.31687782813164">
        <ele>257.15643310546875</ele>
        <time>2026-09-04T22:55:21Z</time>
        <extensions>
          <gpxtpx:TrackPointExtension>
            <gpxtpx:hr>150</gpxtpx:hr>
          </gpxtpx:TrackPointExtension>
        </extensions>
      </trkpt>
      <trkpt lat="29.60257950469089" lon="106.3170274580156">
        <ele>257.59814453125</ele>
        <time>2026-09-04T22:55:27Z</time>
        <extensions>
          <gpxtpx:TrackPointExtension>
            <gpxtpx:hr>149</gpxtpx:hr>
          </gpxtpx:TrackPointExtension>
        </extensions>
      </trkpt>
      <trkpt lat="29.602560095650066" lon="106.31724592236716">
        <ele>257.930908203125</ele>
        <time>2026-09-04T22:55:36Z</time>
        <extensions>
          <gpxtpx:TrackPointExtension>
            <gpxtpx:hr>149</gpxtpx:hr>
          </gpxtpx:TrackPointExtension>
        </extensions>
      </trkpt>
      <trkpt lat="29.602466894776565" lon="106.3173666312397">
        <ele>247.73309326171875</ele>
        <time>2026-09-04T22:55:42Z</time>
        <extensions>
          <gpxtpx:TrackPointExtension>
            <gpxtpx:hr>149</gpxtpx:hr>
          </gpxtpx:TrackPointExtension>
        </extensions>
      </trkpt>
      <trkpt lat="29.60213675882495" lon="106.31749134447578">
        <ele>248.971923828125</ele>
        <time>2026-09-04T22:55:54Z</time>
        <extensions>
          <gpxtpx:TrackPointExtension>
            <gpxtpx:hr>148</gpxtpx:hr>
          </gpxtpx:TrackPointExtension>
        </extensions>
      </trkpt>
      <trkpt lat="29.60200573259811" lon="106.31752626648861">
        <ele>251.18133544921875</ele>
        <time>2026-09-04T22:56:00Z</time>
        <extensions>
          <gpxtpx:TrackPointExtension>
            <gpxtpx:hr>148</gpxtpx:hr>
          </gpxtpx:TrackPointExtension>
        </extensions>
      </trkpt>
      <trkpt lat="29.601923639006404" lon="106.31762273755048">
        <ele>252.107177734375</ele>
        <time>2026-09-04T22:56:03Z</time>
        <extensions>
          <gpxtpx:TrackPointExtension>
            <gpxtpx:hr>148</gpxtpx:hr>
          </gpxtpx:TrackPointExtension>
        </extensions>
      </trkpt>
      <trkpt lat="29.60186883494518" lon="106.31802005921654">
        <ele>253.3441162109375</ele>
        <time>2026-09-04T22:56:15Z</time>
        <extensions>
          <gpxtpx:TrackPointExtension>
            <gpxtpx:hr>148</gpxtpx:hr>
          </gpxtpx:TrackPointExtension>
        </extensions>
      </trkpt>
      <trkpt lat="29.60182621522294" lon="106.3183522431817">
        <ele>252.8995361328125</ele>
        <time>2026-09-04T22:56:27Z</time>
        <extensions>
          <gpxtpx:TrackPointExtension>
            <gpxtpx:hr>149</gpxtpx:hr>
          </gpxtpx:TrackPointExtension>
        </extensions>
      </trkpt>
      <trkpt lat="29.601871585116424" lon="106.31867544331611">
        <ele>256.11175537109375</ele>
        <time>2026-09-04T22:56:36Z</time>
        <extensions>
          <gpxtpx:TrackPointExtension>
            <gpxtpx:hr>150</gpxtpx:hr>
          </gpxtpx:TrackPointExtension>
        </extensions>
      </trkpt>
      <trkpt lat="29.601879215506848" lon="106.31886796772997">
        <ele>254.6060791015625</ele>
        <time>2026-09-04T22:56:42Z</time>
        <extensions>
          <gpxtpx:TrackPointExtension>
            <gpxtpx:hr>150</gpxtpx:hr>
          </gpxtpx:TrackPointExtension>
        </extensions>
      </trkpt>
      <trkpt lat="29.601855791023407" lon="106.3192182912501">
        <ele>254.42340087890625</ele>
        <time>2026-09-04T22:56:54Z</time>
        <extensions>
          <gpxtpx:TrackPointExtension>
            <gpxtpx:hr>153</gpxtpx:hr>
          </gpxtpx:TrackPointExtension>
        </extensions>
      </trkpt>
      <trkpt lat="29.60190534139312" lon="106.31934885376232">
        <ele>252.31414794921875</ele>
        <time>2026-09-04T22:57:00Z</time>
        <extensions>
          <gpxtpx:TrackPointExtension>
            <gpxtpx:hr>153</gpxtpx:hr>
          </gpxtpx:TrackPointExtension>
        </extensions>
      </trkpt>
      <trkpt lat="29.601924043374332" lon="106.31943301144798">
        <ele>252.0238037109375</ele>
        <time>2026-09-04T22:57:03Z</time>
        <extensions>
          <gpxtpx:TrackPointExtension>
            <gpxtpx:hr>153</gpxtpx:hr>
          </gpxtpx:TrackPointExtension>
        </extensions>
      </trkpt>
      <trkpt lat="29.601917863408914" lon="106.31982109241359">
        <ele>248.48681640625</ele>
        <time>2026-09-04T22:57:15Z</time>
        <extensions>
          <gpxtpx:TrackPointExtension>
            <gpxtpx:hr>154</gpxtpx:hr>
          </gpxtpx:TrackPointExtension>
        </extensions>
      </trkpt>
      <trkpt lat="29.601913164720987" lon="106.3200118846067">
        <ele>253.27276611328125</ele>
        <time>2026-09-04T22:57:21Z</time>
        <extensions>
          <gpxtpx:TrackPointExtension>
            <gpxtpx:hr>154</gpxtpx:hr>
          </gpxtpx:TrackPointExtension>
        </extensions>
      </trkpt>
      <trkpt lat="29.601968746800654" lon="106.3199843566764">
        <ele>252.14788818359375</ele>
        <time>2026-09-04T22:57:24Z</time>
        <extensions>
          <gpxtpx:TrackPointExtension>
            <gpxtpx:hr>152</gpxtpx:hr>
          </gpxtpx:TrackPointExtension>
        </extensions>
      </trkpt>
      <trkpt lat="29.602003765231352" lon="106.3199246993043">
        <ele>251.65966796875</ele>
        <time>2026-09-04T22:57:27Z</time>
        <extensions>
          <gpxtpx:TrackPointExtension>
            <gpxtpx:hr>151</gpxtpx:hr>
          </gpxtpx:TrackPointExtension>
        </extensions>
      </trkpt>
      <trkpt lat="29.60212024771016" lon="106.31985950297371">
        <ele>245.58489990234375</ele>
        <time>2026-09-04T22:57:33Z</time>
        <extensions>
          <gpxtpx:TrackPointExtension>
            <gpxtpx:hr>151</gpxtpx:hr>
          </gpxtpx:TrackPointExtension>
        </extensions>
      </trkpt>
      <trkpt lat="29.602192229466898" lon="106.31985750356614">
        <ele>245.3311767578125</ele>
        <time>2026-09-04T22:57:36Z</time>
        <extensions>
          <gpxtpx:TrackPointExtension>
            <gpxtpx:hr>151</gpxtpx:hr>
          </gpxtpx:TrackPointExtension>
        </extensions>
      </trkpt>
      <trkpt lat="29.602279308907697" lon="106.31989036668395">
        <ele>248.63031005859375</ele>
        <time>2026-09-04T22:57:39Z</time>
        <extensions>
          <gpxtpx:TrackPointExtension>
            <gpxtpx:hr>151</gpxtpx:hr>
          </gpxtpx:TrackPointExtension>
        </extensions>
      </trkpt>
      <trkpt lat="29.602320060669708" lon="106.31983988755307">
        <ele>253.4990234375</ele>
        <time>2026-09-04T22:57:42Z</time>
        <extensions>
          <gpxtpx:TrackPointExtension>
            <gpxtpx:hr>151</gpxtpx:hr>
          </gpxtpx:TrackPointExtension>
        </extensions>
      </trkpt>
      <trkpt lat="29.602340357631707" lon="106.3197667191543">
        <ele>253.82598876953125</ele>
        <time>2026-09-04T22:57:45Z</time>
        <extensions>
          <gpxtpx:TrackPointExtension>
            <gpxtpx:hr>152</gpxtpx:hr>
          </gpxtpx:TrackPointExtension>
        </extensions>
      </trkpt>
      <trkpt lat="29.602491630225757" lon="106.3195889363559">
        <ele>257.966064453125</ele>
        <time>2026-09-04T22:57:57Z</time>
        <extensions>
          <gpxtpx:TrackPointExtension>
            <gpxtpx:hr>151</gpxtpx:hr>
          </gpxtpx:TrackPointExtension>
        </extensions>
      </trkpt>
      <trkpt lat="29.60256051383962" lon="106.3195502804716">
        <ele>257.941162109375</ele>
        <time>2026-09-04T22:58:00Z</time>
        <extensions>
          <gpxtpx:TrackPointExtension>
            <gpxtpx:hr>150</gpxtpx:hr>
          </gpxtpx:TrackPointExtension>
        </extensions>
      </trkpt>
      <trkpt lat="29.602720502951254" lon="106.31954707037366">
        <ele>257.539794921875</ele>
        <time>2026-09-04T22:58:06Z</time>
        <extensions>
          <gpxtpx:TrackPointExtension>
            <gpxtpx:hr>149</gpxtpx:hr>
          </gpxtpx:TrackPointExtension>
        </extensions>
      </trkpt>
      <trkpt lat="29.60283147262171" lon="106.31937126591613">
        <ele>262.7987060546875</ele>
        <time>2026-09-04T22:58:15Z</time>
        <extensions>
          <gpxtpx:TrackPointExtension>
            <gpxtpx:hr>149</gpxtpx:hr>
          </gpxtpx:TrackPointExtension>
        </extensions>
      </trkpt>
      <trkpt lat="29.603009483735566" lon="106.31916479232429">
        <ele>256.8057861328125</ele>
        <time>2026-09-04T22:58:24Z</time>
        <extensions>
          <gpxtpx:TrackPointExtension>
            <gpxtpx:hr>150</gpxtpx:hr>
          </gpxtpx:TrackPointExtension>
        </extensions>
      </trkpt>
      <trkpt lat="29.60304272247902" lon="106.31904052483364">
        <ele>252.0198974609375</ele>
        <time>2026-09-04T22:58:30Z</time>
        <extensions>
          <gpxtpx:TrackPointExtension>
            <gpxtpx:hr>153</gpxtpx:hr>
          </gpxtpx:TrackPointExtension>
        </extensions>
      </trkpt>
      <trkpt lat="29.603016146011942" lon="106.31895402309519">
        <ele>251.27264404296875</ele>
        <time>2026-09-04T22:58:33Z</time>
        <extensions>
          <gpxtpx:TrackPointExtension>
            <gpxtpx:hr>152</gpxtpx:hr>
          </gpxtpx:TrackPointExtension>
        </extensions>
      </trkpt>
      <trkpt lat="29.602958102733904" lon="106.31887188434727">
        <ele>250.4893798828125</ele>
        <time>2026-09-04T22:58:36Z</time>
        <extensions>
          <gpxtpx:TrackPointExtension>
            <gpxtpx:hr>152</gpxtpx:hr>
          </gpxtpx:TrackPointExtension>
        </extensions>
      </trkpt>
      <trkpt lat="29.602920480820018" lon="106.31876777950923">
        <ele>250.8035888671875</ele>
        <time>2026-09-04T22:58:39Z</time>
        <extensions>
          <gpxtpx:TrackPointExtension>
            <gpxtpx:hr>152</gpxtpx:hr>
          </gpxtpx:TrackPointExtension>
        </extensions>
      </trkpt>
      <trkpt lat="29.60292598378174" lon="106.31844112008999">
        <ele>254.9803466796875</ele>
        <time>2026-09-04T22:58:48Z</time>
        <extensions>
          <gpxtpx:TrackPointExtension>
            <gpxtpx:hr>151</gpxtpx:hr>
          </gpxtpx:TrackPointExtension>
        </extensions>
      </trkpt>
      <trkpt lat="29.602956958126736" lon="106.31810976693717">
        <ele>249.9459228515625</ele>
        <time>2026-09-04T22:58:54Z</time>
        <extensions>
          <gpxtpx:TrackPointExtension>
            <gpxtpx:hr>150</gpxtpx:hr>
          </gpxtpx:TrackPointExtension>
        </extensions>
      </trkpt>
      <trkpt lat="29.60296551442393" lon="106.3180120127628">
        <ele>249.0137939453125</ele>
        <time>2026-09-04T22:58:57Z</time>
        <extensions>
          <gpxtpx:TrackPointExtension>
            <gpxtpx:hr>149</gpxtpx:hr>
          </gpxtpx:TrackPointExtension>
        </extensions>
      </trkpt>
      <trkpt lat="29.602925180691994" lon="106.31782784829441">
        <ele>253.495849609375</ele>
        <time>2026-09-04T22:59:03Z</time>
        <extensions>
          <gpxtpx:TrackPointExtension>
            <gpxtpx:hr>149</gpxtpx:hr>
          </gpxtpx:TrackPointExtension>
        </extensions>
      </trkpt>
      <trkpt lat="29.602913348856184" lon="106.31760990365089">
        <ele>257.21966552734375</ele>
        <time>2026-09-04T22:59:09Z</time>
        <extensions>
          <gpxtpx:TrackPointExtension>
            <gpxtpx:hr>149</gpxtpx:hr>
          </gpxtpx:TrackPointExtension>
        </extensions>
      </trkpt>
      <trkpt lat="29.602962562986594" lon="106.31742136170078">
        <ele>255.0220947265625</ele>
        <time>2026-09-04T22:59:15Z</time>
        <extensions>
          <gpxtpx:TrackPointExtension>
            <gpxtpx:hr>149</gpxtpx:hr>
          </gpxtpx:TrackPointExtension>
        </extensions>
      </trkpt>
      <trkpt lat="29.602945262158386" lon="106.31709626687751">
        <ele>245.8377685546875</ele>
        <time>2026-09-04T22:59:27Z</time>
        <extensions>
          <gpxtpx:TrackPointExtension>
            <gpxtpx:hr>148</gpxtpx:hr>
          </gpxtpx:TrackPointExtension>
        </extensions>
      </trkpt>
      <trkpt lat="29.602946578085405" lon="106.31692967600446">
        <ele>246.12567138671875</ele>
        <time>2026-09-04T22:59:33Z</time>
        <extensions>
          <gpxtpx:TrackPointExtension>
            <gpxtpx:hr>148</gpxtpx:hr>
          </gpxtpx:TrackPointExtension>
        </extensions>
      </trkpt>
      <trkpt lat="29.60297184694593" lon="106.31669357624108">
        <ele>252.624267578125</ele>
        <time>2026-09-04T22:59:39Z</time>
        <extensions>
          <gpxtpx:TrackPointExtension>
            <gpxtpx:hr>149</gpxtpx:hr>
          </gpxtpx:TrackPointExtension>
        </extensions>
      </trkpt>
      <trkpt lat="29.602958192363843" lon="106.3166147952302">
        <ele>255.74932861328125</ele>
        <time>2026-09-04T22:59:42Z</time>
        <extensions>
          <gpxtpx:TrackPointExtension>
            <gpxtpx:hr>151</gpxtpx:hr>
          </gpxtpx:TrackPointExtension>
        </extensions>
      </trkpt>
      <trkpt lat="29.602889363933073" lon="106.31652467342343">
        <ele>259.193359375</ele>
        <time>2026-09-04T22:59:45Z</time>
        <extensions>
          <gpxtpx:TrackPointExtension>
            <gpxtpx:hr>152</gpxtpx:hr>
          </gpxtpx:TrackPointExtension>
        </extensions>
      </trkpt>
      <trkpt lat="29.602812504672126" lon="106.31646282973199">
        <ele>260.44061279296875</ele>
        <time>2026-09-04T22:59:48Z</time>
        <extensions>
          <gpxtpx:TrackPointExtension>
            <gpxtpx:hr>153</gpxtpx:hr>
          </gpxtpx:TrackPointExtension>
        </extensions>
      </trkpt>
      <trkpt lat="29.602663674964596" lon="106.31639700012884">
        <ele>261.03759765625</ele>
        <time>2026-09-04T22:59:54Z</time>
        <extensions>
          <gpxtpx:TrackPointExtension>
            <gpxtpx:hr>154</gpxtpx:hr>
          </gpxtpx:TrackPointExtension>
        </extensions>
      </trkpt>
      <trkpt lat="29.60261363733112" lon="106.31642493466171">
        <ele>257.6806640625</ele>
        <time>2026-09-04T22:59:57Z</time>
        <extensions>
          <gpxtpx:TrackPointExtension>
            <gpxtpx:hr>154</gpxtpx:hr>
          </gpxtpx:TrackPointExtension>
        </extensions>
      </trkpt>
      <trkpt lat="29.602548473837647" lon="106.3165217013007">
        <ele>257.26812744140625</ele>
        <time>2026-09-04T23:00:00Z</time>
        <extensions>
          <gpxtpx:TrackPointExtension>
            <gpxtpx:hr>154</gpxtpx:hr>
          </gpxtpx:TrackPointExtension>
        </extensions>
      </trkpt>
      <trkpt lat="29.602523881517882" lon="106.31683792681723">
        <ele>259.0257568359375</ele>
        <time>2026-09-04T23:00:09Z</time>
        <extensions>
          <gpxtpx:TrackPointExtension>
            <gpxtpx:hr>156</gpxtpx:hr>
          </gpxtpx:TrackPointExtension>
        </extensions>
      </trkpt>
      <trkpt lat="29.602553183056305" lon="106.31720103311685">
        <ele>254.88427734375</ele>
        <time>2026-09-04T23:00:24Z</time>
        <extensions>
          <gpxtpx:TrackPointExtension>
            <gpxtpx:hr>150</gpxtpx:hr>
          </gpxtpx:TrackPointExtension>
        </extensions>
      </trkpt>
      <trkpt lat="29.60251406613648" lon="106.3172688687431">
        <ele>252.4366455078125</ele>
        <time>2026-09-04T23:00:27Z</time>
        <extensions>
          <gpxtpx:TrackPointExtension>
            <gpxtpx:hr>149</gpxtpx:hr>
          </gpxtpx:TrackPointExtension>
        </extensions>
      </trkpt>
      <trkpt lat="29.602283766894395" lon="106.31746340431702">
        <ele>254.34686279296875</ele>
        <time>2026-09-04T23:00:36Z</time>
        <extensions>
          <gpxtpx:TrackPointExtension>
            <gpxtpx:hr>149</gpxtpx:hr>
          </gpxtpx:TrackPointExtension>
        </extensions>
      </trkpt>
      <trkpt lat="29.602152685655643" lon="106.31752725517778">
        <ele>254.246337890625</ele>
        <time>2026-09-04T23:00:42Z</time>
        <extensions>
          <gpxtpx:TrackPointExtension>
            <gpxtpx:hr>149</gpxtpx:hr>
          </gpxtpx:TrackPointExtension>
        </extensions>
      </trkpt>
      <trkpt lat="29.602047712139463" lon="106.31753025414264">
        <ele>257.5291748046875</ele>
        <time>2026-09-04T23:00:48Z</time>
        <extensions>
          <gpxtpx:TrackPointExtension>
            <gpxtpx:hr>149</gpxtpx:hr>
          </gpxtpx:TrackPointExtension>
        </extensions>
      </trkpt>
      <trkpt lat="29.601994631659394" lon="106.31758113218018">
        <ele>259.1318359375</ele>
        <time>2026-09-04T23:00:51Z</time>
        <extensions>
          <gpxtpx:TrackPointExtension>
            <gpxtpx:hr>149</gpxtpx:hr>
          </gpxtpx:TrackPointExtension>
        </extensions>
      </trkpt>
      <trkpt lat="29.601945485443018" lon="106.31766592650047">
        <ele>255.54852294921875</ele>
        <time>2026-09-04T23:00:54Z</time>
        <extensions>
          <gpxtpx:TrackPointExtension>
            <gpxtpx:hr>149</gpxtpx:hr>
          </gpxtpx:TrackPointExtension>
        </extensions>
      </trkpt>
      <trkpt lat="29.601892105081124" lon="106.31787441649959">
        <ele>254.7069091796875</ele>
        <time>2026-09-04T23:01:00Z</time>
        <extensions>
          <gpxtpx:TrackPointExtension>
            <gpxtpx:hr>146</gpxtpx:hr>
          </gpxtpx:TrackPointExtension>
        </extensions>
      </trkpt>
      <trkpt lat="29.601852433374095" lon="106.31823353421471">
        <ele>253.958251953125</ele>
        <time>2026-09-04T23:01:12Z</time>
        <extensions>
          <gpxtpx:TrackPointExtension>
            <gpxtpx:hr>145</gpxtpx:hr>
          </gpxtpx:TrackPointExtension>
        </extensions>
      </trkpt>
      <trkpt lat="29.60184968695567" lon="106.31862556769107">
        <ele>254.98828125</ele>
        <time>2026-09-04T23:01:24Z</time>
        <extensions>
          <gpxtpx:TrackPointExtension>
            <gpxtpx:hr>146</gpxtpx:hr>
          </gpxtpx:TrackPointExtension>
        </extensions>
      </trkpt>
      <trkpt lat="29.601868146571885" lon="106.31890587482434">
        <ele>253.216064453125</ele>
        <time>2026-09-04T23:01:33Z</time>
        <extensions>
          <gpxtpx:TrackPointExtension>
            <gpxtpx:hr>149</gpxtpx:hr>
          </gpxtpx:TrackPointExtension>
        </extensions>
      </trkpt>
      <trkpt lat="29.60182366326151" lon="106.31916623459108">
        <ele>251.5875244140625</ele>
        <time>2026-09-04T23:01:42Z</time>
        <extensions>
          <gpxtpx:TrackPointExtension>
            <gpxtpx:hr>152</gpxtpx:hr>
          </gpxtpx:TrackPointExtension>
        </extensions>
      </trkpt>
      <trkpt lat="29.601842011625486" lon="106.31932253976822">
        <ele>249.34405517578125</ele>
        <time>2026-09-04T23:01:48Z</time>
        <extensions>
          <gpxtpx:TrackPointExtension>
            <gpxtpx:hr>152</gpxtpx:hr>
          </gpxtpx:TrackPointExtension>
        </extensions>
      </trkpt>
      <trkpt lat="29.601886313212525" lon="106.31943457812349">
        <ele>249.453369140625</ele>
        <time>2026-09-04T23:01:51Z</time>
        <extensions>
          <gpxtpx:TrackPointExtension>
            <gpxtpx:hr>151</gpxtpx:hr>
          </gpxtpx:TrackPointExtension>
        </extensions>
      </trkpt>
      <trkpt lat="29.601884500758153" lon="106.31963694682322">
        <ele>251.2464599609375</ele>
        <time>2026-09-04T23:01:57Z</time>
        <extensions>
          <gpxtpx:TrackPointExtension>
            <gpxtpx:hr>152</gpxtpx:hr>
          </gpxtpx:TrackPointExtension>
        </extensions>
      </trkpt>
      <trkpt lat="29.601913325707315" lon="106.31972668755103">
        <ele>249.28485107421875</ele>
        <time>2026-09-04T23:02:00Z</time>
        <extensions>
          <gpxtpx:TrackPointExtension>
            <gpxtpx:hr>152</gpxtpx:hr>
          </gpxtpx:TrackPointExtension>
        </extensions>
      </trkpt>
      <trkpt lat="29.60191526563652" lon="106.31999963573897">
        <ele>251.9713134765625</ele>
        <time>2026-09-04T23:02:09Z</time>
        <extensions>
          <gpxtpx:TrackPointExtension>
            <gpxtpx:hr>153</gpxtpx:hr>
          </gpxtpx:TrackPointExtension>
        </extensions>
      </trkpt>
      <trkpt lat="29.602017001925898" lon="106.3199051559897">
        <ele>252.2498779296875</ele>
        <time>2026-09-04T23:02:15Z</time>
        <extensions>
          <gpxtpx:TrackPointExtension>
            <gpxtpx:hr>153</gpxtpx:hr>
          </gpxtpx:TrackPointExtension>
        </extensions>
      </trkpt>
      <trkpt lat="29.602159273892976" lon="106.31983954996888">
        <ele>250.3544921875</ele>
        <time>2026-09-04T23:02:21Z</time>
        <extensions>
          <gpxtpx:TrackPointExtension>
            <gpxtpx:hr>153</gpxtpx:hr>
          </gpxtpx:TrackPointExtension>
        </extensions>
      </trkpt>
      <trkpt lat="29.602339232117586" lon="106.31983255638409">
        <ele>251.7733154296875</ele>
        <time>2026-09-04T23:02:27Z</time>
        <extensions>
          <gpxtpx:TrackPointExtension>
            <gpxtpx:hr>154</gpxtpx:hr>
          </gpxtpx:TrackPointExtension>
        </extensions>
      </trkpt>
      <trkpt lat="29.60238828193761" lon="106.3197986373139">
        <ele>254.53411865234375</ele>
        <time>2026-09-04T23:02:30Z</time>
        <extensions>
          <gpxtpx:TrackPointExtension>
            <gpxtpx:hr>154</gpxtpx:hr>
          </gpxtpx:TrackPointExtension>
        </extensions>
      </trkpt>
      <trkpt lat="29.6024411062977" lon="106.3196073146216">
        <ele>250.70513916015625</ele>
        <time>2026-09-04T23:02:42Z</time>
        <extensions>
          <gpxtpx:TrackPointExtension>
            <gpxtpx:hr>152</gpxtpx:hr>
          </gpxtpx:TrackPointExtension>
        </extensions>
      </trkpt>
      <trkpt lat="29.602480442434167" lon="106.31955897706435">
        <ele>251.8350830078125</ele>
        <time>2026-09-04T23:02:45Z</time>
        <extensions>
          <gpxtpx:TrackPointExtension>
            <gpxtpx:hr>151</gpxtpx:hr>
          </gpxtpx:TrackPointExtension>
        </extensions>
      </trkpt>
      <trkpt lat="29.6025652051347" lon="106.31953721326887">
        <ele>250.78192138671875</ele>
        <time>2026-09-04T23:02:48Z</time>
        <extensions>
          <gpxtpx:TrackPointExtension>
            <gpxtpx:hr>150</gpxtpx:hr>
          </gpxtpx:TrackPointExtension>
        </extensions>
      </trkpt>
      <trkpt lat="29.602658044330756" lon="106.31955039742132">
        <ele>249.6334228515625</ele>
        <time>2026-09-04T23:02:51Z</time>
        <extensions>
          <gpxtpx:TrackPointExtension>
            <gpxtpx:hr>150</gpxtpx:hr>
          </gpxtpx:TrackPointExtension>
        </extensions>
      </trkpt>
      <trkpt lat="29.602723385132048" lon="106.31953605411185">
        <ele>248.78509521484375</ele>
        <time>2026-09-04T23:02:54Z</time>
        <extensions>
          <gpxtpx:TrackPointExtension>
            <gpxtpx:hr>150</gpxtpx:hr>
          </gpxtpx:TrackPointExtension>
        </extensions>
      </trkpt>
      <trkpt lat="29.602802053820557" lon="106.31937722210189">
        <ele>255.76873779296875</ele>
        <time>2026-09-04T23:03:03Z</time>
        <extensions>
          <gpxtpx:TrackPointExtension>
            <gpxtpx:hr>149</gpxtpx:hr>
          </gpxtpx:TrackPointExtension>
        </extensions>
      </trkpt>
      <trkpt lat="29.60290278406667" lon="106.31922280912934">
        <ele>250.3729248046875</ele>
        <time>2026-09-04T23:03:09Z</time>
        <extensions>
          <gpxtpx:TrackPointExtension>
            <gpxtpx:hr>148</gpxtpx:hr>
          </gpxtpx:TrackPointExtension>
        </extensions>
      </trkpt>
      <trkpt lat="29.603026563343178" lon="106.31909785860684">
        <ele>248.70867919921875</ele>
        <time>2026-09-04T23:03:15Z</time>
        <extensions>
          <gpxtpx:TrackPointExtension>
            <gpxtpx:hr>148</gpxtpx:hr>
          </gpxtpx:TrackPointExtension>
        </extensions>
      </trkpt>
      <trkpt lat="29.603024199649905" lon="106.31897831965979">
        <ele>249.2996826171875</ele>
        <time>2026-09-04T23:03:18Z</time>
        <extensions>
          <gpxtpx:TrackPointExtension>
            <gpxtpx:hr>149</gpxtpx:hr>
          </gpxtpx:TrackPointExtension>
        </extensions>
      </trkpt>
      <trkpt lat="29.602987895258" lon="106.31886035606549">
        <ele>248.76593017578125</ele>
        <time>2026-09-04T23:03:21Z</time>
        <extensions>
          <gpxtpx:TrackPointExtension>
            <gpxtpx:hr>149</gpxtpx:hr>
          </gpxtpx:TrackPointExtension>
        </extensions>
      </trkpt>
      <trkpt lat="29.602932188525237" lon="106.31876345222592">
        <ele>245.872314453125</ele>
        <time>2026-09-04T23:03:24Z</time>
        <extensions>
          <gpxtpx:TrackPointExtension>
            <gpxtpx:hr>148</gpxtpx:hr>
          </gpxtpx:TrackPointExtension>
        </extensions>
      </trkpt>
      <trkpt lat="29.60290340684586" lon="106.31868237074622">
        <ele>246.1263427734375</ele>
        <time>2026-09-04T23:03:27Z</time>
        <extensions>
          <gpxtpx:TrackPointExtension>
            <gpxtpx:hr>145</gpxtpx:hr>
          </gpxtpx:TrackPointExtension>
        </extensions>
      </trkpt>
      <trkpt lat="29.60289964965613" lon="106.31860252195224">
        <ele>249.3104248046875</ele>
        <time>2026-09-04T23:03:30Z</time>
        <extensions>
          <gpxtpx:TrackPointExtension>
            <gpxtpx:hr>142</gpxtpx:hr>
          </gpxtpx:TrackPointExtension>
        </extensions>
      </trkpt>
      <trkpt lat="29.602907230181735" lon="106.31850147027849">
        <ele>253.0191650390625</ele>
        <time>2026-09-04T23:03:33Z</time>
        <extensions>
          <gpxtpx:TrackPointExtension>
            <gpxtpx:hr>141</gpxtpx:hr>
          </gpxtpx:TrackPointExtension>
        </extensions>
      </trkpt>
      <trkpt lat="29.602963010653554" lon="106.31825258325533">
        <ele>247.121826171875</ele>
        <time>2026-09-04T23:03:39Z</time>
        <extensions>
          <gpxtpx:TrackPointExtension>
            <gpxtpx:hr>141</gpxtpx:hr>
          </gpxtpx:TrackPointExtension>
        </extensions>
      </trkpt>
      <trkpt lat="29.60297398863173" lon="106.3180073516768">
        <ele>251.406982421875</ele>
        <time>2026-09-04T23:03:45Z</time>
        <extensions>
          <gpxtpx:TrackPointExtension>
            <gpxtpx:hr>142</gpxtpx:hr>
          </gpxtpx:TrackPointExtension>
        </extensions>
      </trkpt>
      <trkpt lat="29.60291382269979" lon="106.31778292206087">
        <ele>253.21783447265625</ele>
        <time>2026-09-04T23:03:51Z</time>
        <extensions>
          <gpxtpx:TrackPointExtension>
            <gpxtpx:hr>144</gpxtpx:hr>
          </gpxtpx:TrackPointExtension>
        </extensions>
      </trkpt>
      <trkpt lat="29.602902187345222" lon="106.31767178966884">
        <ele>257.73443603515625</ele>
        <time>2026-09-04T23:03:54Z</time>
        <extensions>
          <gpxtpx:TrackPointExtension>
            <gpxtpx:hr>144</gpxtpx:hr>
          </gpxtpx:TrackPointExtension>
        </extensions>
      </trkpt>
      <trkpt lat="29.602910103506392" lon="106.31754717427455">
        <ele>257.746337890625</ele>
        <time>2026-09-04T23:03:57Z</time>
        <extensions>
          <gpxtpx:TrackPointExtension>
            <gpxtpx:hr>145</gpxtpx:hr>
          </gpxtpx:TrackPointExtension>
        </extensions>
      </trkpt>
      <trkpt lat="29.602959407783867" lon="106.31744136035408">
        <ele>257.09674072265625</ele>
        <time>2026-09-04T23:04:00Z</time>
        <extensions>
          <gpxtpx:TrackPointExtension>
            <gpxtpx:hr>145</gpxtpx:hr>
          </gpxtpx:TrackPointExtension>
        </extensions>
      </trkpt>
      <trkpt lat="29.602973189206004" lon="106.31713018185833">
        <ele>249.29400634765625</ele>
        <time>2026-09-04T23:04:09Z</time>
        <extensions>
          <gpxtpx:TrackPointExtension>
            <gpxtpx:hr>148</gpxtpx:hr>
          </gpxtpx:TrackPointExtension>
        </extensions>
      </trkpt>
      <trkpt lat="29.602949334801576" lon="106.3170573622134">
        <ele>246.8511962890625</ele>
        <time>2026-09-04T23:04:12Z</time>
        <extensions>
          <gpxtpx:TrackPointExtension>
            <gpxtpx:hr>149</gpxtpx:hr>
          </gpxtpx:TrackPointExtension>
        </extensions>
      </trkpt>
      <trkpt lat="29.602951396600062" lon="106.31678335576929">
        <ele>249.50018310546875</ele>
        <time>2026-09-04T23:04:18Z</time>
        <extensions>
          <gpxtpx:TrackPointExtension>
            <gpxtpx:hr>149</gpxtpx:hr>
          </gpxtpx:TrackPointExtension>
        </extensions>
      </trkpt>
      <trkpt lat="29.60293716643172" lon="106.31662930235751">
        <ele>254.33819580078125</ele>
        <time>2026-09-04T23:04:21Z</time>
        <extensions>
          <gpxtpx:TrackPointExtension>
            <gpxtpx:hr>149</gpxtpx:hr>
          </gpxtpx:TrackPointExtension>
        </extensions>
      </trkpt>
      <trkpt lat="29.60291004400651" lon="106.31652861962986">
        <ele>258.21630859375</ele>
        <time>2026-09-04T23:04:24Z</time>
        <extensions>
          <gpxtpx:TrackPointExtension>
            <gpxtpx:hr>150</gpxtpx:hr>
          </gpxtpx:TrackPointExtension>
        </extensions>
      </trkpt>
      <trkpt lat="29.602841569531602" lon="106.31642392337609">
        <ele>260.3133544921875</ele>
        <time>2026-09-04T23:04:30Z</time>
        <extensions>
          <gpxtpx:TrackPointExtension>
            <gpxtpx:hr>151</gpxtpx:hr>
          </gpxtpx:TrackPointExtension>
        </extensions>
      </trkpt>
      <trkpt lat="29.602777624998826" lon="106.31640497369858">
        <ele>260.50390625</ele>
        <time>2026-09-04T23:04:33Z</time>
        <extensions>
          <gpxtpx:TrackPointExtension>
            <gpxtpx:hr>151</gpxtpx:hr>
          </gpxtpx:TrackPointExtension>
        </extensions>
      </trkpt>
      <trkpt lat="29.60265365345182" lon="106.31640996893832">
        <ele>257.87518310546875</ele>
        <time>2026-09-04T23:04:39Z</time>
        <extensions>
          <gpxtpx:TrackPointExtension>
            <gpxtpx:hr>151</gpxtpx:hr>
          </gpxtpx:TrackPointExtension>
        </extensions>
      </trkpt>
      <trkpt lat="29.602582610897457" lon="106.31644389005776">
        <ele>255.6431884765625</ele>
        <time>2026-09-04T23:04:42Z</time>
        <extensions>
          <gpxtpx:TrackPointExtension>
            <gpxtpx:hr>150</gpxtpx:hr>
          </gpxtpx:TrackPointExtension>
        </extensions>
      </trkpt>
      <trkpt lat="29.60254045548624" lon="106.31653267487037">
        <ele>255.213134765625</ele>
        <time>2026-09-04T23:04:45Z</time>
        <extensions>
          <gpxtpx:TrackPointExtension>
            <gpxtpx:hr>151</gpxtpx:hr>
          </gpxtpx:TrackPointExtension>
        </extensions>
      </trkpt>
      <trkpt lat="29.60251245166775" lon="106.31684175886927">
        <ele>256.041259765625</ele>
        <time>2026-09-04T23:04:54Z</time>
        <extensions>
          <gpxtpx:TrackPointExtension>
            <gpxtpx:hr>152</gpxtpx:hr>
          </gpxtpx:TrackPointExtension>
        </extensions>
      </trkpt>
      <trkpt lat="29.602582412869804" lon="106.31707534021113">
        <ele>251.252197265625</ele>
        <time>2026-09-04T23:05:03Z</time>
        <extensions>
          <gpxtpx:TrackPointExtension>
            <gpxtpx:hr>154</gpxtpx:hr>
          </gpxtpx:TrackPointExtension>
        </extensions>
      </trkpt>
      <trkpt lat="29.60256812731067" lon="106.31722796601812">
        <ele>253.4462890625</ele>
        <time>2026-09-04T23:05:09Z</time>
        <extensions>
          <gpxtpx:TrackPointExtension>
            <gpxtpx:hr>154</gpxtpx:hr>
          </gpxtpx:TrackPointExtension>
        </extensions>
      </trkpt>
      <trkpt lat="29.602538020893217" lon="106.31728881825468">
        <ele>251.91839599609375</ele>
        <time>2026-09-04T23:05:12Z</time>
        <extensions>
          <gpxtpx:TrackPointExtension>
            <gpxtpx:hr>154</gpxtpx:hr>
          </gpxtpx:TrackPointExtension>
        </extensions>
      </trkpt>
      <trkpt lat="29.602286781144297" lon="106.31745542376332">
        <ele>251.9901123046875</ele>
        <time>2026-09-04T23:05:21Z</time>
        <extensions>
          <gpxtpx:TrackPointExtension>
            <gpxtpx:hr>153</gpxtpx:hr>
          </gpxtpx:TrackPointExtension>
        </extensions>
      </trkpt>
      <trkpt lat="29.602084721661203" lon="106.31751927890541">
        <ele>252.57171630859375</ele>
        <time>2026-09-04T23:05:30Z</time>
        <extensions>
          <gpxtpx:TrackPointExtension>
            <gpxtpx:hr>154</gpxtpx:hr>
          </gpxtpx:TrackPointExtension>
        </extensions>
      </trkpt>
      <trkpt lat="29.602012660281655" lon="106.31756317527028">
        <ele>255.1392822265625</ele>
        <time>2026-09-04T23:05:36Z</time>
        <extensions>
          <gpxtpx:TrackPointExtension>
            <gpxtpx:hr>153</gpxtpx:hr>
          </gpxtpx:TrackPointExtension>
        </extensions>
      </trkpt>
      <trkpt lat="29.601882286556197" lon="106.31778064795263">
        <ele>253.239990234375</ele>
        <time>2026-09-04T23:05:42Z</time>
        <extensions>
          <gpxtpx:TrackPointExtension>
            <gpxtpx:hr>153</gpxtpx:hr>
          </gpxtpx:TrackPointExtension>
        </extensions>
      </trkpt>
      <trkpt lat="29.601856574629505" lon="106.31815871834034">
        <ele>252.51556396484375</ele>
        <time>2026-09-04T23:05:54Z</time>
        <extensions>
          <gpxtpx:TrackPointExtension>
            <gpxtpx:hr>153</gpxtpx:hr>
          </gpxtpx:TrackPointExtension>
        </extensions>
      </trkpt>
      <trkpt lat="29.601855970324802" lon="106.31847593638736">
        <ele>254.52532958984375</ele>
        <time>2026-09-04T23:06:03Z</time>
        <extensions>
          <gpxtpx:TrackPointExtension>
            <gpxtpx:hr>152</gpxtpx:hr>
          </gpxtpx:TrackPointExtension>
        </extensions>
      </trkpt>
      <trkpt lat="29.601855567199834" lon="106.31868741474673">
        <ele>256.13238525390625</ele>
        <time>2026-09-04T23:06:09Z</time>
        <extensions>
          <gpxtpx:TrackPointExtension>
            <gpxtpx:hr>152</gpxtpx:hr>
          </gpxtpx:TrackPointExtension>
        </extensions>
      </trkpt>
      <trkpt lat="29.601870208753045" lon="106.31887295596133">
        <ele>255.6370849609375</ele>
        <time>2026-09-04T23:06:15Z</time>
        <extensions>
          <gpxtpx:TrackPointExtension>
            <gpxtpx:hr>152</gpxtpx:hr>
          </gpxtpx:TrackPointExtension>
        </extensions>
      </trkpt>
      <trkpt lat="29.601862582753014" lon="106.31920214353659">
        <ele>251.9613037109375</ele>
        <time>2026-09-04T23:06:27Z</time>
        <extensions>
          <gpxtpx:TrackPointExtension>
            <gpxtpx:hr>153</gpxtpx:hr>
          </gpxtpx:TrackPointExtension>
        </extensions>
      </trkpt>
      <trkpt lat="29.601919068160377" lon="106.31946249679731">
        <ele>248.96856689453125</ele>
        <time>2026-09-04T23:06:36Z</time>
        <extensions>
          <gpxtpx:TrackPointExtension>
            <gpxtpx:hr>153</gpxtpx:hr>
          </gpxtpx:TrackPointExtension>
        </extensions>
      </trkpt>
      <trkpt lat="29.601931557275577" lon="106.31972784002824">
        <ele>245.358642578125</ele>
        <time>2026-09-04T23:06:45Z</time>
        <extensions>
          <gpxtpx:TrackPointExtension>
            <gpxtpx:hr>153</gpxtpx:hr>
          </gpxtpx:TrackPointExtension>
        </extensions>
      </trkpt>
      <trkpt lat="29.601918500875183" lon="106.31993699214938">
        <ele>247.7933349609375</ele>
        <time>2026-09-04T23:06:51Z</time>
        <extensions>
          <gpxtpx:TrackPointExtension>
            <gpxtpx:hr>152</gpxtpx:hr>
          </gpxtpx:TrackPointExtension>
        </extensions>
      </trkpt>
      <trkpt lat="29.601927362671297" lon="106.32000047523121">
        <ele>249.638916015625</ele>
        <time>2026-09-04T23:06:54Z</time>
        <extensions>
          <gpxtpx:TrackPointExtension>
            <gpxtpx:hr>152</gpxtpx:hr>
          </gpxtpx:TrackPointExtension>
        </extensions>
      </trkpt>
      <trkpt lat="29.60203674704711" lon="106.319897431582">
        <ele>251.89013671875</ele>
        <time>2026-09-04T23:07:00Z</time>
        <extensions>
          <gpxtpx:TrackPointExtension>
            <gpxtpx:hr>152</gpxtpx:hr>
          </gpxtpx:TrackPointExtension>
        </extensions>
      </trkpt>
      <trkpt lat="29.602113287985677" lon="106.31983955274316">
        <ele>255.3671875</ele>
        <time>2026-09-04T23:07:03Z</time>
        <extensions>
          <gpxtpx:TrackPointExtension>
            <gpxtpx:hr>152</gpxtpx:hr>
          </gpxtpx:TrackPointExtension>
        </extensions>
      </trkpt>
      <trkpt lat="29.602183314202847" lon="106.31981461020285">
        <ele>257.8671875</ele>
        <time>2026-09-04T23:07:06Z</time>
        <extensions>
          <gpxtpx:TrackPointExtension>
            <gpxtpx:hr>152</gpxtpx:hr>
          </gpxtpx:TrackPointExtension>
        </extensions>
      </trkpt>
      <trkpt lat="29.602366210507366" lon="106.31983953748455">
        <ele>257.5048828125</ele>
        <time>2026-09-04T23:07:12Z</time>
        <extensions>
          <gpxtpx:TrackPointExtension>
            <gpxtpx:hr>151</gpxtpx:hr>
          </gpxtpx:TrackPointExtension>
        </extensions>
      </trkpt>
      <trkpt lat="29.602407298998813" lon="106.31978666577318">
        <ele>257.7122802734375</ele>
        <time>2026-09-04T23:07:15Z</time>
        <extensions>
          <gpxtpx:TrackPointExtension>
            <gpxtpx:hr>151</gpxtpx:hr>
          </gpxtpx:TrackPointExtension>
        </extensions>
      </trkpt>
      <trkpt lat="29.602436480738877" lon="106.3196869107068">
        <ele>257.97943115234375</ele>
        <time>2026-09-04T23:07:21Z</time>
        <extensions>
          <gpxtpx:TrackPointExtension>
            <gpxtpx:hr>147</gpxtpx:hr>
          </gpxtpx:TrackPointExtension>
        </extensions>
      </trkpt>
      <trkpt lat="29.602441227148294" lon="106.31963052101608">
        <ele>255.67156982421875</ele>
        <time>2026-09-04T23:07:24Z</time>
        <extensions>
          <gpxtpx:TrackPointExtension>
            <gpxtpx:hr>145</gpxtpx:hr>
          </gpxtpx:TrackPointExtension>
        </extensions>
      </trkpt>
      <trkpt lat="29.602513871543895" lon="106.3195760177501">
        <ele>256.2196044921875</ele>
        <time>2026-09-04T23:07:30Z</time>
        <extensions>
          <gpxtpx:TrackPointExtension>
            <gpxtpx:hr>144</gpxtpx:hr>
          </gpxtpx:TrackPointExtension>
        </extensions>
      </trkpt>
      <trkpt lat="29.602652700525365" lon="106.31953726761256">
        <ele>253.64801025390625</ele>
        <time>2026-09-04T23:07:39Z</time>
        <extensions>
          <gpxtpx:TrackPointExtension>
            <gpxtpx:hr>143</gpxtpx:hr>
          </gpxtpx:TrackPointExtension>
        </extensions>
      </trkpt>
      <trkpt lat="29.602704877057388" lon="106.31943651350069">
        <ele>262.19598388671875</ele>
        <time>2026-09-04T23:07:45Z</time>
        <extensions>
          <gpxtpx:TrackPointExtension>
            <gpxtpx:hr>144</gpxtpx:hr>
          </gpxtpx:TrackPointExtension>
        </extensions>
      </trkpt>
      <trkpt lat="29.602884548411307" lon="106.31916321649177">
        <ele>258.7030029296875</ele>
        <time>2026-09-04T23:07:54Z</time>
        <extensions>
          <gpxtpx:TrackPointExtension>
            <gpxtpx:hr>144</gpxtpx:hr>
          </gpxtpx:TrackPointExtension>
        </extensions>
      </trkpt>
      <trkpt lat="29.602946730294743" lon="106.31909472112639">
        <ele>255.45428466796875</ele>
        <time>2026-09-04T23:07:57Z</time>
        <extensions>
          <gpxtpx:TrackPointExtension>
            <gpxtpx:hr>145</gpxtpx:hr>
          </gpxtpx:TrackPointExtension>
        </extensions>
      </trkpt>
      <trkpt lat="29.60298748672851" lon="106.3190177798555">
        <ele>255.30029296875</ele>
        <time>2026-09-04T23:08:00Z</time>
        <extensions>
          <gpxtpx:TrackPointExtension>
            <gpxtpx:hr>146</gpxtpx:hr>
          </gpxtpx:TrackPointExtension>
        </extensions>
      </trkpt>
      <trkpt lat="29.60297893027237" lon="106.31893235557519">
        <ele>256.0045166015625</ele>
        <time>2026-09-04T23:08:03Z</time>
        <extensions>
          <gpxtpx:TrackPointExtension>
            <gpxtpx:hr>147</gpxtpx:hr>
          </gpxtpx:TrackPointExtension>
        </extensions>
      </trkpt>
      <trkpt lat="29.602933293536516" lon="106.31884203509004">
        <ele>252.8880615234375</ele>
        <time>2026-09-04T23:08:06Z</time>
        <extensions>
          <gpxtpx:TrackPointExtension>
            <gpxtpx:hr>147</gpxtpx:hr>
          </gpxtpx:TrackPointExtension>
        </extensions>
      </trkpt>
      <trkpt lat="29.602895444053033" lon="106.31872872487988">
        <ele>252.33349609375</ele>
        <time>2026-09-04T23:08:09Z</time>
        <extensions>
          <gpxtpx:TrackPointExtension>
            <gpxtpx:hr>148</gpxtpx:hr>
          </gpxtpx:TrackPointExtension>
        </extensions>
      </trkpt>
      <trkpt lat="29.602854197218534" lon="106.31848160053445">
        <ele>258.27520751953125</ele>
        <time>2026-09-04T23:08:15Z</time>
        <extensions>
          <gpxtpx:TrackPointExtension>
            <gpxtpx:hr>150</gpxtpx:hr>
          </gpxtpx:TrackPointExtension>
        </extensions>
      </trkpt>
      <trkpt lat="29.602858001022735" lon="106.31836148062678">
        <ele>256.06494140625</ele>
        <time>2026-09-04T23:08:18Z</time>
        <extensions>
          <gpxtpx:TrackPointExtension>
            <gpxtpx:hr>151</gpxtpx:hr>
          </gpxtpx:TrackPointExtension>
        </extensions>
      </trkpt>
      <trkpt lat="29.60292436362357" lon="106.31809780390097">
        <ele>250.35845947265625</ele>
        <time>2026-09-04T23:08:24Z</time>
        <extensions>
          <gpxtpx:TrackPointExtension>
            <gpxtpx:hr>153</gpxtpx:hr>
          </gpxtpx:TrackPointExtension>
        </extensions>
      </trkpt>
      <trkpt lat="29.6029335241963" lon="106.3180120146913">
        <ele>251.7481689453125</ele>
        <time>2026-09-04T23:08:27Z</time>
        <extensions>
          <gpxtpx:TrackPointExtension>
            <gpxtpx:hr>153</gpxtpx:hr>
          </gpxtpx:TrackPointExtension>
        </extensions>
      </trkpt>
      <trkpt lat="29.60289209887532" lon="106.31771674423427">
        <ele>252.64984130859375</ele>
        <time>2026-09-04T23:08:36Z</time>
        <extensions>
          <gpxtpx:TrackPointExtension>
            <gpxtpx:hr>154</gpxtpx:hr>
          </gpxtpx:TrackPointExtension>
        </extensions>
      </trkpt>
      <trkpt lat="29.602978793247367" lon="106.31733767151908">
        <ele>254.83740234375</ele>
        <time>2026-09-04T23:08:45Z</time>
        <extensions>
          <gpxtpx:TrackPointExtension>
            <gpxtpx:hr>158</gpxtpx:hr>
          </gpxtpx:TrackPointExtension>
        </extensions>
      </trkpt>
      <trkpt lat="29.602953555122873" lon="106.31694064863662">
        <ele>252.4322509765625</ele>
        <time>2026-09-04T23:08:57Z</time>
        <extensions>
          <gpxtpx:TrackPointExtension>
            <gpxtpx:hr>157</gpxtpx:hr>
          </gpxtpx:TrackPointExtension>
        </extensions>
      </trkpt>
      <trkpt lat="29.602958198819703" lon="106.31658415979969">
        <ele>255.740478515625</ele>
        <time>2026-09-04T23:09:06Z</time>
        <extensions>
          <gpxtpx:TrackPointExtension>
            <gpxtpx:hr>156</gpxtpx:hr>
          </gpxtpx:TrackPointExtension>
        </extensions>
      </trkpt>
      <trkpt lat="29.602917432896348" lon="106.31648377203905">
        <ele>257.357666015625</ele>
        <time>2026-09-04T23:09:09Z</time>
        <extensions>
          <gpxtpx:TrackPointExtension>
            <gpxtpx:hr>157</gpxtpx:hr>
          </gpxtpx:TrackPointExtension>
        </extensions>
      </trkpt>
      <trkpt lat="29.602847563918218" lon="106.31642591812322">
        <ele>258.29052734375</ele>
        <time>2026-09-04T23:09:12Z</time>
        <extensions>
          <gpxtpx:TrackPointExtension>
            <gpxtpx:hr>157</gpxtpx:hr>
          </gpxtpx:TrackPointExtension>
        </extensions>
      </trkpt>
      <trkpt lat="29.602676670990164" lon="106.31639699934593">
        <ele>256.52978515625</ele>
        <time>2026-09-04T23:09:18Z</time>
        <extensions>
          <gpxtpx:TrackPointExtension>
            <gpxtpx:hr>158</gpxtpx:hr>
          </gpxtpx:TrackPointExtension>
        </extensions>
      </trkpt>
      <trkpt lat="29.602607633495445" lon="106.31642792768572">
        <ele>255.5672607421875</ele>
        <time>2026-09-04T23:09:21Z</time>
        <extensions>
          <gpxtpx:TrackPointExtension>
            <gpxtpx:hr>158</gpxtpx:hr>
          </gpxtpx:TrackPointExtension>
        </extensions>
      </trkpt>
      <trkpt lat="29.602564542677836" lon="106.31648279574534">
        <ele>251.87176513671875</ele>
        <time>2026-09-04T23:09:24Z</time>
        <extensions>
          <gpxtpx:TrackPointExtension>
            <gpxtpx:hr>157</gpxtpx:hr>
          </gpxtpx:TrackPointExtension>
        </extensions>
      </trkpt>
      <trkpt lat="29.60252333209819" lon="106.31660050950761">
        <ele>251.9185791015625</ele>
        <time>2026-09-04T23:09:27Z</time>
        <extensions>
          <gpxtpx:TrackPointExtension>
            <gpxtpx:hr>152</gpxtpx:hr>
          </gpxtpx:TrackPointExtension>
        </extensions>
      </trkpt>
      <trkpt lat="29.602542818925237" lon="106.31686785220178">
        <ele>249.36566162109375</ele>
        <time>2026-09-04T23:09:36Z</time>
        <extensions>
          <gpxtpx:TrackPointExtension>
            <gpxtpx:hr>153</gpxtpx:hr>
          </gpxtpx:TrackPointExtension>
        </extensions>
      </trkpt>
      <trkpt lat="29.602575642245235" lon="106.31695563466067">
        <ele>248.48931884765625</ele>
        <time>2026-09-04T23:09:39Z</time>
        <extensions>
          <gpxtpx:TrackPointExtension>
            <gpxtpx:hr>155</gpxtpx:hr>
          </gpxtpx:TrackPointExtension>
        </extensions>
      </trkpt>
      <trkpt lat="29.60258634156617" lon="106.31711224929049">
        <ele>245.7401123046875</ele>
        <time>2026-09-04T23:09:45Z</time>
        <extensions>
          <gpxtpx:TrackPointExtension>
            <gpxtpx:hr>155</gpxtpx:hr>
          </gpxtpx:TrackPointExtension>
        </extensions>
      </trkpt>
      <trkpt lat="29.602575204746824" lon="106.31718606856425">
        <ele>247.13397216796875</ele>
        <time>2026-09-04T23:09:48Z</time>
        <extensions>
          <gpxtpx:TrackPointExtension>
            <gpxtpx:hr>156</gpxtpx:hr>
          </gpxtpx:TrackPointExtension>
        </extensions>
      </trkpt>
      <trkpt lat="29.602526058675544" lon="106.31727086311601">
        <ele>247.167236328125</ele>
        <time>2026-09-04T23:09:51Z</time>
        <extensions>
          <gpxtpx:TrackPointExtension>
            <gpxtpx:hr>156</gpxtpx:hr>
          </gpxtpx:TrackPointExtension>
        </extensions>
      </trkpt>
      <trkpt lat="29.602384891436035" lon="106.3173815993882">
        <ele>243.04766845703125</ele>
        <time>2026-09-04T23:09:57Z</time>
        <extensions>
          <gpxtpx:TrackPointExtension>
            <gpxtpx:hr>156</gpxtpx:hr>
          </gpxtpx:TrackPointExtension>
        </extensions>
      </trkpt>
      <trkpt lat="29.602069756599096" lon="106.31750331906893">
        <ele>253.2554931640625</ele>
        <time>2026-09-04T23:10:09Z</time>
        <extensions>
          <gpxtpx:TrackPointExtension>
            <gpxtpx:hr>157</gpxtpx:hr>
          </gpxtpx:TrackPointExtension>
        </extensions>
      </trkpt>
      <trkpt lat="29.602012751312678" lon="106.31751529305862">
        <ele>254.52056884765625</ele>
        <time>2026-09-04T23:10:12Z</time>
        <extensions>
          <gpxtpx:TrackPointExtension>
            <gpxtpx:hr>157</gpxtpx:hr>
          </gpxtpx:TrackPointExtension>
        </extensions>
      </trkpt>
      <trkpt lat="29.601945625817176" lon="106.31759210813586">
        <ele>255.259765625</ele>
        <time>2026-09-04T23:10:15Z</time>
        <extensions>
          <gpxtpx:TrackPointExtension>
            <gpxtpx:hr>157</gpxtpx:hr>
          </gpxtpx:TrackPointExtension>
        </extensions>
      </trkpt>
      <trkpt lat="29.60187108684428" lon="106.31788738583437">
        <ele>251.9873046875</ele>
        <time>2026-09-04T23:10:24Z</time>
        <extensions>
          <gpxtpx:TrackPointExtension>
            <gpxtpx:hr>157</gpxtpx:hr>
          </gpxtpx:TrackPointExtension>
        </extensions>
      </trkpt>
      <trkpt lat="29.601853821031884" lon="106.31808726343972">
        <ele>254.1318359375</ele>
        <time>2026-09-04T23:10:30Z</time>
        <extensions>
          <gpxtpx:TrackPointExtension>
            <gpxtpx:hr>157</gpxtpx:hr>
          </gpxtpx:TrackPointExtension>
        </extensions>
      </trkpt>
      <trkpt lat="29.601865713638166" lon="106.3184007103329">
        <ele>255.57098388671875</ele>
        <time>2026-09-04T23:10:39Z</time>
        <extensions>
          <gpxtpx:TrackPointExtension>
            <gpxtpx:hr>156</gpxtpx:hr>
          </gpxtpx:TrackPointExtension>
        </extensions>
      </trkpt>
      <trkpt lat="29.601866272994663" lon="106.31856823857726">
        <ele>255.05877685546875</ele>
        <time>2026-09-04T23:10:45Z</time>
        <extensions>
          <gpxtpx:TrackPointExtension>
            <gpxtpx:hr>156</gpxtpx:hr>
          </gpxtpx:TrackPointExtension>
        </extensions>
      </trkpt>
      <trkpt lat="29.601886700891292" lon="106.31867463505704">
        <ele>254.698974609375</ele>
        <time>2026-09-04T23:10:48Z</time>
        <extensions>
          <gpxtpx:TrackPointExtension>
            <gpxtpx:hr>156</gpxtpx:hr>
          </gpxtpx:TrackPointExtension>
        </extensions>
      </trkpt>
      <trkpt lat="29.60188636747101" lon="106.3187871667299">
        <ele>254.8468017578125</ele>
        <time>2026-09-04T23:10:51Z</time>
        <extensions>
          <gpxtpx:TrackPointExtension>
            <gpxtpx:hr>156</gpxtpx:hr>
          </gpxtpx:TrackPointExtension>
        </extensions>
      </trkpt>
      <trkpt lat="29.601857009117026" lon="106.31897969325145">
        <ele>254.40185546875</ele>
        <time>2026-09-04T23:10:57Z</time>
        <extensions>
          <gpxtpx:TrackPointExtension>
            <gpxtpx:hr>156</gpxtpx:hr>
          </gpxtpx:TrackPointExtension>
        </extensions>
      </trkpt>
      <trkpt lat="29.601852234155203" lon="106.31916125298262">
        <ele>253.130859375</ele>
        <time>2026-09-04T23:11:03Z</time>
        <extensions>
          <gpxtpx:TrackPointExtension>
            <gpxtpx:hr>156</gpxtpx:hr>
          </gpxtpx:TrackPointExtension>
        </extensions>
      </trkpt>
      <trkpt lat="29.601910801684863" lon="106.31939217874312">
        <ele>249.99163818359375</ele>
        <time>2026-09-04T23:11:12Z</time>
        <extensions>
          <gpxtpx:TrackPointExtension>
            <gpxtpx:hr>155</gpxtpx:hr>
          </gpxtpx:TrackPointExtension>
        </extensions>
      </trkpt>
      <trkpt lat="29.601932459752547" lon="106.31977871415634">
        <ele>250.10076904296875</ele>
        <time>2026-09-04T23:11:24Z</time>
        <extensions>
          <gpxtpx:TrackPointExtension>
            <gpxtpx:hr>154</gpxtpx:hr>
          </gpxtpx:TrackPointExtension>
        </extensions>
      </trkpt>
      <trkpt lat="29.601919053805787" lon="106.3199931844213">
        <ele>253.8641357421875</ele>
        <time>2026-09-04T23:11:30Z</time>
        <extensions>
          <gpxtpx:TrackPointExtension>
            <gpxtpx:hr>154</gpxtpx:hr>
          </gpxtpx:TrackPointExtension>
        </extensions>
      </trkpt>
      <trkpt lat="29.602047176613922" lon="106.31990640410955">
        <ele>252.225830078125</ele>
        <time>2026-09-04T23:11:39Z</time>
        <extensions>
          <gpxtpx:TrackPointExtension>
            <gpxtpx:hr>154</gpxtpx:hr>
          </gpxtpx:TrackPointExtension>
        </extensions>
      </trkpt>
      <trkpt lat="29.60220119811138" lon="106.31987246601174">
        <ele>252.52685546875</ele>
        <time>2026-09-04T23:11:45Z</time>
        <extensions>
          <gpxtpx:TrackPointExtension>
            <gpxtpx:hr>153</gpxtpx:hr>
          </gpxtpx:TrackPointExtension>
        </extensions>
      </trkpt>
      <trkpt lat="29.60227914753182" lon="106.3198864267623">
        <ele>251.62548828125</ele>
        <time>2026-09-04T23:11:48Z</time>
        <extensions>
          <gpxtpx:TrackPointExtension>
            <gpxtpx:hr>152</gpxtpx:hr>
          </gpxtpx:TrackPointExtension>
        </extensions>
      </trkpt>
      <trkpt lat="29.60235720944917" lon="106.3198415330927">
        <ele>254.13531494140625</ele>
        <time>2026-09-04T23:11:51Z</time>
        <extensions>
          <gpxtpx:TrackPointExtension>
            <gpxtpx:hr>152</gpxtpx:hr>
          </gpxtpx:TrackPointExtension>
        </extensions>
      </trkpt>
      <trkpt lat="29.602424417699886" lon="106.31972182509713">
        <ele>252.6961669921875</ele>
        <time>2026-09-04T23:11:57Z</time>
        <extensions>
          <gpxtpx:TrackPointExtension>
            <gpxtpx:hr>151</gpxtpx:hr>
          </gpxtpx:TrackPointExtension>
        </extensions>
      </trkpt>
      <trkpt lat="29.602446543202067" lon="106.31959529660607">
        <ele>250.709228515625</ele>
        <time>2026-09-04T23:12:06Z</time>
        <extensions>
          <gpxtpx:TrackPointExtension>
            <gpxtpx:hr>151</gpxtpx:hr>
          </gpxtpx:TrackPointExtension>
        </extensions>
      </trkpt>
      <trkpt lat="29.602653218619338" lon="106.31953896896917">
        <ele>247.28472900390625</ele>
        <time>2026-09-04T23:12:15Z</time>
        <extensions>
          <gpxtpx:TrackPointExtension>
            <gpxtpx:hr>151</gpxtpx:hr>
          </gpxtpx:TrackPointExtension>
        </extensions>
      </trkpt>
      <trkpt lat="29.602709898095032" lon="106.31949513421277">
        <ele>246.81640625</ele>
        <time>2026-09-04T23:12:18Z</time>
        <extensions>
          <gpxtpx:TrackPointExtension>
            <gpxtpx:hr>151</gpxtpx:hr>
          </gpxtpx:TrackPointExtension>
        </extensions>
      </trkpt>
      <trkpt lat="29.602761093253754" lon="106.31942558121087">
        <ele>248.3958740234375</ele>
        <time>2026-09-04T23:12:21Z</time>
        <extensions>
          <gpxtpx:TrackPointExtension>
            <gpxtpx:hr>150</gpxtpx:hr>
          </gpxtpx:TrackPointExtension>
        </extensions>
      </trkpt>
      <trkpt lat="29.60288439560556" lon="106.31913624453398">
        <ele>251.45660400390625</ele>
        <time>2026-09-04T23:12:30Z</time>
        <extensions>
          <gpxtpx:TrackPointExtension>
            <gpxtpx:hr>152</gpxtpx:hr>
          </gpxtpx:TrackPointExtension>
        </extensions>
      </trkpt>
      <trkpt lat="29.602987589655637" lon="106.31893301841515">
        <ele>244.50384521484375</ele>
        <time>2026-09-04T23:12:39Z</time>
        <extensions>
          <gpxtpx:TrackPointExtension>
            <gpxtpx:hr>151</gpxtpx:hr>
          </gpxtpx:TrackPointExtension>
        </extensions>
      </trkpt>
      <trkpt lat="29.602942895053083" lon="106.3186042178108">
        <ele>239.0362548828125</ele>
        <time>2026-09-04T23:12:48Z</time>
        <extensions>
          <gpxtpx:TrackPointExtension>
            <gpxtpx:hr>151</gpxtpx:hr>
          </gpxtpx:TrackPointExtension>
        </extensions>
      </trkpt>
      <trkpt lat="29.6029407176268" lon="106.3184903863845">
        <ele>239.33380126953125</ele>
        <time>2026-09-04T23:12:51Z</time>
        <extensions>
          <gpxtpx:TrackPointExtension>
            <gpxtpx:hr>152</gpxtpx:hr>
          </gpxtpx:TrackPointExtension>
        </extensions>
      </trkpt>
      <trkpt lat="29.602913801644593" lon="106.31837860832407">
        <ele>240.83087158203125</ele>
        <time>2026-09-04T23:12:54Z</time>
        <extensions>
          <gpxtpx:TrackPointExtension>
            <gpxtpx:hr>151</gpxtpx:hr>
          </gpxtpx:TrackPointExtension>
        </extensions>
      </trkpt>
      <trkpt lat="29.602948422766257" lon="106.31806288846774">
        <ele>247.9034423828125</ele>
        <time>2026-09-04T23:13:03Z</time>
        <extensions>
          <gpxtpx:TrackPointExtension>
            <gpxtpx:hr>152</gpxtpx:hr>
          </gpxtpx:TrackPointExtension>
        </extensions>
      </trkpt>
      <trkpt lat="29.602925600421962" lon="106.31794322851592">
        <ele>250.3848876953125</ele>
        <time>2026-09-04T23:13:06Z</time>
        <extensions>
          <gpxtpx:TrackPointExtension>
            <gpxtpx:hr>152</gpxtpx:hr>
          </gpxtpx:TrackPointExtension>
        </extensions>
      </trkpt>
      <trkpt lat="29.602929097061207" lon="106.31771175428037">
        <ele>251.23876953125</ele>
        <time>2026-09-04T23:13:12Z</time>
        <extensions>
          <gpxtpx:TrackPointExtension>
            <gpxtpx:hr>153</gpxtpx:hr>
          </gpxtpx:TrackPointExtension>
        </extensions>
      </trkpt>
      <trkpt lat="29.602953292721452" lon="106.31760501549309">
        <ele>253.19921875</ele>
        <time>2026-09-04T23:13:15Z</time>
        <extensions>
          <gpxtpx:TrackPointExtension>
            <gpxtpx:hr>153</gpxtpx:hr>
          </gpxtpx:TrackPointExtension>
        </extensions>
      </trkpt>
      <trkpt lat="29.602956039048824" lon="106.31721198187027">
        <ele>252.63818359375</ele>
        <time>2026-09-04T23:13:27Z</time>
        <extensions>
          <gpxtpx:TrackPointExtension>
            <gpxtpx:hr>153</gpxtpx:hr>
          </gpxtpx:TrackPointExtension>
        </extensions>
      </trkpt>
      <trkpt lat="29.602928449155797" lon="106.31700050314785">
        <ele>249.6923828125</ele>
        <time>2026-09-04T23:13:33Z</time>
        <extensions>
          <gpxtpx:TrackPointExtension>
            <gpxtpx:hr>153</gpxtpx:hr>
          </gpxtpx:TrackPointExtension>
        </extensions>
      </trkpt>
      <trkpt lat="29.602944703630545" lon="106.31686383778326">
        <ele>247.40374755859375</ele>
        <time>2026-09-04T23:13:39Z</time>
        <extensions>
          <gpxtpx:TrackPointExtension>
            <gpxtpx:hr>154</gpxtpx:hr>
          </gpxtpx:TrackPointExtension>
        </extensions>
      </trkpt>
      <trkpt lat="29.602895504869405" lon="106.31648499060441">
        <ele>256.89373779296875</ele>
        <time>2026-09-04T23:13:48Z</time>
        <extensions>
          <gpxtpx:TrackPointExtension>
            <gpxtpx:hr>155</gpxtpx:hr>
          </gpxtpx:TrackPointExtension>
        </extensions>
      </trkpt>
      <trkpt lat="29.602850553550862" lon="106.31643090571355">
        <ele>259.73309326171875</ele>
        <time>2026-09-04T23:13:51Z</time>
        <extensions>
          <gpxtpx:TrackPointExtension>
            <gpxtpx:hr>155</gpxtpx:hr>
          </gpxtpx:TrackPointExtension>
        </extensions>
      </trkpt>
      <trkpt lat="29.602702674381636" lon="106.31639101245324">
        <ele>255.2930908203125</ele>
        <time>2026-09-04T23:13:57Z</time>
        <extensions>
          <gpxtpx:TrackPointExtension>
            <gpxtpx:hr>154</gpxtpx:hr>
          </gpxtpx:TrackPointExtension>
        </extensions>
      </trkpt>
      <trkpt lat="29.602634674381427" lon="106.31640198964753">
        <ele>254.35491943359375</ele>
        <time>2026-09-04T23:14:00Z</time>
        <extensions>
          <gpxtpx:TrackPointExtension>
            <gpxtpx:hr>154</gpxtpx:hr>
          </gpxtpx:TrackPointExtension>
        </extensions>
      </trkpt>
      <trkpt lat="29.6025414249268" lon="106.31654863566355">
        <ele>252.5999755859375</ele>
        <time>2026-09-04T23:14:06Z</time>
        <extensions>
          <gpxtpx:TrackPointExtension>
            <gpxtpx:hr>156</gpxtpx:hr>
          </gpxtpx:TrackPointExtension>
        </extensions>
      </trkpt>
      <trkpt lat="29.602530907765026" lon="106.31682296312854">
        <ele>253.70843505859375</ele>
        <time>2026-09-04T23:14:15Z</time>
        <extensions>
          <gpxtpx:TrackPointExtension>
            <gpxtpx:hr>156</gpxtpx:hr>
          </gpxtpx:TrackPointExtension>
        </extensions>
      </trkpt>
      <trkpt lat="29.60259556228639" lon="106.31699453790836">
        <ele>248.18310546875</ele>
        <time>2026-09-04T23:14:21Z</time>
        <extensions>
          <gpxtpx:TrackPointExtension>
            <gpxtpx:hr>156</gpxtpx:hr>
          </gpxtpx:TrackPointExtension>
        </extensions>
      </trkpt>
      <trkpt lat="29.602598209481606" lon="106.31713623327533">
        <ele>246.8759765625</ele>
        <time>2026-09-04T23:14:27Z</time>
        <extensions>
          <gpxtpx:TrackPointExtension>
            <gpxtpx:hr>156</gpxtpx:hr>
          </gpxtpx:TrackPointExtension>
        </extensions>
      </trkpt>
      <trkpt lat="29.602528993323276" lon="106.31730477956087">
        <ele>244.1087646484375</ele>
        <time>2026-09-04T23:14:33Z</time>
        <extensions>
          <gpxtpx:TrackPointExtension>
            <gpxtpx:hr>157</gpxtpx:hr>
          </gpxtpx:TrackPointExtension>
        </extensions>
      </trkpt>
      <trkpt lat="29.60234081390719" lon="106.3174294842947">
        <ele>244.99322509765625</ele>
        <time>2026-09-04T23:14:39Z</time>
        <extensions>
          <gpxtpx:TrackPointExtension>
            <gpxtpx:hr>157</gpxtpx:hr>
          </gpxtpx:TrackPointExtension>
        </extensions>
      </trkpt>
      <trkpt lat="29.602104715532864" lon="106.31751927770038">
        <ele>249.9830322265625</ele>
        <time>2026-09-04T23:14:48Z</time>
        <extensions>
          <gpxtpx:TrackPointExtension>
            <gpxtpx:hr>157</gpxtpx:hr>
          </gpxtpx:TrackPointExtension>
        </extensions>
      </trkpt>
      <trkpt lat="29.6020447358157" lon="106.31751828376926">
        <ele>252.7569580078125</ele>
        <time>2026-09-04T23:14:51Z</time>
        <extensions>
          <gpxtpx:TrackPointExtension>
            <gpxtpx:hr>158</gpxtpx:hr>
          </gpxtpx:TrackPointExtension>
        </extensions>
      </trkpt>
      <trkpt lat="29.601904116586702" lon="106.31786643542557">
        <ele>254.3271484375</ele>
        <time>2026-09-04T23:15:03Z</time>
        <extensions>
          <gpxtpx:TrackPointExtension>
            <gpxtpx:hr>158</gpxtpx:hr>
          </gpxtpx:TrackPointExtension>
        </extensions>
      </trkpt>
      <trkpt lat="29.60188892754869" lon="106.3179681857722">
        <ele>255.04608154296875</ele>
        <time>2026-09-04T23:15:06Z</time>
        <extensions>
          <gpxtpx:TrackPointExtension>
            <gpxtpx:hr>158</gpxtpx:hr>
          </gpxtpx:TrackPointExtension>
        </extensions>
      </trkpt>
      <trkpt lat="29.601865098311038" lon="106.31833327284497">
        <ele>256.363525390625</ele>
        <time>2026-09-04T23:15:18Z</time>
        <extensions>
          <gpxtpx:TrackPointExtension>
            <gpxtpx:hr>152</gpxtpx:hr>
          </gpxtpx:TrackPointExtension>
        </extensions>
      </trkpt>
      <trkpt lat="29.601877634627332" lon="106.31864850940262">
        <ele>253.92626953125</ele>
        <time>2026-09-04T23:15:27Z</time>
        <extensions>
          <gpxtpx:TrackPointExtension>
            <gpxtpx:hr>152</gpxtpx:hr>
          </gpxtpx:TrackPointExtension>
        </extensions>
      </trkpt>
      <trkpt lat="29.601864037421475" lon="106.31896373223441">
        <ele>251.8282470703125</ele>
        <time>2026-09-04T23:15:36Z</time>
        <extensions>
          <gpxtpx:TrackPointExtension>
            <gpxtpx:hr>154</gpxtpx:hr>
          </gpxtpx:TrackPointExtension>
        </extensions>
      </trkpt>
      <trkpt lat="29.601849674326438" lon="106.31915625766197">
        <ele>252.5130615234375</ele>
        <time>2026-09-04T23:15:42Z</time>
        <extensions>
          <gpxtpx:TrackPointExtension>
            <gpxtpx:hr>154</gpxtpx:hr>
          </gpxtpx:TrackPointExtension>
        </extensions>
      </trkpt>
      <trkpt lat="29.60192711142982" lon="106.31943855548396">
        <ele>250.66326904296875</ele>
        <time>2026-09-04T23:15:51Z</time>
        <extensions>
          <gpxtpx:TrackPointExtension>
            <gpxtpx:hr>153</gpxtpx:hr>
          </gpxtpx:TrackPointExtension>
        </extensions>
      </trkpt>
      <trkpt lat="29.60191640174884" lon="106.31981163370709">
        <ele>249.834228515625</ele>
        <time>2026-09-04T23:16:03Z</time>
        <extensions>
          <gpxtpx:TrackPointExtension>
            <gpxtpx:hr>153</gpxtpx:hr>
          </gpxtpx:TrackPointExtension>
        </extensions>
      </trkpt>
      <trkpt lat="29.601911054351795" lon="106.31999418243576">
        <ele>251.683837890625</ele>
        <time>2026-09-04T23:16:09Z</time>
        <extensions>
          <gpxtpx:TrackPointExtension>
            <gpxtpx:hr>153</gpxtpx:hr>
          </gpxtpx:TrackPointExtension>
        </extensions>
      </trkpt>
      <trkpt lat="29.601976076377003" lon="106.31997223281118">
        <ele>252.12176513671875</ele>
        <time>2026-09-04T23:16:12Z</time>
        <extensions>
          <gpxtpx:TrackPointExtension>
            <gpxtpx:hr>153</gpxtpx:hr>
          </gpxtpx:TrackPointExtension>
        </extensions>
      </trkpt>
      <trkpt lat="29.602040184518536" lon="106.31990539429272">
        <ele>254.1365966796875</ele>
        <time>2026-09-04T23:16:15Z</time>
        <extensions>
          <gpxtpx:TrackPointExtension>
            <gpxtpx:hr>153</gpxtpx:hr>
          </gpxtpx:TrackPointExtension>
        </extensions>
      </trkpt>
      <trkpt lat="29.602378138197963" lon="106.31987544793412">
        <ele>257.2012939453125</ele>
        <time>2026-09-04T23:16:27Z</time>
        <extensions>
          <gpxtpx:TrackPointExtension>
            <gpxtpx:hr>149</gpxtpx:hr>
          </gpxtpx:TrackPointExtension>
        </extensions>
      </trkpt>
      <trkpt lat="29.602455318623672" lon="106.31976870728478">
        <ele>256.8602294921875</ele>
        <time>2026-09-04T23:16:30Z</time>
        <extensions>
          <gpxtpx:TrackPointExtension>
            <gpxtpx:hr>149</gpxtpx:hr>
          </gpxtpx:TrackPointExtension>
        </extensions>
      </trkpt>
      <trkpt lat="29.602456646141732" lon="106.319597131473">
        <ele>253.613525390625</ele>
        <time>2026-09-04T23:16:36Z</time>
        <extensions>
          <gpxtpx:TrackPointExtension>
            <gpxtpx:hr>148</gpxtpx:hr>
          </gpxtpx:TrackPointExtension>
        </extensions>
      </trkpt>
      <trkpt lat="29.60251984705704" lon="106.31956729993671">
        <ele>248.2147216796875</ele>
        <time>2026-09-04T23:16:45Z</time>
        <extensions>
          <gpxtpx:TrackPointExtension>
            <gpxtpx:hr>148</gpxtpx:hr>
          </gpxtpx:TrackPointExtension>
        </extensions>
      </trkpt>
      <trkpt lat="29.602645675020028" lon="106.31956205284023">
        <ele>237.1175537109375</ele>
        <time>2026-09-04T23:16:51Z</time>
        <extensions>
          <gpxtpx:TrackPointExtension>
            <gpxtpx:hr>148</gpxtpx:hr>
          </gpxtpx:TrackPointExtension>
        </extensions>
      </trkpt>
      <trkpt lat="29.602693876488917" lon="106.31947381342101">
        <ele>235.3668212890625</ele>
        <time>2026-09-04T23:16:54Z</time>
        <extensions>
          <gpxtpx:TrackPointExtension>
            <gpxtpx:hr>148</gpxtpx:hr>
          </gpxtpx:TrackPointExtension>
        </extensions>
      </trkpt>
      <trkpt lat="29.602765119729536" lon="106.31925208963223">
        <ele>239.9580078125</ele>
        <time>2026-09-04T23:17:00Z</time>
        <extensions>
          <gpxtpx:TrackPointExtension>
            <gpxtpx:hr>149</gpxtpx:hr>
          </gpxtpx:TrackPointExtension>
        </extensions>
      </trkpt>
      <trkpt lat="29.60292770795678" lon="106.31895253385075">
        <ele>239.3941650390625</ele>
        <time>2026-09-04T23:17:09Z</time>
        <extensions>
          <gpxtpx:TrackPointExtension>
            <gpxtpx:hr>153</gpxtpx:hr>
          </gpxtpx:TrackPointExtension>
        </extensions>
      </trkpt>
      <trkpt lat="29.602956150190604" lon="106.31888328597518">
        <ele>238.5772705078125</ele>
        <time>2026-09-04T23:17:12Z</time>
        <extensions>
          <gpxtpx:TrackPointExtension>
            <gpxtpx:hr>152</gpxtpx:hr>
          </gpxtpx:TrackPointExtension>
        </extensions>
      </trkpt>
      <trkpt lat="29.602971917377975" lon="106.31875590704364">
        <ele>236.3453369140625</ele>
        <time>2026-09-04T23:17:15Z</time>
        <extensions>
          <gpxtpx:TrackPointExtension>
            <gpxtpx:hr>153</gpxtpx:hr>
          </gpxtpx:TrackPointExtension>
        </extensions>
      </trkpt>
      <trkpt lat="29.60286952733004" lon="106.31840588616141">
        <ele>241.66046142578125</ele>
        <time>2026-09-04T23:17:21Z</time>
        <extensions>
          <gpxtpx:TrackPointExtension>
            <gpxtpx:hr>154</gpxtpx:hr>
          </gpxtpx:TrackPointExtension>
        </extensions>
      </trkpt>
      <trkpt lat="29.60282796118942" lon="106.31828280463371">
        <ele>248.83135986328125</ele>
        <time>2026-09-04T23:17:24Z</time>
        <extensions>
          <gpxtpx:TrackPointExtension>
            <gpxtpx:hr>154</gpxtpx:hr>
          </gpxtpx:TrackPointExtension>
        </extensions>
      </trkpt>
      <trkpt lat="29.602843496200823" lon="106.318202446487">
        <ele>251.9703369140625</ele>
        <time>2026-09-04T23:17:27Z</time>
        <extensions>
          <gpxtpx:TrackPointExtension>
            <gpxtpx:hr>155</gpxtpx:hr>
          </gpxtpx:TrackPointExtension>
        </extensions>
      </trkpt>
      <trkpt lat="29.60290742959077" lon="106.31806588356645">
        <ele>248.05072021484375</ele>
        <time>2026-09-04T23:17:33Z</time>
        <extensions>
          <gpxtpx:TrackPointExtension>
            <gpxtpx:hr>155</gpxtpx:hr>
          </gpxtpx:TrackPointExtension>
        </extensions>
      </trkpt>
      <trkpt lat="29.60295402491258" lon="106.31774566929614">
        <ele>250.3253173828125</ele>
        <time>2026-09-04T23:17:42Z</time>
        <extensions>
          <gpxtpx:TrackPointExtension>
            <gpxtpx:hr>155</gpxtpx:hr>
          </gpxtpx:TrackPointExtension>
        </extensions>
      </trkpt>
      <trkpt lat="29.602987392346204" lon="106.31754715578798">
        <ele>251.78399658203125</ele>
        <time>2026-09-04T23:17:48Z</time>
        <extensions>
          <gpxtpx:TrackPointExtension>
            <gpxtpx:hr>156</gpxtpx:hr>
          </gpxtpx:TrackPointExtension>
        </extensions>
      </trkpt>
      <trkpt lat="29.602947020955042" lon="106.3172229554438">
        <ele>253.1290283203125</ele>
        <time>2026-09-04T23:17:57Z</time>
        <extensions>
          <gpxtpx:TrackPointExtension>
            <gpxtpx:hr>158</gpxtpx:hr>
          </gpxtpx:TrackPointExtension>
        </extensions>
      </trkpt>
      <trkpt lat="29.60295765612563" lon="106.31688678066836">
        <ele>244.63873291015625</ele>
        <time>2026-09-04T23:18:09Z</time>
        <extensions>
          <gpxtpx:TrackPointExtension>
            <gpxtpx:hr>161</gpxtpx:hr>
          </gpxtpx:TrackPointExtension>
        </extensions>
      </trkpt>
      <trkpt lat="29.602990805031" lon="106.31680298439515">
        <ele>239.91827392578125</ele>
        <time>2026-09-04T23:18:12Z</time>
        <extensions>
          <gpxtpx:TrackPointExtension>
            <gpxtpx:hr>160</gpxtpx:hr>
          </gpxtpx:TrackPointExtension>
        </extensions>
      </trkpt>
      <trkpt lat="29.602984313023672" lon="106.3166831779978">
        <ele>241.10064697265625</ele>
        <time>2026-09-04T23:18:15Z</time>
        <extensions>
          <gpxtpx:TrackPointExtension>
            <gpxtpx:hr>161</gpxtpx:hr>
          </gpxtpx:TrackPointExtension>
        </extensions>
      </trkpt>
      <trkpt lat="29.602890921912646" lon="106.31654948272065">
        <ele>245.3232421875</ele>
        <time>2026-09-04T23:18:21Z</time>
        <extensions>
          <gpxtpx:TrackPointExtension>
            <gpxtpx:hr>161</gpxtpx:hr>
          </gpxtpx:TrackPointExtension>
        </extensions>
      </trkpt>
      <trkpt lat="29.602779531769205" lon="106.31645385373373">
        <ele>249.45306396484375</ele>
        <time>2026-09-04T23:18:24Z</time>
        <extensions>
          <gpxtpx:TrackPointExtension>
            <gpxtpx:hr>161</gpxtpx:hr>
          </gpxtpx:TrackPointExtension>
        </extensions>
      </trkpt>
      <trkpt lat="29.60269058165524" lon="106.31644188844521">
        <ele>251.0946044921875</ele>
        <time>2026-09-04T23:18:27Z</time>
        <extensions>
          <gpxtpx:TrackPointExtension>
            <gpxtpx:hr>162</gpxtpx:hr>
          </gpxtpx:TrackPointExtension>
        </extensions>
      </trkpt>
      <trkpt lat="29.60261553842379" lon="106.31647680735095">
        <ele>251.7979736328125</ele>
        <time>2026-09-04T23:18:30Z</time>
        <extensions>
          <gpxtpx:TrackPointExtension>
            <gpxtpx:hr>163</gpxtpx:hr>
          </gpxtpx:TrackPointExtension>
        </extensions>
      </trkpt>
      <trkpt lat="29.602557427596402" lon="106.31654464448673">
        <ele>252.67572021484375</ele>
        <time>2026-09-04T23:18:33Z</time>
        <extensions>
          <gpxtpx:TrackPointExtension>
            <gpxtpx:hr>164</gpxtpx:hr>
          </gpxtpx:TrackPointExtension>
        </extensions>
      </trkpt>
      <trkpt lat="29.602535267905793" lon="106.31663243047299">
        <ele>252.87371826171875</ele>
        <time>2026-09-04T23:18:36Z</time>
        <extensions>
          <gpxtpx:TrackPointExtension>
            <gpxtpx:hr>164</gpxtpx:hr>
          </gpxtpx:TrackPointExtension>
        </extensions>
      </trkpt>
      <trkpt lat="29.60257077818306" lon="106.31688480887867">
        <ele>249.4222412109375</ele>
        <time>2026-09-04T23:18:45Z</time>
        <extensions>
          <gpxtpx:TrackPointExtension>
            <gpxtpx:hr>165</gpxtpx:hr>
          </gpxtpx:TrackPointExtension>
        </extensions>
      </trkpt>
      <trkpt lat="29.602609070749377" lon="106.31704940122621">
        <ele>247.76800537109375</ele>
        <time>2026-09-04T23:18:51Z</time>
        <extensions>
          <gpxtpx:TrackPointExtension>
            <gpxtpx:hr>165</gpxtpx:hr>
          </gpxtpx:TrackPointExtension>
        </extensions>
      </trkpt>
      <trkpt lat="29.602588109825025" lon="106.3172339501025">
        <ele>246.976806640625</ele>
        <time>2026-09-04T23:18:57Z</time>
        <extensions>
          <gpxtpx:TrackPointExtension>
            <gpxtpx:hr>165</gpxtpx:hr>
          </gpxtpx:TrackPointExtension>
        </extensions>
      </trkpt>
      <trkpt lat="29.602439813940844" lon="106.31741351757994">
        <ele>246.79705810546875</ele>
        <time>2026-09-04T23:19:03Z</time>
        <extensions>
          <gpxtpx:TrackPointExtension>
            <gpxtpx:hr>166</gpxtpx:hr>
          </gpxtpx:TrackPointExtension>
        </extensions>
      </trkpt>
      <trkpt lat="29.602341728280244" lon="106.31747437383456">
        <ele>246.7711181640625</ele>
        <time>2026-09-04T23:19:06Z</time>
        <extensions>
          <gpxtpx:TrackPointExtension>
            <gpxtpx:hr>165</gpxtpx:hr>
          </gpxtpx:TrackPointExtension>
        </extensions>
      </trkpt>
      <trkpt lat="29.602126777058324" lon="106.31748336470685">
        <ele>249.1512451171875</ele>
        <time>2026-09-04T23:19:15Z</time>
        <extensions>
          <gpxtpx:TrackPointExtension>
            <gpxtpx:hr>164</gpxtpx:hr>
          </gpxtpx:TrackPointExtension>
        </extensions>
      </trkpt>
      <trkpt lat="29.602012547468966" lon="106.31753750348169">
        <ele>249.650390625</ele>
        <time>2026-09-04T23:19:21Z</time>
        <extensions>
          <gpxtpx:TrackPointExtension>
            <gpxtpx:hr>165</gpxtpx:hr>
          </gpxtpx:TrackPointExtension>
        </extensions>
      </trkpt>
      <trkpt lat="29.601967516639938" lon="106.31764597426915">
        <ele>254.43707275390625</ele>
        <time>2026-09-04T23:19:24Z</time>
        <extensions>
          <gpxtpx:TrackPointExtension>
            <gpxtpx:hr>166</gpxtpx:hr>
          </gpxtpx:TrackPointExtension>
        </extensions>
      </trkpt>
      <trkpt lat="29.60194629919222" lon="106.3177636858395">
        <ele>255.01019287109375</ele>
        <time>2026-09-04T23:19:27Z</time>
        <extensions>
          <gpxtpx:TrackPointExtension>
            <gpxtpx:hr>167</gpxtpx:hr>
          </gpxtpx:TrackPointExtension>
        </extensions>
      </trkpt>
      <trkpt lat="29.601899110527278" lon="106.31787042590237">
        <ele>253.95257568359375</ele>
        <time>2026-09-04T23:19:30Z</time>
        <extensions>
          <gpxtpx:TrackPointExtension>
            <gpxtpx:hr>167</gpxtpx:hr>
          </gpxtpx:TrackPointExtension>
        </extensions>
      </trkpt>
      <trkpt lat="29.60187154153478" lon="106.3181736805658">
        <ele>252.07080078125</ele>
        <time>2026-09-04T23:19:39Z</time>
        <extensions>
          <gpxtpx:TrackPointExtension>
            <gpxtpx:hr>168</gpxtpx:hr>
          </gpxtpx:TrackPointExtension>
        </extensions>
      </trkpt>
      <trkpt lat="29.601862835092682" lon="106.31854576375498">
        <ele>251.0703125</ele>
        <time>2026-09-04T23:19:51Z</time>
        <extensions>
          <gpxtpx:TrackPointExtension>
            <gpxtpx:hr>168</gpxtpx:hr>
          </gpxtpx:TrackPointExtension>
        </extensions>
      </trkpt>
      <trkpt lat="29.601871183709665" lon="106.31888592389122">
        <ele>247.97265625</ele>
        <time>2026-09-04T23:20:00Z</time>
        <extensions>
          <gpxtpx:TrackPointExtension>
            <gpxtpx:hr>168</gpxtpx:hr>
          </gpxtpx:TrackPointExtension>
        </extensions>
      </trkpt>
      <trkpt lat="29.601878618665587" lon="106.31919862671889">
        <ele>249.794677734375</ele>
        <time>2026-09-04T23:20:09Z</time>
        <extensions>
          <gpxtpx:TrackPointExtension>
            <gpxtpx:hr>168</gpxtpx:hr>
          </gpxtpx:TrackPointExtension>
        </extensions>
      </trkpt>
      <trkpt lat="29.601926042394435" lon="106.31944565493372">
        <ele>247.0889892578125</ele>
        <time>2026-09-04T23:20:18Z</time>
        <extensions>
          <gpxtpx:TrackPointExtension>
            <gpxtpx:hr>167</gpxtpx:hr>
          </gpxtpx:TrackPointExtension>
        </extensions>
      </trkpt>
      <trkpt lat="29.60193352785635" lon="106.31975275237183">
        <ele>248.18731689453125</ele>
        <time>2026-09-04T23:20:27Z</time>
        <extensions>
          <gpxtpx:TrackPointExtension>
            <gpxtpx:hr>168</gpxtpx:hr>
          </gpxtpx:TrackPointExtension>
        </extensions>
      </trkpt>
      <trkpt lat="29.601904098452152" lon="106.31997223715375">
        <ele>251.375732421875</ele>
        <time>2026-09-04T23:20:33Z</time>
        <extensions>
          <gpxtpx:TrackPointExtension>
            <gpxtpx:hr>167</gpxtpx:hr>
          </gpxtpx:TrackPointExtension>
        </extensions>
      </trkpt>
      <trkpt lat="29.60193800411761" lon="106.32001612650924">
        <ele>253.12890625</ele>
        <time>2026-09-04T23:20:36Z</time>
        <extensions>
          <gpxtpx:TrackPointExtension>
            <gpxtpx:hr>167</gpxtpx:hr>
          </gpxtpx:TrackPointExtension>
        </extensions>
      </trkpt>
      <trkpt lat="29.601997113798745" lon="106.319949288306">
        <ele>253.3841552734375</ele>
        <time>2026-09-04T23:20:39Z</time>
        <extensions>
          <gpxtpx:TrackPointExtension>
            <gpxtpx:hr>168</gpxtpx:hr>
          </gpxtpx:TrackPointExtension>
        </extensions>
      </trkpt>
      <trkpt lat="29.60224780041683" lon="106.31985435232151">
        <ele>260.597900390625</ele>
        <time>2026-09-04T23:20:48Z</time>
        <extensions>
          <gpxtpx:TrackPointExtension>
            <gpxtpx:hr>167</gpxtpx:hr>
          </gpxtpx:TrackPointExtension>
        </extensions>
      </trkpt>
      <trkpt lat="29.60237815154429" lon="106.31986846520647">
        <ele>260.3485107421875</ele>
        <time>2026-09-04T23:20:51Z</time>
        <extensions>
          <gpxtpx:TrackPointExtension>
            <gpxtpx:hr>167</gpxtpx:hr>
          </gpxtpx:TrackPointExtension>
        </extensions>
      </trkpt>
      <trkpt lat="29.60244325938705" lon="106.31980162659545">
        <ele>258.202880859375</ele>
        <time>2026-09-04T23:20:54Z</time>
        <extensions>
          <gpxtpx:TrackPointExtension>
            <gpxtpx:hr>168</gpxtpx:hr>
          </gpxtpx:TrackPointExtension>
        </extensions>
      </trkpt>
      <trkpt lat="29.602452420568405" lon="106.31971583820894">
        <ele>253.9583740234375</ele>
        <time>2026-09-04T23:20:57Z</time>
        <extensions>
          <gpxtpx:TrackPointExtension>
            <gpxtpx:hr>167</gpxtpx:hr>
          </gpxtpx:TrackPointExtension>
        </extensions>
      </trkpt>
      <trkpt lat="29.60242576498911" lon="106.31956127075088">
        <ele>256.090576171875</ele>
        <time>2026-09-04T23:21:00Z</time>
        <extensions>
          <gpxtpx:TrackPointExtension>
            <gpxtpx:hr>167</gpxtpx:hr>
          </gpxtpx:TrackPointExtension>
        </extensions>
      </trkpt>
      <trkpt lat="29.602506771852028" lon="106.31952331093811">
        <ele>257.1217041015625</ele>
        <time>2026-09-04T23:21:09Z</time>
        <extensions>
          <gpxtpx:TrackPointExtension>
            <gpxtpx:hr>166</gpxtpx:hr>
          </gpxtpx:TrackPointExtension>
        </extensions>
      </trkpt>
      <trkpt lat="29.602648004053012" lon="106.31953027865445">
        <ele>248.00067138671875</ele>
        <time>2026-09-04T23:21:15Z</time>
        <extensions>
          <gpxtpx:TrackPointExtension>
            <gpxtpx:hr>167</gpxtpx:hr>
          </gpxtpx:TrackPointExtension>
        </extensions>
      </trkpt>
      <trkpt lat="29.60270733132235" lon="106.31947924527871">
        <ele>246.605712890625</ele>
        <time>2026-09-04T23:21:18Z</time>
        <extensions>
          <gpxtpx:TrackPointExtension>
            <gpxtpx:hr>167</gpxtpx:hr>
          </gpxtpx:TrackPointExtension>
        </extensions>
      </trkpt>
      <trkpt lat="29.602849351083325" lon="106.31916517519353">
        <ele>246.90625</ele>
        <time>2026-09-04T23:21:27Z</time>
        <extensions>
          <gpxtpx:TrackPointExtension>
            <gpxtpx:hr>167</gpxtpx:hr>
          </gpxtpx:TrackPointExtension>
        </extensions>
      </trkpt>
      <trkpt lat="29.60287957607977" lon="106.31904247640315">
        <ele>250.3255615234375</ele>
        <time>2026-09-04T23:21:30Z</time>
        <extensions>
          <gpxtpx:TrackPointExtension>
            <gpxtpx:hr>168</gpxtpx:hr>
          </gpxtpx:TrackPointExtension>
        </extensions>
      </trkpt>
      <trkpt lat="29.602886775689463" lon="106.31893673705237">
        <ele>250.17181396484375</ele>
        <time>2026-09-04T23:21:33Z</time>
        <extensions>
          <gpxtpx:TrackPointExtension>
            <gpxtpx:hr>168</gpxtpx:hr>
          </gpxtpx:TrackPointExtension>
        </extensions>
      </trkpt>
      <trkpt lat="29.6029430934597" lon="106.31876116701409">
        <ele>249.93310546875</ele>
        <time>2026-09-04T23:21:39Z</time>
        <extensions>
          <gpxtpx:TrackPointExtension>
            <gpxtpx:hr>167</gpxtpx:hr>
          </gpxtpx:TrackPointExtension>
        </extensions>
      </trkpt>
      <trkpt lat="29.60290062766465" lon="106.3184878438785">
        <ele>247.47784423828125</ele>
        <time>2026-09-04T23:21:48Z</time>
        <extensions>
          <gpxtpx:TrackPointExtension>
            <gpxtpx:hr>165</gpxtpx:hr>
          </gpxtpx:TrackPointExtension>
        </extensions>
      </trkpt>
      <trkpt lat="29.602909172552295" lon="106.31820055163561">
        <ele>252.32537841796875</ele>
        <time>2026-09-04T23:21:57Z</time>
        <extensions>
          <gpxtpx:TrackPointExtension>
            <gpxtpx:hr>164</gpxtpx:hr>
          </gpxtpx:TrackPointExtension>
        </extensions>
      </trkpt>
      <trkpt lat="29.602955807948447" lon="106.31785938922374">
        <ele>253.26593017578125</ele>
        <time>2026-09-04T23:22:09Z</time>
        <extensions>
          <gpxtpx:TrackPointExtension>
            <gpxtpx:hr>164</gpxtpx:hr>
          </gpxtpx:TrackPointExtension>
        </extensions>
      </trkpt>
      <trkpt lat="29.602954432766822" lon="106.31753119703954">
        <ele>250.55889892578125</ele>
        <time>2026-09-04T23:22:18Z</time>
        <extensions>
          <gpxtpx:TrackPointExtension>
            <gpxtpx:hr>161</gpxtpx:hr>
          </gpxtpx:TrackPointExtension>
        </extensions>
      </trkpt>
      <trkpt lat="29.602958774713926" lon="106.3173506408403">
        <ele>252.31451416015625</ele>
        <time>2026-09-04T23:22:24Z</time>
        <extensions>
          <gpxtpx:TrackPointExtension>
            <gpxtpx:hr>160</gpxtpx:hr>
          </gpxtpx:TrackPointExtension>
        </extensions>
      </trkpt>
      <trkpt lat="29.602929999619402" lon="106.31723692214294">
        <ele>252.81622314453125</ele>
        <time>2026-09-04T23:22:27Z</time>
        <extensions>
          <gpxtpx:TrackPointExtension>
            <gpxtpx:hr>160</gpxtpx:hr>
          </gpxtpx:TrackPointExtension>
        </extensions>
      </trkpt>
      <trkpt lat="29.602952659545423" lon="106.31688578341884">
        <ele>247.784423828125</ele>
        <time>2026-09-04T23:22:39Z</time>
        <extensions>
          <gpxtpx:TrackPointExtension>
            <gpxtpx:hr>156</gpxtpx:hr>
          </gpxtpx:TrackPointExtension>
        </extensions>
      </trkpt>
      <trkpt lat="29.60301094462215" lon="106.31672617171589">
        <ele>242.60845947265625</ele>
        <time>2026-09-04T23:22:45Z</time>
        <extensions>
          <gpxtpx:TrackPointExtension>
            <gpxtpx:hr>153</gpxtpx:hr>
          </gpxtpx:TrackPointExtension>
        </extensions>
      </trkpt>
      <trkpt lat="29.602993241982734" lon="106.31662055803703">
        <ele>245.9918212890625</ele>
        <time>2026-09-04T23:22:48Z</time>
        <extensions>
          <gpxtpx:TrackPointExtension>
            <gpxtpx:hr>152</gpxtpx:hr>
          </gpxtpx:TrackPointExtension>
        </extensions>
      </trkpt>
      <trkpt lat="29.602904385821216" lon="106.31651070677093">
        <ele>252.47674560546875</ele>
        <time>2026-09-04T23:22:51Z</time>
        <extensions>
          <gpxtpx:TrackPointExtension>
            <gpxtpx:hr>152</gpxtpx:hr>
          </gpxtpx:TrackPointExtension>
        </extensions>
      </trkpt>
      <trkpt lat="29.602799571023525" lon="106.31642991123086">
        <ele>253.36468505859375</ele>
        <time>2026-09-04T23:22:54Z</time>
        <extensions>
          <gpxtpx:TrackPointExtension>
            <gpxtpx:hr>152</gpxtpx:hr>
          </gpxtpx:TrackPointExtension>
        </extensions>
      </trkpt>
      <trkpt lat="29.60271465370381" lon="106.31639998972071">
        <ele>253.6124267578125</ele>
        <time>2026-09-04T23:22:57Z</time>
        <extensions>
          <gpxtpx:TrackPointExtension>
            <gpxtpx:hr>152</gpxtpx:hr>
          </gpxtpx:TrackPointExtension>
        </extensions>
      </trkpt>
      <trkpt lat="29.602586524606277" lon="106.31648877974293">
        <ele>252.82373046875</ele>
        <time>2026-09-04T23:23:03Z</time>
        <extensions>
          <gpxtpx:TrackPointExtension>
            <gpxtpx:hr>152</gpxtpx:hr>
          </gpxtpx:TrackPointExtension>
        </extensions>
      </trkpt>
      <trkpt lat="29.60253516576171" lon="106.316686298304">
        <ele>251.493896484375</ele>
        <time>2026-09-04T23:23:15Z</time>
        <extensions>
          <gpxtpx:TrackPointExtension>
            <gpxtpx:hr>164</gpxtpx:hr>
          </gpxtpx:TrackPointExtension>
        </extensions>
      </trkpt>
    </trkseg>
  </trk>
</gpx>