<?xml version="1.0" encoding="UTF-8"?>
<gpx xmlns="http://www.topografix.com/GPX/1/1" xmlns:gpxtpx="http://www.garmin.com/xmlschemas/TrackPointExtension/v1" xmlns:xsi="http://www.w3.org/2001/XMLSchema-instance" xsi:schemaLocation="http://www.topografix.com/GPX/1/1 http://www.topografix.com/GPX/1/1/gpx.xsd" version="1.1" creator="gpx.py -- https://github.com/tkrajina/gpxpy">
  <trk>
    <name>gpx from keep</name>
    <type>Run</type>
    <trkseg>
      <trkpt lat="29.602025158607706" lon="106.31992135571477">
        <ele>249.7335205078125</ele>
        <time>2026-09-10T22:32:41Z</time>
        <extensions>
          <gpxtpx:TrackPointExtension>
            <gpxtpx:hr>85</gpxtpx:hr>
          </gpxtpx:TrackPointExtension>
        </extensions>
      </trkpt>
      <trkpt lat="29.60234308408382" lon="106.31990936614753">
        <ele>248.6531982421875</ele>
        <time>2026-09-10T22:32:53Z</time>
        <extensions>
          <gpxtpx:TrackPointExtension>
            <gpxtpx:hr>90</gpxtpx:hr>
          </gpxtpx:TrackPointExtension>
        </extensions>
      </trkpt>
      <trkpt lat="29.60241809735623" lon="106.31989040850868">
        <ele>247.842041015625</ele>
        <time>2026-09-10T22:32:56Z</time>
        <extensions>
          <gpxtpx:TrackPointExtension>
            <gpxtpx:hr>94</gpxtpx:hr>
          </gpxtpx:TrackPointExtension>
        </extensions>
      </trkpt>
      <trkpt lat="29.602455192802967" lon="106.31983454445343">
        <ele>247.4482421875</ele>
        <time>2026-09-10T22:33:02Z</time>
        <extensions>
          <gpxtpx:TrackPointExtension>
            <gpxtpx:hr>99</gpxtpx:hr>
          </gpxtpx:TrackPointExtension>
        </extensions>
      </trkpt>
      <trkpt lat="29.60248036053613" lon="106.31974276991697">
        <ele>247.4708251953125</ele>
        <time>2026-09-10T22:33:08Z</time>
        <extensions>
          <gpxtpx:TrackPointExtension>
            <gpxtpx:hr>104</gpxtpx:hr>
          </gpxtpx:TrackPointExtension>
        </extensions>
      </trkpt>
      <trkpt lat="29.6024784716998" lon="106.31968491310704">
        <ele>249.5062255859375</ele>
        <time>2026-09-10T22:33:11Z</time>
        <extensions>
          <gpxtpx:TrackPointExtension>
            <gpxtpx:hr>106</gpxtpx:hr>
          </gpxtpx:TrackPointExtension>
        </extensions>
      </trkpt>
      <trkpt lat="29.60250357077964" lon="106.31962904971972">
        <ele>255.2916259765625</ele>
        <time>2026-09-10T22:33:14Z</time>
        <extensions>
          <gpxtpx:TrackPointExtension>
            <gpxtpx:hr>108</gpxtpx:hr>
          </gpxtpx:TrackPointExtension>
        </extensions>
      </trkpt>
      <trkpt lat="29.602654677048527" lon="106.31954923790153">
        <ele>253.20172119140625</ele>
        <time>2026-09-10T22:33:20Z</time>
        <extensions>
          <gpxtpx:TrackPointExtension>
            <gpxtpx:hr>112</gpxtpx:hr>
          </gpxtpx:TrackPointExtension>
        </extensions>
      </trkpt>
      <trkpt lat="29.602781714445186" lon="106.31950932887493">
        <ele>250.20184326171875</ele>
        <time>2026-09-10T22:33:26Z</time>
        <extensions>
          <gpxtpx:TrackPointExtension>
            <gpxtpx:hr>117</gpxtpx:hr>
          </gpxtpx:TrackPointExtension>
        </extensions>
      </trkpt>
      <trkpt lat="29.60281777774956" lon="106.31947042286248">
        <ele>244.84808349609375</ele>
        <time>2026-09-10T22:33:29Z</time>
        <extensions>
          <gpxtpx:TrackPointExtension>
            <gpxtpx:hr>118</gpxtpx:hr>
          </gpxtpx:TrackPointExtension>
        </extensions>
      </trkpt>
      <trkpt lat="29.602914414999955" lon="106.31912127968069">
        <ele>241.95025634765625</ele>
        <time>2026-09-10T22:33:41Z</time>
        <extensions>
          <gpxtpx:TrackPointExtension>
            <gpxtpx:hr>128</gpxtpx:hr>
          </gpxtpx:TrackPointExtension>
        </extensions>
      </trkpt>
      <trkpt lat="29.602950571525838" lon="106.31903349429126">
        <ele>240.751220703125</ele>
        <time>2026-09-10T22:33:44Z</time>
        <extensions>
          <gpxtpx:TrackPointExtension>
            <gpxtpx:hr>130</gpxtpx:hr>
          </gpxtpx:TrackPointExtension>
        </extensions>
      </trkpt>
      <trkpt lat="29.602944318867515" lon="106.31869332343484">
        <ele>242.3887939453125</ele>
        <time>2026-09-10T22:33:56Z</time>
        <extensions>
          <gpxtpx:TrackPointExtension>
            <gpxtpx:hr>138</gpxtpx:hr>
          </gpxtpx:TrackPointExtension>
        </extensions>
      </trkpt>
      <trkpt lat="29.602914833405876" lon="106.31860316037759">
        <ele>242.9027099609375</ele>
        <time>2026-09-10T22:33:59Z</time>
        <extensions>
          <gpxtpx:TrackPointExtension>
            <gpxtpx:hr>139</gpxtpx:hr>
          </gpxtpx:TrackPointExtension>
        </extensions>
      </trkpt>
      <trkpt lat="29.602903039223513" lon="106.31847853549702">
        <ele>247.427978515625</ele>
        <time>2026-09-10T22:34:02Z</time>
        <extensions>
          <gpxtpx:TrackPointExtension>
            <gpxtpx:hr>139</gpxtpx:hr>
          </gpxtpx:TrackPointExtension>
        </extensions>
      </trkpt>
      <trkpt lat="29.60292187785972" lon="106.31835317466302">
        <ele>250.35479736328125</ele>
        <time>2026-09-10T22:34:05Z</time>
        <extensions>
          <gpxtpx:TrackPointExtension>
            <gpxtpx:hr>140</gpxtpx:hr>
          </gpxtpx:TrackPointExtension>
        </extensions>
      </trkpt>
      <trkpt lat="29.602922210375876" lon="106.31817860493271">
        <ele>252.2164306640625</ele>
        <time>2026-09-10T22:34:11Z</time>
        <extensions>
          <gpxtpx:TrackPointExtension>
            <gpxtpx:hr>142</gpxtpx:hr>
          </gpxtpx:TrackPointExtension>
        </extensions>
      </trkpt>
      <trkpt lat="29.60295234367652" lon="106.31810378746755">
        <ele>248.667724609375</ele>
        <time>2026-09-10T22:34:14Z</time>
        <extensions>
          <gpxtpx:TrackPointExtension>
            <gpxtpx:hr>143</gpxtpx:hr>
          </gpxtpx:TrackPointExtension>
        </extensions>
      </trkpt>
      <trkpt lat="29.60297268506399" lon="106.31792123590895">
        <ele>247.452880859375</ele>
        <time>2026-09-10T22:34:20Z</time>
        <extensions>
          <gpxtpx:TrackPointExtension>
            <gpxtpx:hr>144</gpxtpx:hr>
          </gpxtpx:TrackPointExtension>
        </extensions>
      </trkpt>
      <trkpt lat="29.602895462164955" lon="106.31752521531774">
        <ele>254.47027587890625</ele>
        <time>2026-09-10T22:34:32Z</time>
        <extensions>
          <gpxtpx:TrackPointExtension>
            <gpxtpx:hr>146</gpxtpx:hr>
          </gpxtpx:TrackPointExtension>
        </extensions>
      </trkpt>
      <trkpt lat="29.60291866181684" lon="106.31741648136081">
        <ele>255.505859375</ele>
        <time>2026-09-10T22:34:35Z</time>
        <extensions>
          <gpxtpx:TrackPointExtension>
            <gpxtpx:hr>146</gpxtpx:hr>
          </gpxtpx:TrackPointExtension>
        </extensions>
      </trkpt>
      <trkpt lat="29.602991978791355" lon="106.31723791595581">
        <ele>250.2257080078125</ele>
        <time>2026-09-10T22:34:41Z</time>
        <extensions>
          <gpxtpx:TrackPointExtension>
            <gpxtpx:hr>147</gpxtpx:hr>
          </gpxtpx:TrackPointExtension>
        </extensions>
      </trkpt>
      <trkpt lat="29.602948560436186" lon="106.3169386538372">
        <ele>246.21673583984375</ele>
        <time>2026-09-10T22:34:53Z</time>
        <extensions>
          <gpxtpx:TrackPointExtension>
            <gpxtpx:hr>149</gpxtpx:hr>
          </gpxtpx:TrackPointExtension>
        </extensions>
      </trkpt>
      <trkpt lat="29.60296870008693" lon="106.3168618412358">
        <ele>248.7242431640625</ele>
        <time>2026-09-10T22:34:56Z</time>
        <extensions>
          <gpxtpx:TrackPointExtension>
            <gpxtpx:hr>150</gpxtpx:hr>
          </gpxtpx:TrackPointExtension>
        </extensions>
      </trkpt>
      <trkpt lat="29.602948033857576" lon="106.31668926608482">
        <ele>249.7655029296875</ele>
        <time>2026-09-10T22:35:02Z</time>
        <extensions>
          <gpxtpx:TrackPointExtension>
            <gpxtpx:hr>150</gpxtpx:hr>
          </gpxtpx:TrackPointExtension>
        </extensions>
      </trkpt>
      <trkpt lat="29.602905203984076" lon="106.31660647181691">
        <ele>248.33782958984375</ele>
        <time>2026-09-10T22:35:05Z</time>
        <extensions>
          <gpxtpx:TrackPointExtension>
            <gpxtpx:hr>150</gpxtpx:hr>
          </gpxtpx:TrackPointExtension>
        </extensions>
      </trkpt>
      <trkpt lat="29.60275155166812" lon="106.3164478700959">
        <ele>248.322021484375</ele>
        <time>2026-09-10T22:35:11Z</time>
        <extensions>
          <gpxtpx:TrackPointExtension>
            <gpxtpx:hr>151</gpxtpx:hr>
          </gpxtpx:TrackPointExtension>
        </extensions>
      </trkpt>
      <trkpt lat="29.602696613844536" lon="106.31642393210878">
        <ele>247.3311767578125</ele>
        <time>2026-09-10T22:35:14Z</time>
        <extensions>
          <gpxtpx:TrackPointExtension>
            <gpxtpx:hr>151</gpxtpx:hr>
          </gpxtpx:TrackPointExtension>
        </extensions>
      </trkpt>
      <trkpt lat="29.60263455718945" lon="106.31646383800621">
        <ele>244.8123779296875</ele>
        <time>2026-09-10T22:35:17Z</time>
        <extensions>
          <gpxtpx:TrackPointExtension>
            <gpxtpx:hr>152</gpxtpx:hr>
          </gpxtpx:TrackPointExtension>
        </extensions>
      </trkpt>
      <trkpt lat="29.60255612907011" lon="106.31670225787371">
        <ele>244.18212890625</ele>
        <time>2026-09-10T22:35:26Z</time>
        <extensions>
          <gpxtpx:TrackPointExtension>
            <gpxtpx:hr>153</gpxtpx:hr>
          </gpxtpx:TrackPointExtension>
        </extensions>
      </trkpt>
      <trkpt lat="29.602574428574062" lon="106.31706835784756">
        <ele>246.32733154296875</ele>
        <time>2026-09-10T22:35:38Z</time>
        <extensions>
          <gpxtpx:TrackPointExtension>
            <gpxtpx:hr>155</gpxtpx:hr>
          </gpxtpx:TrackPointExtension>
        </extensions>
      </trkpt>
      <trkpt lat="29.60255514265553" lon="106.31722198151178">
        <ele>249.48809814453125</ele>
        <time>2026-09-10T22:35:44Z</time>
        <extensions>
          <gpxtpx:TrackPointExtension>
            <gpxtpx:hr>156</gpxtpx:hr>
          </gpxtpx:TrackPointExtension>
        </extensions>
      </trkpt>
      <trkpt lat="29.602524990756397" lon="106.31730677489723">
        <ele>249.62255859375</ele>
        <time>2026-09-10T22:35:47Z</time>
        <extensions>
          <gpxtpx:TrackPointExtension>
            <gpxtpx:hr>156</gpxtpx:hr>
          </gpxtpx:TrackPointExtension>
        </extensions>
      </trkpt>
      <trkpt lat="29.602468863834957" lon="106.31738259187445">
        <ele>246.76922607421875</ele>
        <time>2026-09-10T22:35:50Z</time>
        <extensions>
          <gpxtpx:TrackPointExtension>
            <gpxtpx:hr>156</gpxtpx:hr>
          </gpxtpx:TrackPointExtension>
        </extensions>
      </trkpt>
      <trkpt lat="29.602297732269914" lon="106.31747936421807">
        <ele>248.88092041015625</ele>
        <time>2026-09-10T22:35:56Z</time>
        <extensions>
          <gpxtpx:TrackPointExtension>
            <gpxtpx:hr>156</gpxtpx:hr>
          </gpxtpx:TrackPointExtension>
        </extensions>
      </trkpt>
      <trkpt lat="29.602083680246118" lon="106.31754122498066">
        <ele>252.06103515625</ele>
        <time>2026-09-10T22:36:08Z</time>
        <extensions>
          <gpxtpx:TrackPointExtension>
            <gpxtpx:hr>156</gpxtpx:hr>
          </gpxtpx:TrackPointExtension>
        </extensions>
      </trkpt>
      <trkpt lat="29.601972425940723" lon="106.317692858592">
        <ele>254.75421142578125</ele>
        <time>2026-09-10T22:36:14Z</time>
        <extensions>
          <gpxtpx:TrackPointExtension>
            <gpxtpx:hr>155</gpxtpx:hr>
          </gpxtpx:TrackPointExtension>
        </extensions>
      </trkpt>
      <trkpt lat="29.601932227575055" lon="106.31780358846041">
        <ele>252.46734619140625</ele>
        <time>2026-09-10T22:36:17Z</time>
        <extensions>
          <gpxtpx:TrackPointExtension>
            <gpxtpx:hr>155</gpxtpx:hr>
          </gpxtpx:TrackPointExtension>
        </extensions>
      </trkpt>
      <trkpt lat="29.6019036323966" lon="106.31812080890687">
        <ele>251.29052734375</ele>
        <time>2026-09-10T22:36:26Z</time>
        <extensions>
          <gpxtpx:TrackPointExtension>
            <gpxtpx:hr>156</gpxtpx:hr>
          </gpxtpx:TrackPointExtension>
        </extensions>
      </trkpt>
      <trkpt lat="29.601868903600327" lon="106.3185088544225">
        <ele>251.6666259765625</ele>
        <time>2026-09-10T22:36:38Z</time>
        <extensions>
          <gpxtpx:TrackPointExtension>
            <gpxtpx:hr>157</gpxtpx:hr>
          </gpxtpx:TrackPointExtension>
        </extensions>
      </trkpt>
      <trkpt lat="29.601863536215763" lon="106.31870237734596">
        <ele>251.9300537109375</ele>
        <time>2026-09-10T22:36:44Z</time>
        <extensions>
          <gpxtpx:TrackPointExtension>
            <gpxtpx:hr>157</gpxtpx:hr>
          </gpxtpx:TrackPointExtension>
        </extensions>
      </trkpt>
      <trkpt lat="29.60187720660628" lon="106.31887295553932">
        <ele>251.0567626953125</ele>
        <time>2026-09-10T22:36:50Z</time>
        <extensions>
          <gpxtpx:TrackPointExtension>
            <gpxtpx:hr>156</gpxtpx:hr>
          </gpxtpx:TrackPointExtension>
        </extensions>
      </trkpt>
      <trkpt lat="29.601859610330692" lon="106.31918817821393">
        <ele>247.4525146484375</ele>
        <time>2026-09-10T22:37:02Z</time>
        <extensions>
          <gpxtpx:TrackPointExtension>
            <gpxtpx:hr>155</gpxtpx:hr>
          </gpxtpx:TrackPointExtension>
        </extensions>
      </trkpt>
      <trkpt lat="29.60185334365581" lon="106.3193288310994">
        <ele>244.3116455078125</ele>
        <time>2026-09-10T22:37:08Z</time>
        <extensions>
          <gpxtpx:TrackPointExtension>
            <gpxtpx:hr>155</gpxtpx:hr>
          </gpxtpx:TrackPointExtension>
        </extensions>
      </trkpt>
      <trkpt lat="29.60191356470086" lon="106.31972684358053">
        <ele>247.8638916015625</ele>
        <time>2026-09-10T22:37:20Z</time>
        <extensions>
          <gpxtpx:TrackPointExtension>
            <gpxtpx:hr>155</gpxtpx:hr>
          </gpxtpx:TrackPointExtension>
        </extensions>
      </trkpt>
      <trkpt lat="29.601928039603987" lon="106.31999916907017">
        <ele>250.2359619140625</ele>
        <time>2026-09-10T22:37:29Z</time>
        <extensions>
          <gpxtpx:TrackPointExtension>
            <gpxtpx:hr>155</gpxtpx:hr>
          </gpxtpx:TrackPointExtension>
        </extensions>
      </trkpt>
      <trkpt lat="29.602016111788636" lon="106.31994729209572">
        <ele>251.41693115234375</ele>
        <time>2026-09-10T22:37:35Z</time>
        <extensions>
          <gpxtpx:TrackPointExtension>
            <gpxtpx:hr>155</gpxtpx:hr>
          </gpxtpx:TrackPointExtension>
        </extensions>
      </trkpt>
      <trkpt lat="29.60229475919052" lon="106.31986996482986">
        <ele>245.58599853515625</ele>
        <time>2026-09-10T22:37:47Z</time>
        <extensions>
          <gpxtpx:TrackPointExtension>
            <gpxtpx:hr>157</gpxtpx:hr>
          </gpxtpx:TrackPointExtension>
        </extensions>
      </trkpt>
      <trkpt lat="29.60244836651476" lon="106.31974476691312">
        <ele>248.84271240234375</ele>
        <time>2026-09-10T22:37:53Z</time>
        <extensions>
          <gpxtpx:TrackPointExtension>
            <gpxtpx:hr>158</gpxtpx:hr>
          </gpxtpx:TrackPointExtension>
        </extensions>
      </trkpt>
      <trkpt lat="29.602473642859334" lon="106.31965916772202">
        <ele>247.20428466796875</ele>
        <time>2026-09-10T22:37:59Z</time>
        <extensions>
          <gpxtpx:TrackPointExtension>
            <gpxtpx:hr>158</gpxtpx:hr>
          </gpxtpx:TrackPointExtension>
        </extensions>
      </trkpt>
      <trkpt lat="29.602516722127643" lon="106.31959719591589">
        <ele>251.1549072265625</ele>
        <time>2026-09-10T22:38:02Z</time>
        <extensions>
          <gpxtpx:TrackPointExtension>
            <gpxtpx:hr>157</gpxtpx:hr>
          </gpxtpx:TrackPointExtension>
        </extensions>
      </trkpt>
      <trkpt lat="29.602683738682423" lon="106.31951232738754">
        <ele>249.17535400390625</ele>
        <time>2026-09-10T22:38:08Z</time>
        <extensions>
          <gpxtpx:TrackPointExtension>
            <gpxtpx:hr>156</gpxtpx:hr>
          </gpxtpx:TrackPointExtension>
        </extensions>
      </trkpt>
      <trkpt lat="29.602740736501787" lon="106.3195043436758">
        <ele>245.99847412109375</ele>
        <time>2026-09-10T22:38:11Z</time>
        <extensions>
          <gpxtpx:TrackPointExtension>
            <gpxtpx:hr>156</gpxtpx:hr>
          </gpxtpx:TrackPointExtension>
        </extensions>
      </trkpt>
      <trkpt lat="29.602802906161337" lon="106.31940558401381">
        <ele>238.7227783203125</ele>
        <time>2026-09-10T22:38:17Z</time>
        <extensions>
          <gpxtpx:TrackPointExtension>
            <gpxtpx:hr>157</gpxtpx:hr>
          </gpxtpx:TrackPointExtension>
        </extensions>
      </trkpt>
      <trkpt lat="29.60286723514605" lon="106.31922303119312">
        <ele>235.6177978515625</ele>
        <time>2026-09-10T22:38:23Z</time>
        <extensions>
          <gpxtpx:TrackPointExtension>
            <gpxtpx:hr>157</gpxtpx:hr>
          </gpxtpx:TrackPointExtension>
        </extensions>
      </trkpt>
      <trkpt lat="29.602964624627617" lon="106.31907480383997">
        <ele>236.48956298828125</ele>
        <time>2026-09-10T22:38:29Z</time>
        <extensions>
          <gpxtpx:TrackPointExtension>
            <gpxtpx:hr>158</gpxtpx:hr>
          </gpxtpx:TrackPointExtension>
        </extensions>
      </trkpt>
      <trkpt lat="29.60296593452661" lon="106.31898404432742">
        <ele>233.23681640625</ele>
        <time>2026-09-10T22:38:32Z</time>
        <extensions>
          <gpxtpx:TrackPointExtension>
            <gpxtpx:hr>159</gpxtpx:hr>
          </gpxtpx:TrackPointExtension>
        </extensions>
      </trkpt>
      <trkpt lat="29.602935414974045" lon="106.31890237878363">
        <ele>232.987060546875</ele>
        <time>2026-09-10T22:38:35Z</time>
        <extensions>
          <gpxtpx:TrackPointExtension>
            <gpxtpx:hr>159</gpxtpx:hr>
          </gpxtpx:TrackPointExtension>
        </extensions>
      </trkpt>
      <trkpt lat="29.602884859712706" lon="106.31882618949459">
        <ele>233.226318359375</ele>
        <time>2026-09-10T22:38:38Z</time>
        <extensions>
          <gpxtpx:TrackPointExtension>
            <gpxtpx:hr>159</gpxtpx:hr>
          </gpxtpx:TrackPointExtension>
        </extensions>
      </trkpt>
      <trkpt lat="29.602861553735423" lon="106.31873127943896">
        <ele>233.542724609375</ele>
        <time>2026-09-10T22:38:41Z</time>
        <extensions>
          <gpxtpx:TrackPointExtension>
            <gpxtpx:hr>158</gpxtpx:hr>
          </gpxtpx:TrackPointExtension>
        </extensions>
      </trkpt>
      <trkpt lat="29.602846237471034" lon="106.31859789333922">
        <ele>237.33636474609375</ele>
        <time>2026-09-10T22:38:44Z</time>
        <extensions>
          <gpxtpx:TrackPointExtension>
            <gpxtpx:hr>157</gpxtpx:hr>
          </gpxtpx:TrackPointExtension>
        </extensions>
      </trkpt>
      <trkpt lat="29.602860885916787" lon="106.3183544149726">
        <ele>250.54730224609375</ele>
        <time>2026-09-10T22:38:50Z</time>
        <extensions>
          <gpxtpx:TrackPointExtension>
            <gpxtpx:hr>156</gpxtpx:hr>
          </gpxtpx:TrackPointExtension>
        </extensions>
      </trkpt>
      <trkpt lat="29.602937331163304" lon="106.31811276625228">
        <ele>247.9180908203125</ele>
        <time>2026-09-10T22:38:56Z</time>
        <extensions>
          <gpxtpx:TrackPointExtension>
            <gpxtpx:hr>156</gpxtpx:hr>
          </gpxtpx:TrackPointExtension>
        </extensions>
      </trkpt>
      <trkpt lat="29.602964765338402" lon="106.31788033710198">
        <ele>244.37237548828125</ele>
        <time>2026-09-10T22:39:02Z</time>
        <extensions>
          <gpxtpx:TrackPointExtension>
            <gpxtpx:hr>156</gpxtpx:hr>
          </gpxtpx:TrackPointExtension>
        </extensions>
      </trkpt>
      <trkpt lat="29.60293642368427" lon="106.31752973264149">
        <ele>247.4315185546875</ele>
        <time>2026-09-10T22:39:11Z</time>
        <extensions>
          <gpxtpx:TrackPointExtension>
            <gpxtpx:hr>155</gpxtpx:hr>
          </gpxtpx:TrackPointExtension>
        </extensions>
      </trkpt>
      <trkpt lat="29.602984085443214" lon="106.31718305127859">
        <ele>245.2796630859375</ele>
        <time>2026-09-10T22:39:20Z</time>
        <extensions>
          <gpxtpx:TrackPointExtension>
            <gpxtpx:hr>152</gpxtpx:hr>
          </gpxtpx:TrackPointExtension>
        </extensions>
      </trkpt>
      <trkpt lat="29.602962461494474" lon="106.31698853050075">
        <ele>243.98626708984375</ele>
        <time>2026-09-10T22:39:29Z</time>
        <extensions>
          <gpxtpx:TrackPointExtension>
            <gpxtpx:hr>153</gpxtpx:hr>
          </gpxtpx:TrackPointExtension>
        </extensions>
      </trkpt>
      <trkpt lat="29.602972882434372" lon="106.31676507852345">
        <ele>244.7396240234375</ele>
        <time>2026-09-10T22:39:38Z</time>
        <extensions>
          <gpxtpx:TrackPointExtension>
            <gpxtpx:hr>153</gpxtpx:hr>
          </gpxtpx:TrackPointExtension>
        </extensions>
      </trkpt>
      <trkpt lat="29.60282832206135" lon="106.3165565988039">
        <ele>246.162109375</ele>
        <time>2026-09-10T22:39:44Z</time>
        <extensions>
          <gpxtpx:TrackPointExtension>
            <gpxtpx:hr>154</gpxtpx:hr>
          </gpxtpx:TrackPointExtension>
        </extensions>
      </trkpt>
      <trkpt lat="29.602726483692937" lon="106.31648777375744">
        <ele>246.9295654296875</ele>
        <time>2026-09-10T22:39:47Z</time>
        <extensions>
          <gpxtpx:TrackPointExtension>
            <gpxtpx:hr>154</gpxtpx:hr>
          </gpxtpx:TrackPointExtension>
        </extensions>
      </trkpt>
      <trkpt lat="29.602659517408245" lon="106.31648079491625">
        <ele>246.5396728515625</ele>
        <time>2026-09-10T22:39:50Z</time>
        <extensions>
          <gpxtpx:TrackPointExtension>
            <gpxtpx:hr>155</gpxtpx:hr>
          </gpxtpx:TrackPointExtension>
        </extensions>
      </trkpt>
      <trkpt lat="29.60259729244363" lon="106.31660948302618">
        <ele>245.4056396484375</ele>
        <time>2026-09-10T22:39:56Z</time>
        <extensions>
          <gpxtpx:TrackPointExtension>
            <gpxtpx:hr>156</gpxtpx:hr>
          </gpxtpx:TrackPointExtension>
        </extensions>
      </trkpt>
      <trkpt lat="29.602584111047303" lon="106.31670724394762">
        <ele>243.348876953125</ele>
        <time>2026-09-10T22:39:59Z</time>
        <extensions>
          <gpxtpx:TrackPointExtension>
            <gpxtpx:hr>157</gpxtpx:hr>
          </gpxtpx:TrackPointExtension>
        </extensions>
      </trkpt>
      <trkpt lat="29.60261645739474" lon="106.31704640922929">
        <ele>246.85113525390625</ele>
        <time>2026-09-10T22:40:08Z</time>
        <extensions>
          <gpxtpx:TrackPointExtension>
            <gpxtpx:hr>158</gpxtpx:hr>
          </gpxtpx:TrackPointExtension>
        </extensions>
      </trkpt>
      <trkpt lat="29.602611261938577" lon="106.31715015464366">
        <ele>251.62054443359375</ele>
        <time>2026-09-10T22:40:11Z</time>
        <extensions>
          <gpxtpx:TrackPointExtension>
            <gpxtpx:hr>158</gpxtpx:hr>
          </gpxtpx:TrackPointExtension>
        </extensions>
      </trkpt>
      <trkpt lat="29.602565989586882" lon="106.31730078714092">
        <ele>253.8770751953125</ele>
        <time>2026-09-10T22:40:17Z</time>
        <extensions>
          <gpxtpx:TrackPointExtension>
            <gpxtpx:hr>156</gpxtpx:hr>
          </gpxtpx:TrackPointExtension>
        </extensions>
      </trkpt>
      <trkpt lat="29.60251687947963" lon="106.31736662822726">
        <ele>252.51727294921875</ele>
        <time>2026-09-10T22:40:20Z</time>
        <extensions>
          <gpxtpx:TrackPointExtension>
            <gpxtpx:hr>155</gpxtpx:hr>
          </gpxtpx:TrackPointExtension>
        </extensions>
      </trkpt>
      <trkpt lat="29.602371702031753" lon="106.31748334994536">
        <ele>250.1241455078125</ele>
        <time>2026-09-10T22:40:26Z</time>
        <extensions>
          <gpxtpx:TrackPointExtension>
            <gpxtpx:hr>154</gpxtpx:hr>
          </gpxtpx:TrackPointExtension>
        </extensions>
      </trkpt>
      <trkpt lat="29.602309673604957" lon="106.31750829234011">
        <ele>250.36029052734375</ele>
        <time>2026-09-10T22:40:29Z</time>
        <extensions>
          <gpxtpx:TrackPointExtension>
            <gpxtpx:hr>154</gpxtpx:hr>
          </gpxtpx:TrackPointExtension>
        </extensions>
      </trkpt>
      <trkpt lat="29.60206072143031" lon="106.31752327053624">
        <ele>251.07781982421875</ele>
        <time>2026-09-10T22:40:41Z</time>
        <extensions>
          <gpxtpx:TrackPointExtension>
            <gpxtpx:hr>152</gpxtpx:hr>
          </gpxtpx:TrackPointExtension>
        </extensions>
      </trkpt>
      <trkpt lat="29.60200265765703" lon="106.31756616851052">
        <ele>250.24847412109375</ele>
        <time>2026-09-10T22:40:44Z</time>
        <extensions>
          <gpxtpx:TrackPointExtension>
            <gpxtpx:hr>152</gpxtpx:hr>
          </gpxtpx:TrackPointExtension>
        </extensions>
      </trkpt>
      <trkpt lat="29.6019555222159" lon="106.31764497744685">
        <ele>250.34967041015625</ele>
        <time>2026-09-10T22:40:47Z</time>
        <extensions>
          <gpxtpx:TrackPointExtension>
            <gpxtpx:hr>151</gpxtpx:hr>
          </gpxtpx:TrackPointExtension>
        </extensions>
      </trkpt>
      <trkpt lat="29.60190886255477" lon="106.31799910840385">
        <ele>247.98199462890625</ele>
        <time>2026-09-10T22:40:59Z</time>
        <extensions>
          <gpxtpx:TrackPointExtension>
            <gpxtpx:hr>147</gpxtpx:hr>
          </gpxtpx:TrackPointExtension>
        </extensions>
      </trkpt>
      <trkpt lat="29.601886244331673" lon="106.31832730104323">
        <ele>247.97705078125</ele>
        <time>2026-09-10T22:41:11Z</time>
        <extensions>
          <gpxtpx:TrackPointExtension>
            <gpxtpx:hr>148</gpxtpx:hr>
          </gpxtpx:TrackPointExtension>
        </extensions>
      </trkpt>
      <trkpt lat="29.601864505475476" lon="106.31871833790447">
        <ele>251.9482421875</ele>
        <time>2026-09-10T22:41:23Z</time>
        <extensions>
          <gpxtpx:TrackPointExtension>
            <gpxtpx:hr>148</gpxtpx:hr>
          </gpxtpx:TrackPointExtension>
        </extensions>
      </trkpt>
      <trkpt lat="29.60186189528516" lon="106.3190385476319">
        <ele>249.54364013671875</ele>
        <time>2026-09-10T22:41:35Z</time>
        <extensions>
          <gpxtpx:TrackPointExtension>
            <gpxtpx:hr>149</gpxtpx:hr>
          </gpxtpx:TrackPointExtension>
        </extensions>
      </trkpt>
      <trkpt lat="29.60187544152158" lon="106.31926799121254">
        <ele>247.5242919921875</ele>
        <time>2026-09-10T22:41:44Z</time>
        <extensions>
          <gpxtpx:TrackPointExtension>
            <gpxtpx:hr>148</gpxtpx:hr>
          </gpxtpx:TrackPointExtension>
        </extensions>
      </trkpt>
      <trkpt lat="29.601904963853904" lon="106.31951935710323">
        <ele>246.08880615234375</ele>
        <time>2026-09-10T22:41:53Z</time>
        <extensions>
          <gpxtpx:TrackPointExtension>
            <gpxtpx:hr>146</gpxtpx:hr>
          </gpxtpx:TrackPointExtension>
        </extensions>
      </trkpt>
      <trkpt lat="29.60192982661538" lon="106.31958718791441">
        <ele>245.77862548828125</ele>
        <time>2026-09-10T22:41:56Z</time>
        <extensions>
          <gpxtpx:TrackPointExtension>
            <gpxtpx:hr>146</gpxtpx:hr>
          </gpxtpx:TrackPointExtension>
        </extensions>
      </trkpt>
      <trkpt lat="29.601935302504934" lon="106.31986051166378">
        <ele>246.85693359375</ele>
        <time>2026-09-10T22:42:05Z</time>
        <extensions>
          <gpxtpx:TrackPointExtension>
            <gpxtpx:hr>146</gpxtpx:hr>
          </gpxtpx:TrackPointExtension>
        </extensions>
      </trkpt>
      <trkpt lat="29.60192417431563" lon="106.31992934206454">
        <ele>246.732421875</ele>
        <time>2026-09-10T22:42:08Z</time>
        <extensions>
          <gpxtpx:TrackPointExtension>
            <gpxtpx:hr>145</gpxtpx:hr>
          </gpxtpx:TrackPointExtension>
        </extensions>
      </trkpt>
      <trkpt lat="29.602147258503855" lon="106.31984952601921">
        <ele>246.98114013671875</ele>
        <time>2026-09-10T22:42:23Z</time>
        <extensions>
          <gpxtpx:TrackPointExtension>
            <gpxtpx:hr>144</gpxtpx:hr>
          </gpxtpx:TrackPointExtension>
        </extensions>
      </trkpt>
      <trkpt lat="29.602313201946743" lon="106.31985250860546">
        <ele>247.974365234375</ele>
        <time>2026-09-10T22:42:29Z</time>
        <extensions>
          <gpxtpx:TrackPointExtension>
            <gpxtpx:hr>142</gpxtpx:hr>
          </gpxtpx:TrackPointExtension>
        </extensions>
      </trkpt>
      <trkpt lat="29.602384220249952" lon="106.31983155613737">
        <ele>248.7022705078125</ele>
        <time>2026-09-10T22:42:32Z</time>
        <extensions>
          <gpxtpx:TrackPointExtension>
            <gpxtpx:hr>141</gpxtpx:hr>
          </gpxtpx:TrackPointExtension>
        </extensions>
      </trkpt>
      <trkpt lat="29.602453016167406" lon="106.31974726537908">
        <ele>247.022216796875</ele>
        <time>2026-09-10T22:42:38Z</time>
        <extensions>
          <gpxtpx:TrackPointExtension>
            <gpxtpx:hr>141</gpxtpx:hr>
          </gpxtpx:TrackPointExtension>
        </extensions>
      </trkpt>
      <trkpt lat="29.602466324014674" lon="106.3196146863918">
        <ele>251.27874755859375</ele>
        <time>2026-09-10T22:42:44Z</time>
        <extensions>
          <gpxtpx:TrackPointExtension>
            <gpxtpx:hr>140</gpxtpx:hr>
          </gpxtpx:TrackPointExtension>
        </extensions>
      </trkpt>
      <trkpt lat="29.602513393543546" lon="106.31956981591406">
        <ele>252.45703125</ele>
        <time>2026-09-10T22:42:47Z</time>
        <extensions>
          <gpxtpx:TrackPointExtension>
            <gpxtpx:hr>140</gpxtpx:hr>
          </gpxtpx:TrackPointExtension>
        </extensions>
      </trkpt>
      <trkpt lat="29.602698781729142" lon="106.31948738812424">
        <ele>251.92431640625</ele>
        <time>2026-09-10T22:42:53Z</time>
        <extensions>
          <gpxtpx:TrackPointExtension>
            <gpxtpx:hr>139</gpxtpx:hr>
          </gpxtpx:TrackPointExtension>
        </extensions>
      </trkpt>
      <trkpt lat="29.602755429885654" lon="106.31947919620802">
        <ele>249.61431884765625</ele>
        <time>2026-09-10T22:42:56Z</time>
        <extensions>
          <gpxtpx:TrackPointExtension>
            <gpxtpx:hr>140</gpxtpx:hr>
          </gpxtpx:TrackPointExtension>
        </extensions>
      </trkpt>
      <trkpt lat="29.602802818530506" lon="106.31945147061064">
        <ele>248.2813720703125</ele>
        <time>2026-09-10T22:42:59Z</time>
        <extensions>
          <gpxtpx:TrackPointExtension>
            <gpxtpx:hr>139</gpxtpx:hr>
          </gpxtpx:TrackPointExtension>
        </extensions>
      </trkpt>
      <trkpt lat="29.60290247577793" lon="106.31909135431158">
        <ele>244.341552734375</ele>
        <time>2026-09-10T22:43:14Z</time>
        <extensions>
          <gpxtpx:TrackPointExtension>
            <gpxtpx:hr>139</gpxtpx:hr>
          </gpxtpx:TrackPointExtension>
        </extensions>
      </trkpt>
      <trkpt lat="29.602940610744795" lon="106.31901454169363">
        <ele>242.89862060546875</ele>
        <time>2026-09-10T22:43:17Z</time>
        <extensions>
          <gpxtpx:TrackPointExtension>
            <gpxtpx:hr>140</gpxtpx:hr>
          </gpxtpx:TrackPointExtension>
        </extensions>
      </trkpt>
      <trkpt lat="29.602964031877622" lon="106.31879009435792">
        <ele>244.6981201171875</ele>
        <time>2026-09-10T22:43:23Z</time>
        <extensions>
          <gpxtpx:TrackPointExtension>
            <gpxtpx:hr>141</gpxtpx:hr>
          </gpxtpx:TrackPointExtension>
        </extensions>
      </trkpt>
      <trkpt lat="29.602898544622136" lon="106.31853173575159">
        <ele>247.1129150390625</ele>
        <time>2026-09-10T22:43:32Z</time>
        <extensions>
          <gpxtpx:TrackPointExtension>
            <gpxtpx:hr>138</gpxtpx:hr>
          </gpxtpx:TrackPointExtension>
        </extensions>
      </trkpt>
      <trkpt lat="29.60289443240152" lon="106.31844355355676">
        <ele>248.7108154296875</ele>
        <time>2026-09-10T22:43:35Z</time>
        <extensions>
          <gpxtpx:TrackPointExtension>
            <gpxtpx:hr>137</gpxtpx:hr>
          </gpxtpx:TrackPointExtension>
        </extensions>
      </trkpt>
      <trkpt lat="29.60291899849828" lon="106.3182903297627">
        <ele>252.82470703125</ele>
        <time>2026-09-10T22:43:41Z</time>
        <extensions>
          <gpxtpx:TrackPointExtension>
            <gpxtpx:hr>138</gpxtpx:hr>
          </gpxtpx:TrackPointExtension>
        </extensions>
      </trkpt>
      <trkpt lat="29.60294861645176" lon="106.31796113909023">
        <ele>246.55560302734375</ele>
        <time>2026-09-10T22:43:53Z</time>
        <extensions>
          <gpxtpx:TrackPointExtension>
            <gpxtpx:hr>138</gpxtpx:hr>
          </gpxtpx:TrackPointExtension>
        </extensions>
      </trkpt>
      <trkpt lat="29.602909069016096" lon="106.3177297112924">
        <ele>243.98358154296875</ele>
        <time>2026-09-10T22:44:02Z</time>
        <extensions>
          <gpxtpx:TrackPointExtension>
            <gpxtpx:hr>139</gpxtpx:hr>
          </gpxtpx:TrackPointExtension>
        </extensions>
      </trkpt>
      <trkpt lat="29.602920285272077" lon="106.31763176913041">
        <ele>243.85211181640625</ele>
        <time>2026-09-10T22:44:05Z</time>
        <extensions>
          <gpxtpx:TrackPointExtension>
            <gpxtpx:hr>138</gpxtpx:hr>
          </gpxtpx:TrackPointExtension>
        </extensions>
      </trkpt>
      <trkpt lat="29.602961876197348" lon="106.31751970103655">
        <ele>244.6990966796875</ele>
        <time>2026-09-10T22:44:08Z</time>
        <extensions>
          <gpxtpx:TrackPointExtension>
            <gpxtpx:hr>139</gpxtpx:hr>
          </gpxtpx:TrackPointExtension>
        </extensions>
      </trkpt>
      <trkpt lat="29.602985022614387" lon="106.31721597031644">
        <ele>242.681396484375</ele>
        <time>2026-09-10T22:44:17Z</time>
        <extensions>
          <gpxtpx:TrackPointExtension>
            <gpxtpx:hr>141</gpxtpx:hr>
          </gpxtpx:TrackPointExtension>
        </extensions>
      </trkpt>
      <trkpt lat="29.60298809270234" lon="106.31686289442631">
        <ele>244.706298828125</ele>
        <time>2026-09-10T22:44:32Z</time>
        <extensions>
          <gpxtpx:TrackPointExtension>
            <gpxtpx:hr>141</gpxtpx:hr>
          </gpxtpx:TrackPointExtension>
        </extensions>
      </trkpt>
      <trkpt lat="29.60299288587588" lon="106.31679514771604">
        <ele>246.07318115234375</ele>
        <time>2026-09-10T22:44:35Z</time>
        <extensions>
          <gpxtpx:TrackPointExtension>
            <gpxtpx:hr>141</gpxtpx:hr>
          </gpxtpx:TrackPointExtension>
        </extensions>
      </trkpt>
      <trkpt lat="29.6029772226079" lon="106.31672121267093">
        <ele>242.09716796875</ele>
        <time>2026-09-10T22:44:38Z</time>
        <extensions>
          <gpxtpx:TrackPointExtension>
            <gpxtpx:hr>142</gpxtpx:hr>
          </gpxtpx:TrackPointExtension>
        </extensions>
      </trkpt>
      <trkpt lat="29.602766190607266" lon="106.31647035453334">
        <ele>248.980712890625</ele>
        <time>2026-09-10T22:44:47Z</time>
        <extensions>
          <gpxtpx:TrackPointExtension>
            <gpxtpx:hr>142</gpxtpx:hr>
          </gpxtpx:TrackPointExtension>
        </extensions>
      </trkpt>
      <trkpt lat="29.602704552801804" lon="106.3164548558047">
        <ele>248.04803466796875</ele>
        <time>2026-09-10T22:44:50Z</time>
        <extensions>
          <gpxtpx:TrackPointExtension>
            <gpxtpx:hr>142</gpxtpx:hr>
          </gpxtpx:TrackPointExtension>
        </extensions>
      </trkpt>
      <trkpt lat="29.60262950200412" lon="106.31649376492177">
        <ele>248.310791015625</ele>
        <time>2026-09-10T22:44:53Z</time>
        <extensions>
          <gpxtpx:TrackPointExtension>
            <gpxtpx:hr>143</gpxtpx:hr>
          </gpxtpx:TrackPointExtension>
        </extensions>
      </trkpt>
      <trkpt lat="29.60258641683606" lon="106.31654564029341">
        <ele>249.16876220703125</ele>
        <time>2026-09-10T22:44:56Z</time>
        <extensions>
          <gpxtpx:TrackPointExtension>
            <gpxtpx:hr>143</gpxtpx:hr>
          </gpxtpx:TrackPointExtension>
        </extensions>
      </trkpt>
      <trkpt lat="29.60256493521457" lon="106.31680301005525">
        <ele>248.0712890625</ele>
        <time>2026-09-10T22:45:05Z</time>
        <extensions>
          <gpxtpx:TrackPointExtension>
            <gpxtpx:hr>145</gpxtpx:hr>
          </gpxtpx:TrackPointExtension>
        </extensions>
      </trkpt>
      <trkpt lat="29.602592442008064" lon="106.31705838126904">
        <ele>248.55517578125</ele>
        <time>2026-09-10T22:45:14Z</time>
        <extensions>
          <gpxtpx:TrackPointExtension>
            <gpxtpx:hr>146</gpxtpx:hr>
          </gpxtpx:TrackPointExtension>
        </extensions>
      </trkpt>
      <trkpt lat="29.602574112211823" lon="106.31723494849412">
        <ele>250.81268310546875</ele>
        <time>2026-09-10T22:45:20Z</time>
        <extensions>
          <gpxtpx:TrackPointExtension>
            <gpxtpx:hr>146</gpxtpx:hr>
          </gpxtpx:TrackPointExtension>
        </extensions>
      </trkpt>
      <trkpt lat="29.602457833078137" lon="106.31740054838473">
        <ele>249.3277587890625</ele>
        <time>2026-09-10T22:45:26Z</time>
        <extensions>
          <gpxtpx:TrackPointExtension>
            <gpxtpx:hr>144</gpxtpx:hr>
          </gpxtpx:TrackPointExtension>
        </extensions>
      </trkpt>
      <trkpt lat="29.602393763557444" lon="106.31744743694316">
        <ele>245.62408447265625</ele>
        <time>2026-09-10T22:45:29Z</time>
        <extensions>
          <gpxtpx:TrackPointExtension>
            <gpxtpx:hr>144</gpxtpx:hr>
          </gpxtpx:TrackPointExtension>
        </extensions>
      </trkpt>
      <trkpt lat="29.602134742371426" lon="106.31750032251361">
        <ele>247.77410888671875</ele>
        <time>2026-09-10T22:45:41Z</time>
        <extensions>
          <gpxtpx:TrackPointExtension>
            <gpxtpx:hr>144</gpxtpx:hr>
          </gpxtpx:TrackPointExtension>
        </extensions>
      </trkpt>
      <trkpt lat="29.602047784200103" lon="106.3174923473845">
        <ele>251.9368896484375</ele>
        <time>2026-09-10T22:45:44Z</time>
        <extensions>
          <gpxtpx:TrackPointExtension>
            <gpxtpx:hr>145</gpxtpx:hr>
          </gpxtpx:TrackPointExtension>
        </extensions>
      </trkpt>
      <trkpt lat="29.602007730088648" lon="106.31752726391426">
        <ele>252.2689208984375</ele>
        <time>2026-09-10T22:45:47Z</time>
        <extensions>
          <gpxtpx:TrackPointExtension>
            <gpxtpx:hr>145</gpxtpx:hr>
          </gpxtpx:TrackPointExtension>
        </extensions>
      </trkpt>
      <trkpt lat="29.601934376875526" lon="106.3177247823195">
        <ele>250.604736328125</ele>
        <time>2026-09-10T22:45:53Z</time>
        <extensions>
          <gpxtpx:TrackPointExtension>
            <gpxtpx:hr>145</gpxtpx:hr>
          </gpxtpx:TrackPointExtension>
        </extensions>
      </trkpt>
      <trkpt lat="29.601907707142338" lon="106.31808090697076">
        <ele>250.42352294921875</ele>
        <time>2026-09-10T22:46:06Z</time>
        <extensions>
          <gpxtpx:TrackPointExtension>
            <gpxtpx:hr>146</gpxtpx:hr>
          </gpxtpx:TrackPointExtension>
        </extensions>
      </trkpt>
      <trkpt lat="29.601874048446604" lon="106.31843204353397">
        <ele>250.2872314453125</ele>
        <time>2026-09-10T22:46:18Z</time>
        <extensions>
          <gpxtpx:TrackPointExtension>
            <gpxtpx:hr>143</gpxtpx:hr>
          </gpxtpx:TrackPointExtension>
        </extensions>
      </trkpt>
      <trkpt lat="29.60185988734825" lon="106.31851883036332">
        <ele>250.4010009765625</ele>
        <time>2026-09-10T22:46:21Z</time>
        <extensions>
          <gpxtpx:TrackPointExtension>
            <gpxtpx:hr>143</gpxtpx:hr>
          </gpxtpx:TrackPointExtension>
        </extensions>
      </trkpt>
      <trkpt lat="29.601861167747856" lon="106.3188958998705">
        <ele>252.0299072265625</ele>
        <time>2026-09-10T22:46:33Z</time>
        <extensions>
          <gpxtpx:TrackPointExtension>
            <gpxtpx:hr>144</gpxtpx:hr>
          </gpxtpx:TrackPointExtension>
        </extensions>
      </trkpt>
      <trkpt lat="29.601866522495982" lon="106.31923306690665">
        <ele>250.132080078125</ele>
        <time>2026-09-10T22:46:45Z</time>
        <extensions>
          <gpxtpx:TrackPointExtension>
            <gpxtpx:hr>141</gpxtpx:hr>
          </gpxtpx:TrackPointExtension>
        </extensions>
      </trkpt>
      <trkpt lat="29.601871185752152" lon="106.31940863281787">
        <ele>250.516357421875</ele>
        <time>2026-09-10T22:46:51Z</time>
        <extensions>
          <gpxtpx:TrackPointExtension>
            <gpxtpx:hr>142</gpxtpx:hr>
          </gpxtpx:TrackPointExtension>
        </extensions>
      </trkpt>
      <trkpt lat="29.601914838837104" lon="106.31958319868319">
        <ele>247.5948486328125</ele>
        <time>2026-09-10T22:46:57Z</time>
        <extensions>
          <gpxtpx:TrackPointExtension>
            <gpxtpx:hr>142</gpxtpx:hr>
          </gpxtpx:TrackPointExtension>
        </extensions>
      </trkpt>
      <trkpt lat="29.601914144965562" lon="106.31994630071546">
        <ele>249.87841796875</ele>
        <time>2026-09-10T22:47:09Z</time>
        <extensions>
          <gpxtpx:TrackPointExtension>
            <gpxtpx:hr>142</gpxtpx:hr>
          </gpxtpx:TrackPointExtension>
        </extensions>
      </trkpt>
      <trkpt lat="29.60215227031782" lon="106.31984254298908">
        <ele>251.9620361328125</ele>
        <time>2026-09-10T22:47:24Z</time>
        <extensions>
          <gpxtpx:TrackPointExtension>
            <gpxtpx:hr>143</gpxtpx:hr>
          </gpxtpx:TrackPointExtension>
        </extensions>
      </trkpt>
      <trkpt lat="29.602322225882823" lon="106.31983854260555">
        <ele>249.43896484375</ele>
        <time>2026-09-10T22:47:30Z</time>
        <extensions>
          <gpxtpx:TrackPointExtension>
            <gpxtpx:hr>143</gpxtpx:hr>
          </gpxtpx:TrackPointExtension>
        </extensions>
      </trkpt>
      <trkpt lat="29.602409279323343" lon="106.31979664098164">
        <ele>249.9530029296875</ele>
        <time>2026-09-10T22:47:33Z</time>
        <extensions>
          <gpxtpx:TrackPointExtension>
            <gpxtpx:hr>143</gpxtpx:hr>
          </gpxtpx:TrackPointExtension>
        </extensions>
      </trkpt>
      <trkpt lat="29.602465509983997" lon="106.31966695828854">
        <ele>250.1029052734375</ele>
        <time>2026-09-10T22:47:39Z</time>
        <extensions>
          <gpxtpx:TrackPointExtension>
            <gpxtpx:hr>143</gpxtpx:hr>
          </gpxtpx:TrackPointExtension>
        </extensions>
      </trkpt>
      <trkpt lat="29.602482817379574" lon="106.31959024255121">
        <ele>250.769775390625</ele>
        <time>2026-09-10T22:47:42Z</time>
        <extensions>
          <gpxtpx:TrackPointExtension>
            <gpxtpx:hr>144</gpxtpx:hr>
          </gpxtpx:TrackPointExtension>
        </extensions>
      </trkpt>
      <trkpt lat="29.602613792474767" lon="106.31949537352514">
        <ele>249.352783203125</ele>
        <time>2026-09-10T22:47:51Z</time>
        <extensions>
          <gpxtpx:TrackPointExtension>
            <gpxtpx:hr>142</gpxtpx:hr>
          </gpxtpx:TrackPointExtension>
        </extensions>
      </trkpt>
      <trkpt lat="29.602671782362115" lon="106.31949137989004">
        <ele>250.348388671875</ele>
        <time>2026-09-10T22:47:54Z</time>
        <extensions>
          <gpxtpx:TrackPointExtension>
            <gpxtpx:hr>142</gpxtpx:hr>
          </gpxtpx:TrackPointExtension>
        </extensions>
      </trkpt>
      <trkpt lat="29.602714734922152" lon="106.31950933291526">
        <ele>248.5126953125</ele>
        <time>2026-09-10T22:47:57Z</time>
        <extensions>
          <gpxtpx:TrackPointExtension>
            <gpxtpx:hr>141</gpxtpx:hr>
          </gpxtpx:TrackPointExtension>
        </extensions>
      </trkpt>
      <trkpt lat="29.60277784522076" lon="106.31944149677197">
        <ele>243.459716796875</ele>
        <time>2026-09-10T22:48:03Z</time>
        <extensions>
          <gpxtpx:TrackPointExtension>
            <gpxtpx:hr>141</gpxtpx:hr>
          </gpxtpx:TrackPointExtension>
        </extensions>
      </trkpt>
      <trkpt lat="29.602852343779034" lon="106.31924543992561">
        <ele>240.74737548828125</ele>
        <time>2026-09-10T22:48:12Z</time>
        <extensions>
          <gpxtpx:TrackPointExtension>
            <gpxtpx:hr>143</gpxtpx:hr>
          </gpxtpx:TrackPointExtension>
        </extensions>
      </trkpt>
      <trkpt lat="29.602861391208183" lon="106.31914223113822">
        <ele>238.81134033203125</ele>
        <time>2026-09-10T22:48:15Z</time>
        <extensions>
          <gpxtpx:TrackPointExtension>
            <gpxtpx:hr>144</gpxtpx:hr>
          </gpxtpx:TrackPointExtension>
        </extensions>
      </trkpt>
      <trkpt lat="29.602928646766593" lon="106.31899758428864">
        <ele>237.8978271484375</ele>
        <time>2026-09-10T22:48:21Z</time>
        <extensions>
          <gpxtpx:TrackPointExtension>
            <gpxtpx:hr>141</gpxtpx:hr>
          </gpxtpx:TrackPointExtension>
        </extensions>
      </trkpt>
      <trkpt lat="29.602946818259902" lon="106.31890481223674">
        <ele>237.96258544921875</ele>
        <time>2026-09-10T22:48:24Z</time>
        <extensions>
          <gpxtpx:TrackPointExtension>
            <gpxtpx:hr>141</gpxtpx:hr>
          </gpxtpx:TrackPointExtension>
        </extensions>
      </trkpt>
      <trkpt lat="29.602908664813025" lon="106.31859627637772">
        <ele>241.67437744140625</ele>
        <time>2026-09-10T22:48:33Z</time>
        <extensions>
          <gpxtpx:TrackPointExtension>
            <gpxtpx:hr>141</gpxtpx:hr>
          </gpxtpx:TrackPointExtension>
        </extensions>
      </trkpt>
      <trkpt lat="29.60287995130425" lon="106.31848003368641">
        <ele>244.66485595703125</ele>
        <time>2026-09-10T22:48:36Z</time>
        <extensions>
          <gpxtpx:TrackPointExtension>
            <gpxtpx:hr>140</gpxtpx:hr>
          </gpxtpx:TrackPointExtension>
        </extensions>
      </trkpt>
      <trkpt lat="29.60288922425471" lon="106.3181766118379">
        <ele>245.89892578125</ele>
        <time>2026-09-10T22:48:45Z</time>
        <extensions>
          <gpxtpx:TrackPointExtension>
            <gpxtpx:hr>138</gpxtpx:hr>
          </gpxtpx:TrackPointExtension>
        </extensions>
      </trkpt>
      <trkpt lat="29.602934343475617" lon="106.31810678117934">
        <ele>243.94854736328125</ele>
        <time>2026-09-10T22:48:48Z</time>
        <extensions>
          <gpxtpx:TrackPointExtension>
            <gpxtpx:hr>137</gpxtpx:hr>
          </gpxtpx:TrackPointExtension>
        </extensions>
      </trkpt>
      <trkpt lat="29.6029746258701" lon="106.31783226770594">
        <ele>243.52349853515625</ele>
        <time>2026-09-10T22:48:57Z</time>
        <extensions>
          <gpxtpx:TrackPointExtension>
            <gpxtpx:hr>139</gpxtpx:hr>
          </gpxtpx:TrackPointExtension>
        </extensions>
      </trkpt>
      <trkpt lat="29.602935421391976" lon="106.31762919584264">
        <ele>248.751708984375</ele>
        <time>2026-09-10T22:49:03Z</time>
        <extensions>
          <gpxtpx:TrackPointExtension>
            <gpxtpx:hr>145</gpxtpx:hr>
          </gpxtpx:TrackPointExtension>
        </extensions>
      </trkpt>
      <trkpt lat="29.602972872786598" lon="106.31729677242927">
        <ele>249.66632080078125</ele>
        <time>2026-09-10T22:49:12Z</time>
        <extensions>
          <gpxtpx:TrackPointExtension>
            <gpxtpx:hr>145</gpxtpx:hr>
          </gpxtpx:TrackPointExtension>
        </extensions>
      </trkpt>
      <trkpt lat="29.6029785607409" lon="106.31693366427832">
        <ele>245.6612548828125</ele>
        <time>2026-09-10T22:49:27Z</time>
        <extensions>
          <gpxtpx:TrackPointExtension>
            <gpxtpx:hr>142</gpxtpx:hr>
          </gpxtpx:TrackPointExtension>
        </extensions>
      </trkpt>
      <trkpt lat="29.603003170320314" lon="106.31679679359291">
        <ele>246.4573974609375</ele>
        <time>2026-09-10T22:49:33Z</time>
        <extensions>
          <gpxtpx:TrackPointExtension>
            <gpxtpx:hr>142</gpxtpx:hr>
          </gpxtpx:TrackPointExtension>
        </extensions>
      </trkpt>
      <trkpt lat="29.60294780140415" lon="106.31658224815435">
        <ele>253.61846923828125</ele>
        <time>2026-09-10T22:49:39Z</time>
        <extensions>
          <gpxtpx:TrackPointExtension>
            <gpxtpx:hr>142</gpxtpx:hr>
          </gpxtpx:TrackPointExtension>
        </extensions>
      </trkpt>
      <trkpt lat="29.60288939796562" lon="106.31650671746004">
        <ele>253.431640625</ele>
        <time>2026-09-10T22:49:42Z</time>
        <extensions>
          <gpxtpx:TrackPointExtension>
            <gpxtpx:hr>142</gpxtpx:hr>
          </gpxtpx:TrackPointExtension>
        </extensions>
      </trkpt>
      <trkpt lat="29.602825479905523" lon="106.31647380204184">
        <ele>251.7479248046875</ele>
        <time>2026-09-10T22:49:45Z</time>
        <extensions>
          <gpxtpx:TrackPointExtension>
            <gpxtpx:hr>142</gpxtpx:hr>
          </gpxtpx:TrackPointExtension>
        </extensions>
      </trkpt>
      <trkpt lat="29.602700537011355" lon="106.31646383403128">
        <ele>254.19232177734375</ele>
        <time>2026-09-10T22:49:51Z</time>
        <extensions>
          <gpxtpx:TrackPointExtension>
            <gpxtpx:hr>141</gpxtpx:hr>
          </gpxtpx:TrackPointExtension>
        </extensions>
      </trkpt>
      <trkpt lat="29.602633479984462" lon="106.31650473777107">
        <ele>254.76220703125</ele>
        <time>2026-09-10T22:49:54Z</time>
        <extensions>
          <gpxtpx:TrackPointExtension>
            <gpxtpx:hr>141</gpxtpx:hr>
          </gpxtpx:TrackPointExtension>
        </extensions>
      </trkpt>
      <trkpt lat="29.602601353628724" lon="106.31657656353852">
        <ele>254.06884765625</ele>
        <time>2026-09-10T22:49:57Z</time>
        <extensions>
          <gpxtpx:TrackPointExtension>
            <gpxtpx:hr>141</gpxtpx:hr>
          </gpxtpx:TrackPointExtension>
        </extensions>
      </trkpt>
      <trkpt lat="29.602581784283153" lon="106.31687982046232">
        <ele>253.34814453125</ele>
        <time>2026-09-10T22:50:06Z</time>
        <extensions>
          <gpxtpx:TrackPointExtension>
            <gpxtpx:hr>141</gpxtpx:hr>
          </gpxtpx:TrackPointExtension>
        </extensions>
      </trkpt>
      <trkpt lat="29.602600348649627" lon="106.31710626315258">
        <ele>246.54669189453125</ele>
        <time>2026-09-10T22:50:15Z</time>
        <extensions>
          <gpxtpx:TrackPointExtension>
            <gpxtpx:hr>141</gpxtpx:hr>
          </gpxtpx:TrackPointExtension>
        </extensions>
      </trkpt>
      <trkpt lat="29.602562064719166" lon="106.31726188301549">
        <ele>250.83416748046875</ele>
        <time>2026-09-10T22:50:21Z</time>
        <extensions>
          <gpxtpx:TrackPointExtension>
            <gpxtpx:hr>141</gpxtpx:hr>
          </gpxtpx:TrackPointExtension>
        </extensions>
      </trkpt>
      <trkpt lat="29.60252395126111" lon="106.31732772345717">
        <ele>249.43572998046875</ele>
        <time>2026-09-10T22:50:24Z</time>
        <extensions>
          <gpxtpx:TrackPointExtension>
            <gpxtpx:hr>141</gpxtpx:hr>
          </gpxtpx:TrackPointExtension>
        </extensions>
      </trkpt>
      <trkpt lat="29.602384804230834" lon="106.31742748655005">
        <ele>243.564697265625</ele>
        <time>2026-09-10T22:50:30Z</time>
        <extensions>
          <gpxtpx:TrackPointExtension>
            <gpxtpx:hr>142</gpxtpx:hr>
          </gpxtpx:TrackPointExtension>
        </extensions>
      </trkpt>
      <trkpt lat="29.602147899310012" lon="106.3175074737269">
        <ele>246.1885986328125</ele>
        <time>2026-09-10T22:50:39Z</time>
        <extensions>
          <gpxtpx:TrackPointExtension>
            <gpxtpx:hr>143</gpxtpx:hr>
          </gpxtpx:TrackPointExtension>
        </extensions>
      </trkpt>
      <trkpt lat="29.602032737597145" lon="106.31751928203849">
        <ele>250.06854248046875</ele>
        <time>2026-09-10T22:50:45Z</time>
        <extensions>
          <gpxtpx:TrackPointExtension>
            <gpxtpx:hr>144</gpxtpx:hr>
          </gpxtpx:TrackPointExtension>
        </extensions>
      </trkpt>
      <trkpt lat="29.60199367748521" lon="106.31755719113947">
        <ele>252.7432861328125</ele>
        <time>2026-09-10T22:50:48Z</time>
        <extensions>
          <gpxtpx:TrackPointExtension>
            <gpxtpx:hr>145</gpxtpx:hr>
          </gpxtpx:TrackPointExtension>
        </extensions>
      </trkpt>
      <trkpt lat="29.601954533904575" lon="106.31763899223483">
        <ele>252.85406494140625</ele>
        <time>2026-09-10T22:50:51Z</time>
        <extensions>
          <gpxtpx:TrackPointExtension>
            <gpxtpx:hr>144</gpxtpx:hr>
          </gpxtpx:TrackPointExtension>
        </extensions>
      </trkpt>
      <trkpt lat="29.601918159746145" lon="106.3178414959827">
        <ele>248.20831298828125</ele>
        <time>2026-09-10T22:50:57Z</time>
        <extensions>
          <gpxtpx:TrackPointExtension>
            <gpxtpx:hr>143</gpxtpx:hr>
          </gpxtpx:TrackPointExtension>
        </extensions>
      </trkpt>
      <trkpt lat="29.601894439492593" lon="106.31822355626767">
        <ele>251.8931884765625</ele>
        <time>2026-09-10T22:51:09Z</time>
        <extensions>
          <gpxtpx:TrackPointExtension>
            <gpxtpx:hr>148</gpxtpx:hr>
          </gpxtpx:TrackPointExtension>
        </extensions>
      </trkpt>
      <trkpt lat="29.60186674639799" lon="106.31859165033114">
        <ele>253.8428955078125</ele>
        <time>2026-09-10T22:51:21Z</time>
        <extensions>
          <gpxtpx:TrackPointExtension>
            <gpxtpx:hr>147</gpxtpx:hr>
          </gpxtpx:TrackPointExtension>
        </extensions>
      </trkpt>
      <trkpt lat="29.601877002983244" lon="106.31897969204569">
        <ele>254.3216552734375</ele>
        <time>2026-09-10T22:51:33Z</time>
        <extensions>
          <gpxtpx:TrackPointExtension>
            <gpxtpx:hr>147</gpxtpx:hr>
          </gpxtpx:TrackPointExtension>
        </extensions>
      </trkpt>
      <trkpt lat="29.60188149314003" lon="106.31924603396669">
        <ele>252.0517578125</ele>
        <time>2026-09-10T22:51:42Z</time>
        <extensions>
          <gpxtpx:TrackPointExtension>
            <gpxtpx:hr>145</gpxtpx:hr>
          </gpxtpx:TrackPointExtension>
        </extensions>
      </trkpt>
      <trkpt lat="29.60192614983679" lon="106.31941860484956">
        <ele>251.38763427734375</ele>
        <time>2026-09-10T22:51:48Z</time>
        <extensions>
          <gpxtpx:TrackPointExtension>
            <gpxtpx:hr>145</gpxtpx:hr>
          </gpxtpx:TrackPointExtension>
        </extensions>
      </trkpt>
      <trkpt lat="29.601920457713042" lon="106.31978170747897">
        <ele>253.4739990234375</ele>
        <time>2026-09-10T22:52:00Z</time>
        <extensions>
          <gpxtpx:TrackPointExtension>
            <gpxtpx:hr>146</gpxtpx:hr>
          </gpxtpx:TrackPointExtension>
        </extensions>
      </trkpt>
      <trkpt lat="29.601925084385062" lon="106.31997622601537">
        <ele>256.38519287109375</ele>
        <time>2026-09-10T22:52:06Z</time>
        <extensions>
          <gpxtpx:TrackPointExtension>
            <gpxtpx:hr>146</gpxtpx:hr>
          </gpxtpx:TrackPointExtension>
        </extensions>
      </trkpt>
      <trkpt lat="29.60193996726882" lon="106.32003507949307">
        <ele>257.29827880859375</ele>
        <time>2026-09-10T22:52:09Z</time>
        <extensions>
          <gpxtpx:TrackPointExtension>
            <gpxtpx:hr>146</gpxtpx:hr>
          </gpxtpx:TrackPointExtension>
        </extensions>
      </trkpt>
      <trkpt lat="29.602040094898385" lon="106.31995227830903">
        <ele>256.10986328125</ele>
        <time>2026-09-10T22:52:15Z</time>
        <extensions>
          <gpxtpx:TrackPointExtension>
            <gpxtpx:hr>142</gpxtpx:hr>
          </gpxtpx:TrackPointExtension>
        </extensions>
      </trkpt>
      <trkpt lat="29.602235197231447" lon="106.31986747629848">
        <ele>253.95361328125</ele>
        <time>2026-09-10T22:52:24Z</time>
        <extensions>
          <gpxtpx:TrackPointExtension>
            <gpxtpx:hr>141</gpxtpx:hr>
          </gpxtpx:TrackPointExtension>
        </extensions>
      </trkpt>
      <trkpt lat="29.602330099260264" lon="106.31985454763598">
        <ele>252.40411376953125</ele>
        <time>2026-09-10T22:52:27Z</time>
        <extensions>
          <gpxtpx:TrackPointExtension>
            <gpxtpx:hr>141</gpxtpx:hr>
          </gpxtpx:TrackPointExtension>
        </extensions>
      </trkpt>
      <trkpt lat="29.602400257294764" lon="106.3198096094515">
        <ele>249.635498046875</ele>
        <time>2026-09-10T22:52:30Z</time>
        <extensions>
          <gpxtpx:TrackPointExtension>
            <gpxtpx:hr>141</gpxtpx:hr>
          </gpxtpx:TrackPointExtension>
        </extensions>
      </trkpt>
      <trkpt lat="29.60249930110542" lon="106.3195397728643">
        <ele>249.16607666015625</ele>
        <time>2026-09-10T22:52:42Z</time>
        <extensions>
          <gpxtpx:TrackPointExtension>
            <gpxtpx:hr>141</gpxtpx:hr>
          </gpxtpx:TrackPointExtension>
        </extensions>
      </trkpt>
      <trkpt lat="29.602601820912497" lon="106.31948240630146">
        <ele>250.07843017578125</ele>
        <time>2026-09-10T22:52:48Z</time>
        <extensions>
          <gpxtpx:TrackPointExtension>
            <gpxtpx:hr>142</gpxtpx:hr>
          </gpxtpx:TrackPointExtension>
        </extensions>
      </trkpt>
      <trkpt lat="29.602736792976547" lon="106.31947541541942">
        <ele>248.4317626953125</ele>
        <time>2026-09-10T22:52:54Z</time>
        <extensions>
          <gpxtpx:TrackPointExtension>
            <gpxtpx:hr>142</gpxtpx:hr>
          </gpxtpx:TrackPointExtension>
        </extensions>
      </trkpt>
      <trkpt lat="29.602783816715927" lon="106.3194554618947">
        <ele>245.19757080078125</ele>
        <time>2026-09-10T22:52:57Z</time>
        <extensions>
          <gpxtpx:TrackPointExtension>
            <gpxtpx:hr>141</gpxtpx:hr>
          </gpxtpx:TrackPointExtension>
        </extensions>
      </trkpt>
      <trkpt lat="29.602818834542543" lon="106.31927651108133">
        <ele>241.98992919921875</ele>
        <time>2026-09-10T22:53:06Z</time>
        <extensions>
          <gpxtpx:TrackPointExtension>
            <gpxtpx:hr>142</gpxtpx:hr>
          </gpxtpx:TrackPointExtension>
        </extensions>
      </trkpt>
      <trkpt lat="29.602945474654444" lon="106.31895330221394">
        <ele>237.17364501953125</ele>
        <time>2026-09-10T22:53:18Z</time>
        <extensions>
          <gpxtpx:TrackPointExtension>
            <gpxtpx:hr>142</gpxtpx:hr>
          </gpxtpx:TrackPointExtension>
        </extensions>
      </trkpt>
      <trkpt lat="29.602954098452088" lon="106.3188490540823">
        <ele>237.332275390625</ele>
        <time>2026-09-10T22:53:21Z</time>
        <extensions>
          <gpxtpx:TrackPointExtension>
            <gpxtpx:hr>141</gpxtpx:hr>
          </gpxtpx:TrackPointExtension>
        </extensions>
      </trkpt>
      <trkpt lat="29.60290123416442" lon="106.31865271117825">
        <ele>240.51885986328125</ele>
        <time>2026-09-10T22:53:27Z</time>
        <extensions>
          <gpxtpx:TrackPointExtension>
            <gpxtpx:hr>140</gpxtpx:hr>
          </gpxtpx:TrackPointExtension>
        </extensions>
      </trkpt>
      <trkpt lat="29.602885316490955" lon="106.31848389281423">
        <ele>247.0181884765625</ele>
        <time>2026-09-10T22:53:33Z</time>
        <extensions>
          <gpxtpx:TrackPointExtension>
            <gpxtpx:hr>140</gpxtpx:hr>
          </gpxtpx:TrackPointExtension>
        </extensions>
      </trkpt>
      <trkpt lat="29.602937207694403" lon="106.3181776064868">
        <ele>248.427001953125</ele>
        <time>2026-09-10T22:53:42Z</time>
        <extensions>
          <gpxtpx:TrackPointExtension>
            <gpxtpx:hr>139</gpxtpx:hr>
          </gpxtpx:TrackPointExtension>
        </extensions>
      </trkpt>
      <trkpt lat="29.602962709000078" lon="106.31791026353267">
        <ele>249.74224853515625</ele>
        <time>2026-09-10T22:53:51Z</time>
        <extensions>
          <gpxtpx:TrackPointExtension>
            <gpxtpx:hr>139</gpxtpx:hr>
          </gpxtpx:TrackPointExtension>
        </extensions>
      </trkpt>
      <trkpt lat="29.60292093631145" lon="106.31779754359802">
        <ele>247.92724609375</ele>
        <time>2026-09-10T22:53:57Z</time>
        <extensions>
          <gpxtpx:TrackPointExtension>
            <gpxtpx:hr>143</gpxtpx:hr>
          </gpxtpx:TrackPointExtension>
        </extensions>
      </trkpt>
      <trkpt lat="29.6029031783096" lon="106.31758925275943">
        <ele>249.43096923828125</ele>
        <time>2026-09-10T22:54:03Z</time>
        <extensions>
          <gpxtpx:TrackPointExtension>
            <gpxtpx:hr>142</gpxtpx:hr>
          </gpxtpx:TrackPointExtension>
        </extensions>
      </trkpt>
      <trkpt lat="29.602959011606075" lon="106.31722594736559">
        <ele>249.8587646484375</ele>
        <time>2026-09-10T22:54:12Z</time>
        <extensions>
          <gpxtpx:TrackPointExtension>
            <gpxtpx:hr>144</gpxtpx:hr>
          </gpxtpx:TrackPointExtension>
        </extensions>
      </trkpt>
      <trkpt lat="29.602976154192234" lon="106.31714813755708">
        <ele>247.7947998046875</ele>
        <time>2026-09-10T22:54:15Z</time>
        <extensions>
          <gpxtpx:TrackPointExtension>
            <gpxtpx:hr>144</gpxtpx:hr>
          </gpxtpx:TrackPointExtension>
        </extensions>
      </trkpt>
      <trkpt lat="29.60294862101519" lon="106.31690673222312">
        <ele>240.853515625</ele>
        <time>2026-09-10T22:54:27Z</time>
        <extensions>
          <gpxtpx:TrackPointExtension>
            <gpxtpx:hr>146</gpxtpx:hr>
          </gpxtpx:TrackPointExtension>
        </extensions>
      </trkpt>
      <trkpt lat="29.602968037164153" lon="106.3168257476601">
        <ele>242.4561767578125</ele>
        <time>2026-09-10T22:54:30Z</time>
        <extensions>
          <gpxtpx:TrackPointExtension>
            <gpxtpx:hr>148</gpxtpx:hr>
          </gpxtpx:TrackPointExtension>
        </extensions>
      </trkpt>
      <trkpt lat="29.602927462732865" lon="106.31657850540877">
        <ele>250.694580078125</ele>
        <time>2026-09-10T22:54:36Z</time>
        <extensions>
          <gpxtpx:TrackPointExtension>
            <gpxtpx:hr>149</gpxtpx:hr>
          </gpxtpx:TrackPointExtension>
        </extensions>
      </trkpt>
      <trkpt lat="29.60288540296875" lon="106.31650472259376">
        <ele>251.830810546875</ele>
        <time>2026-09-10T22:54:39Z</time>
        <extensions>
          <gpxtpx:TrackPointExtension>
            <gpxtpx:hr>148</gpxtpx:hr>
          </gpxtpx:TrackPointExtension>
        </extensions>
      </trkpt>
      <trkpt lat="29.602812525465897" lon="106.31645185663824">
        <ele>251.3519287109375</ele>
        <time>2026-09-10T22:54:42Z</time>
        <extensions>
          <gpxtpx:TrackPointExtension>
            <gpxtpx:hr>146</gpxtpx:hr>
          </gpxtpx:TrackPointExtension>
        </extensions>
      </trkpt>
      <trkpt lat="29.602691605922253" lon="106.31642892018101">
        <ele>249.40313720703125</ele>
        <time>2026-09-10T22:54:48Z</time>
        <extensions>
          <gpxtpx:TrackPointExtension>
            <gpxtpx:hr>147</gpxtpx:hr>
          </gpxtpx:TrackPointExtension>
        </extensions>
      </trkpt>
      <trkpt lat="29.602642547181766" lon="106.31646782774006">
        <ele>250.76983642578125</ele>
        <time>2026-09-10T22:54:51Z</time>
        <extensions>
          <gpxtpx:TrackPointExtension>
            <gpxtpx:hr>146</gpxtpx:hr>
          </gpxtpx:TrackPointExtension>
        </extensions>
      </trkpt>
      <trkpt lat="29.60260741230485" lon="106.31654464147533">
        <ele>252.24603271484375</ele>
        <time>2026-09-10T22:54:54Z</time>
        <extensions>
          <gpxtpx:TrackPointExtension>
            <gpxtpx:hr>145</gpxtpx:hr>
          </gpxtpx:TrackPointExtension>
        </extensions>
      </trkpt>
      <trkpt lat="29.60257490376943" lon="106.31681797272216">
        <ele>252.70458984375</ele>
        <time>2026-09-10T22:55:03Z</time>
        <extensions>
          <gpxtpx:TrackPointExtension>
            <gpxtpx:hr>143</gpxtpx:hr>
          </gpxtpx:TrackPointExtension>
        </extensions>
      </trkpt>
      <trkpt lat="29.602612424528655" lon="106.3170643653608">
        <ele>246.64599609375</ele>
        <time>2026-09-10T22:55:12Z</time>
        <extensions>
          <gpxtpx:TrackPointExtension>
            <gpxtpx:hr>142</gpxtpx:hr>
          </gpxtpx:TrackPointExtension>
        </extensions>
      </trkpt>
      <trkpt lat="29.602607283999586" lon="106.3171391818475">
        <ele>247.88494873046875</ele>
        <time>2026-09-10T22:55:15Z</time>
        <extensions>
          <gpxtpx:TrackPointExtension>
            <gpxtpx:hr>143</gpxtpx:hr>
          </gpxtpx:TrackPointExtension>
        </extensions>
      </trkpt>
      <trkpt lat="29.602546027921818" lon="106.3172838300336">
        <ele>250.808837890625</ele>
        <time>2026-09-10T22:55:21Z</time>
        <extensions>
          <gpxtpx:TrackPointExtension>
            <gpxtpx:hr>143</gpxtpx:hr>
          </gpxtpx:TrackPointExtension>
        </extensions>
      </trkpt>
      <trkpt lat="29.602389810284016" lon="106.3174234960614">
        <ele>244.33416748046875</ele>
        <time>2026-09-10T22:55:27Z</time>
        <extensions>
          <gpxtpx:TrackPointExtension>
            <gpxtpx:hr>143</gpxtpx:hr>
          </gpxtpx:TrackPointExtension>
        </extensions>
      </trkpt>
      <trkpt lat="29.602171732932877" lon="106.31749932273799">
        <ele>250.46173095703125</ele>
        <time>2026-09-10T22:55:36Z</time>
        <extensions>
          <gpxtpx:TrackPointExtension>
            <gpxtpx:hr>144</gpxtpx:hr>
          </gpxtpx:TrackPointExtension>
        </extensions>
      </trkpt>
      <trkpt lat="29.602024783664344" lon="106.31749633895579">
        <ele>254.773681640625</ele>
        <time>2026-09-10T22:55:42Z</time>
        <extensions>
          <gpxtpx:TrackPointExtension>
            <gpxtpx:hr>145</gpxtpx:hr>
          </gpxtpx:TrackPointExtension>
        </extensions>
      </trkpt>
      <trkpt lat="29.601926546283437" lon="106.31763699883112">
        <ele>258.00341796875</ele>
        <time>2026-09-10T22:55:48Z</time>
        <extensions>
          <gpxtpx:TrackPointExtension>
            <gpxtpx:hr>145</gpxtpx:hr>
          </gpxtpx:TrackPointExtension>
        </extensions>
      </trkpt>
      <trkpt lat="29.60189017402631" lon="106.31783850503777">
        <ele>254.561767578125</ele>
        <time>2026-09-10T22:55:54Z</time>
        <extensions>
          <gpxtpx:TrackPointExtension>
            <gpxtpx:hr>145</gpxtpx:hr>
          </gpxtpx:TrackPointExtension>
        </extensions>
      </trkpt>
      <trkpt lat="29.60188149857416" lon="106.31819462834201">
        <ele>252.97698974609375</ele>
        <time>2026-09-10T22:56:06Z</time>
        <extensions>
          <gpxtpx:TrackPointExtension>
            <gpxtpx:hr>146</gpxtpx:hr>
          </gpxtpx:TrackPointExtension>
        </extensions>
      </trkpt>
      <trkpt lat="29.601869169725198" lon="106.3183691987829">
        <ele>253.14117431640625</ele>
        <time>2026-09-10T22:56:12Z</time>
        <extensions>
          <gpxtpx:TrackPointExtension>
            <gpxtpx:hr>146</gpxtpx:hr>
          </gpxtpx:TrackPointExtension>
        </extensions>
      </trkpt>
      <trkpt lat="29.60184816073599" lon="106.3184609640307">
        <ele>252.279052734375</ele>
        <time>2026-09-10T22:56:15Z</time>
        <extensions>
          <gpxtpx:TrackPointExtension>
            <gpxtpx:hr>147</gpxtpx:hr>
          </gpxtpx:TrackPointExtension>
        </extensions>
      </trkpt>
      <trkpt lat="29.601877381645565" lon="106.31878118204297">
        <ele>254.3597412109375</ele>
        <time>2026-09-10T22:56:24Z</time>
        <extensions>
          <gpxtpx:TrackPointExtension>
            <gpxtpx:hr>147</gpxtpx:hr>
          </gpxtpx:TrackPointExtension>
        </extensions>
      </trkpt>
      <trkpt lat="29.601873646964275" lon="106.3191672310174">
        <ele>252.7677001953125</ele>
        <time>2026-09-10T22:56:36Z</time>
        <extensions>
          <gpxtpx:TrackPointExtension>
            <gpxtpx:hr>147</gpxtpx:hr>
          </gpxtpx:TrackPointExtension>
        </extensions>
      </trkpt>
      <trkpt lat="29.601926115546544" lon="106.31943656047488">
        <ele>251.560791015625</ele>
        <time>2026-09-10T22:56:45Z</time>
        <extensions>
          <gpxtpx:TrackPointExtension>
            <gpxtpx:hr>146</gpxtpx:hr>
          </gpxtpx:TrackPointExtension>
        </extensions>
      </trkpt>
      <trkpt lat="29.60195447588272" lon="106.31976674243343">
        <ele>250.957275390625</ele>
        <time>2026-09-10T22:56:57Z</time>
        <extensions>
          <gpxtpx:TrackPointExtension>
            <gpxtpx:hr>147</gpxtpx:hr>
          </gpxtpx:TrackPointExtension>
        </extensions>
      </trkpt>
      <trkpt lat="29.601937309931273" lon="106.3199869444256">
        <ele>254.0126953125</ele>
        <time>2026-09-10T22:57:03Z</time>
        <extensions>
          <gpxtpx:TrackPointExtension>
            <gpxtpx:hr>144</gpxtpx:hr>
          </gpxtpx:TrackPointExtension>
        </extensions>
      </trkpt>
      <trkpt lat="29.601968961655825" lon="106.3200251240112">
        <ele>254.3345947265625</ele>
        <time>2026-09-10T22:57:06Z</time>
        <extensions>
          <gpxtpx:TrackPointExtension>
            <gpxtpx:hr>145</gpxtpx:hr>
          </gpxtpx:TrackPointExtension>
        </extensions>
      </trkpt>
      <trkpt lat="29.602087152954642" lon="106.31991436924922">
        <ele>255.85791015625</ele>
        <time>2026-09-10T22:57:12Z</time>
        <extensions>
          <gpxtpx:TrackPointExtension>
            <gpxtpx:hr>144</gpxtpx:hr>
          </gpxtpx:TrackPointExtension>
        </extensions>
      </trkpt>
      <trkpt lat="29.60227924286091" lon="106.31983655013353">
        <ele>253.3115234375</ele>
        <time>2026-09-10T22:57:21Z</time>
        <extensions>
          <gpxtpx:TrackPointExtension>
            <gpxtpx:hr>144</gpxtpx:hr>
          </gpxtpx:TrackPointExtension>
        </extensions>
      </trkpt>
      <trkpt lat="29.602376938833704" lon="106.31982385256669">
        <ele>250.51202392578125</ele>
        <time>2026-09-10T22:57:24Z</time>
        <extensions>
          <gpxtpx:TrackPointExtension>
            <gpxtpx:hr>144</gpxtpx:hr>
          </gpxtpx:TrackPointExtension>
        </extensions>
      </trkpt>
      <trkpt lat="29.602420363645763" lon="106.31975075380049">
        <ele>252.519775390625</ele>
        <time>2026-09-10T22:57:27Z</time>
        <extensions>
          <gpxtpx:TrackPointExtension>
            <gpxtpx:hr>144</gpxtpx:hr>
          </gpxtpx:TrackPointExtension>
        </extensions>
      </trkpt>
      <trkpt lat="29.60251039733113" lon="106.31966248550232">
        <ele>251.56756591796875</ele>
        <time>2026-09-10T22:57:33Z</time>
        <extensions>
          <gpxtpx:TrackPointExtension>
            <gpxtpx:hr>144</gpxtpx:hr>
          </gpxtpx:TrackPointExtension>
        </extensions>
      </trkpt>
      <trkpt lat="29.602569444064418" lon="106.31953687863533">
        <ele>254.1448974609375</ele>
        <time>2026-09-10T22:57:36Z</time>
        <extensions>
          <gpxtpx:TrackPointExtension>
            <gpxtpx:hr>144</gpxtpx:hr>
          </gpxtpx:TrackPointExtension>
        </extensions>
      </trkpt>
      <trkpt lat="29.602659772693954" lon="106.31949836335431">
        <ele>256.0281982421875</ele>
        <time>2026-09-10T22:57:42Z</time>
        <extensions>
          <gpxtpx:TrackPointExtension>
            <gpxtpx:hr>144</gpxtpx:hr>
          </gpxtpx:TrackPointExtension>
        </extensions>
      </trkpt>
      <trkpt lat="29.60275076507704" lon="106.31949627116447">
        <ele>251.45751953125</ele>
        <time>2026-09-10T22:57:48Z</time>
        <extensions>
          <gpxtpx:TrackPointExtension>
            <gpxtpx:hr>145</gpxtpx:hr>
          </gpxtpx:TrackPointExtension>
        </extensions>
      </trkpt>
      <trkpt lat="29.60279486860147" lon="106.31942653272657">
        <ele>247.1815185546875</ele>
        <time>2026-09-10T22:57:54Z</time>
        <extensions>
          <gpxtpx:TrackPointExtension>
            <gpxtpx:hr>146</gpxtpx:hr>
          </gpxtpx:TrackPointExtension>
        </extensions>
      </trkpt>
      <trkpt lat="29.602813049774188" lon="106.31932877321337">
        <ele>245.54876708984375</ele>
        <time>2026-09-10T22:57:57Z</time>
        <extensions>
          <gpxtpx:TrackPointExtension>
            <gpxtpx:hr>146</gpxtpx:hr>
          </gpxtpx:TrackPointExtension>
        </extensions>
      </trkpt>
      <trkpt lat="29.60287634664311" lon="106.31916317849334">
        <ele>242.853271484375</ele>
        <time>2026-09-10T22:58:03Z</time>
        <extensions>
          <gpxtpx:TrackPointExtension>
            <gpxtpx:hr>145</gpxtpx:hr>
          </gpxtpx:TrackPointExtension>
        </extensions>
      </trkpt>
      <trkpt lat="29.60289653281616" lon="106.31906242611248">
        <ele>241.09429931640625</ele>
        <time>2026-09-10T22:58:06Z</time>
        <extensions>
          <gpxtpx:TrackPointExtension>
            <gpxtpx:hr>145</gpxtpx:hr>
          </gpxtpx:TrackPointExtension>
        </extensions>
      </trkpt>
      <trkpt lat="29.6029864724646" lon="106.31895857208198">
        <ele>237.665283203125</ele>
        <time>2026-09-10T22:58:12Z</time>
        <extensions>
          <gpxtpx:TrackPointExtension>
            <gpxtpx:hr>145</gpxtpx:hr>
          </gpxtpx:TrackPointExtension>
        </extensions>
      </trkpt>
      <trkpt lat="29.602983116999813" lon="106.31887588102718">
        <ele>236.364990234375</ele>
        <time>2026-09-10T22:58:15Z</time>
        <extensions>
          <gpxtpx:TrackPointExtension>
            <gpxtpx:hr>146</gpxtpx:hr>
          </gpxtpx:TrackPointExtension>
        </extensions>
      </trkpt>
      <trkpt lat="29.60293797113267" lon="106.31879705435597">
        <ele>235.3194580078125</ele>
        <time>2026-09-10T22:58:18Z</time>
        <extensions>
          <gpxtpx:TrackPointExtension>
            <gpxtpx:hr>146</gpxtpx:hr>
          </gpxtpx:TrackPointExtension>
        </extensions>
      </trkpt>
      <trkpt lat="29.602914333891295" lon="106.3186012587677">
        <ele>240.21710205078125</ele>
        <time>2026-09-10T22:58:24Z</time>
        <extensions>
          <gpxtpx:TrackPointExtension>
            <gpxtpx:hr>146</gpxtpx:hr>
          </gpxtpx:TrackPointExtension>
        </extensions>
      </trkpt>
      <trkpt lat="29.602958009389866" lon="106.31827835691767">
        <ele>243.25128173828125</ele>
        <time>2026-09-10T22:58:33Z</time>
        <extensions>
          <gpxtpx:TrackPointExtension>
            <gpxtpx:hr>146</gpxtpx:hr>
          </gpxtpx:TrackPointExtension>
        </extensions>
      </trkpt>
      <trkpt lat="29.602998606879744" lon="106.31795814344723">
        <ele>247.0750732421875</ele>
        <time>2026-09-10T22:58:42Z</time>
        <extensions>
          <gpxtpx:TrackPointExtension>
            <gpxtpx:hr>145</gpxtpx:hr>
          </gpxtpx:TrackPointExtension>
        </extensions>
      </trkpt>
      <trkpt lat="29.602952507240186" lon="106.31760485844171">
        <ele>252.50018310546875</ele>
        <time>2026-09-10T22:58:51Z</time>
        <extensions>
          <gpxtpx:TrackPointExtension>
            <gpxtpx:hr>146</gpxtpx:hr>
          </gpxtpx:TrackPointExtension>
        </extensions>
      </trkpt>
      <trkpt lat="29.60294590450134" lon="106.31749479851999">
        <ele>252.9228515625</ele>
        <time>2026-09-10T22:58:54Z</time>
        <extensions>
          <gpxtpx:TrackPointExtension>
            <gpxtpx:hr>146</gpxtpx:hr>
          </gpxtpx:TrackPointExtension>
        </extensions>
      </trkpt>
      <trkpt lat="29.60295508482589" lon="106.31718804076834">
        <ele>253.4114990234375</ele>
        <time>2026-09-10T22:59:03Z</time>
        <extensions>
          <gpxtpx:TrackPointExtension>
            <gpxtpx:hr>148</gpxtpx:hr>
          </gpxtpx:TrackPointExtension>
        </extensions>
      </trkpt>
      <trkpt lat="29.60298032154739" lon="106.3170593554448">
        <ele>246.455322265625</ele>
        <time>2026-09-10T22:59:12Z</time>
        <extensions>
          <gpxtpx:TrackPointExtension>
            <gpxtpx:hr>147</gpxtpx:hr>
          </gpxtpx:TrackPointExtension>
        </extensions>
      </trkpt>
      <trkpt lat="29.602975538938676" lon="106.31694563506281">
        <ele>246.18072509765625</ele>
        <time>2026-09-10T22:59:15Z</time>
        <extensions>
          <gpxtpx:TrackPointExtension>
            <gpxtpx:hr>146</gpxtpx:hr>
          </gpxtpx:TrackPointExtension>
        </extensions>
      </trkpt>
      <trkpt lat="29.60299336444618" lon="106.31684905591892">
        <ele>248.388427734375</ele>
        <time>2026-09-10T22:59:18Z</time>
        <extensions>
          <gpxtpx:TrackPointExtension>
            <gpxtpx:hr>146</gpxtpx:hr>
          </gpxtpx:TrackPointExtension>
        </extensions>
      </trkpt>
      <trkpt lat="29.60297148588987" lon="106.31671897664242">
        <ele>251.83599853515625</ele>
        <time>2026-09-10T22:59:21Z</time>
        <extensions>
          <gpxtpx:TrackPointExtension>
            <gpxtpx:hr>145</gpxtpx:hr>
          </gpxtpx:TrackPointExtension>
        </extensions>
      </trkpt>
      <trkpt lat="29.602928426570674" lon="106.31658845372309">
        <ele>252.30615234375</ele>
        <time>2026-09-10T22:59:24Z</time>
        <extensions>
          <gpxtpx:TrackPointExtension>
            <gpxtpx:hr>146</gpxtpx:hr>
          </gpxtpx:TrackPointExtension>
        </extensions>
      </trkpt>
      <trkpt lat="29.60286343426698" lon="106.31649175572123">
        <ele>252.78289794921875</ele>
        <time>2026-09-10T22:59:27Z</time>
        <extensions>
          <gpxtpx:TrackPointExtension>
            <gpxtpx:hr>146</gpxtpx:hr>
          </gpxtpx:TrackPointExtension>
        </extensions>
      </trkpt>
      <trkpt lat="29.60271262785467" lon="106.31641395560239">
        <ele>251.91656494140625</ele>
        <time>2026-09-10T22:59:33Z</time>
        <extensions>
          <gpxtpx:TrackPointExtension>
            <gpxtpx:hr>147</gpxtpx:hr>
          </gpxtpx:TrackPointExtension>
        </extensions>
      </trkpt>
      <trkpt lat="29.6026576182069" lon="106.31642792467447">
        <ele>251.83135986328125</ele>
        <time>2026-09-10T22:59:36Z</time>
        <extensions>
          <gpxtpx:TrackPointExtension>
            <gpxtpx:hr>147</gpxtpx:hr>
          </gpxtpx:TrackPointExtension>
        </extensions>
      </trkpt>
      <trkpt lat="29.60261556299927" lon="106.3164638391505">
        <ele>253.49102783203125</ele>
        <time>2026-09-10T22:59:39Z</time>
        <extensions>
          <gpxtpx:TrackPointExtension>
            <gpxtpx:hr>149</gpxtpx:hr>
          </gpxtpx:TrackPointExtension>
        </extensions>
      </trkpt>
      <trkpt lat="29.60256942203528" lon="106.31654564131729">
        <ele>254.121826171875</ele>
        <time>2026-09-10T22:59:42Z</time>
        <extensions>
          <gpxtpx:TrackPointExtension>
            <gpxtpx:hr>149</gpxtpx:hr>
          </gpxtpx:TrackPointExtension>
        </extensions>
      </trkpt>
      <trkpt lat="29.60253906426891" lon="106.3167391683202">
        <ele>253.2982177734375</ele>
        <time>2026-09-10T22:59:48Z</time>
        <extensions>
          <gpxtpx:TrackPointExtension>
            <gpxtpx:hr>150</gpxtpx:hr>
          </gpxtpx:TrackPointExtension>
        </extensions>
      </trkpt>
      <trkpt lat="29.602541874119254" lon="106.31683892328407">
        <ele>253.84271240234375</ele>
        <time>2026-09-10T22:59:51Z</time>
        <extensions>
          <gpxtpx:TrackPointExtension>
            <gpxtpx:hr>151</gpxtpx:hr>
          </gpxtpx:TrackPointExtension>
        </extensions>
      </trkpt>
      <trkpt lat="29.60258150029183" lon="106.31702945299446">
        <ele>255.4737548828125</ele>
        <time>2026-09-10T22:59:57Z</time>
        <extensions>
          <gpxtpx:TrackPointExtension>
            <gpxtpx:hr>151</gpxtpx:hr>
          </gpxtpx:TrackPointExtension>
        </extensions>
      </trkpt>
      <trkpt lat="29.60258921183256" lon="106.31718008242952">
        <ele>252.37176513671875</ele>
        <time>2026-09-10T23:00:03Z</time>
        <extensions>
          <gpxtpx:TrackPointExtension>
            <gpxtpx:hr>151</gpxtpx:hr>
          </gpxtpx:TrackPointExtension>
        </extensions>
      </trkpt>
      <trkpt lat="29.60257508916744" lon="106.31724691901158">
        <ele>252.21148681640625</ele>
        <time>2026-09-10T23:00:06Z</time>
        <extensions>
          <gpxtpx:TrackPointExtension>
            <gpxtpx:hr>151</gpxtpx:hr>
          </gpxtpx:TrackPointExtension>
        </extensions>
      </trkpt>
      <trkpt lat="29.602462446236366" lon="106.31738257560473">
        <ele>245.08795166015625</ele>
        <time>2026-09-10T23:00:12Z</time>
        <extensions>
          <gpxtpx:TrackPointExtension>
            <gpxtpx:hr>152</gpxtpx:hr>
          </gpxtpx:TrackPointExtension>
        </extensions>
      </trkpt>
      <trkpt lat="29.60215074315848" lon="106.31749732891055">
        <ele>246.17144775390625</ele>
        <time>2026-09-10T23:00:24Z</time>
        <extensions>
          <gpxtpx:TrackPointExtension>
            <gpxtpx:hr>154</gpxtpx:hr>
          </gpxtpx:TrackPointExtension>
        </extensions>
      </trkpt>
      <trkpt lat="29.60201365997514" lon="106.31756317521003">
        <ele>248.21893310546875</ele>
        <time>2026-09-10T23:00:33Z</time>
        <extensions>
          <gpxtpx:TrackPointExtension>
            <gpxtpx:hr>153</gpxtpx:hr>
          </gpxtpx:TrackPointExtension>
        </extensions>
      </trkpt>
      <trkpt lat="29.6019674862867" lon="106.31766193499392">
        <ele>249.6993408203125</ele>
        <time>2026-09-10T23:00:36Z</time>
        <extensions>
          <gpxtpx:TrackPointExtension>
            <gpxtpx:hr>153</gpxtpx:hr>
          </gpxtpx:TrackPointExtension>
        </extensions>
      </trkpt>
      <trkpt lat="29.601928111125694" lon="106.31786543643544">
        <ele>250.7679443359375</ele>
        <time>2026-09-10T23:00:42Z</time>
        <extensions>
          <gpxtpx:TrackPointExtension>
            <gpxtpx:hr>152</gpxtpx:hr>
          </gpxtpx:TrackPointExtension>
        </extensions>
      </trkpt>
      <trkpt lat="29.601913412767214" lon="106.31823452807983">
        <ele>251.24505615234375</ele>
        <time>2026-09-10T23:00:54Z</time>
        <extensions>
          <gpxtpx:TrackPointExtension>
            <gpxtpx:hr>152</gpxtpx:hr>
          </gpxtpx:TrackPointExtension>
        </extensions>
      </trkpt>
      <trkpt lat="29.60186865260197" lon="106.31864052963266">
        <ele>254.905517578125</ele>
        <time>2026-09-10T23:01:06Z</time>
        <extensions>
          <gpxtpx:TrackPointExtension>
            <gpxtpx:hr>150</gpxtpx:hr>
          </gpxtpx:TrackPointExtension>
        </extensions>
      </trkpt>
      <trkpt lat="29.60187308414244" lon="106.31893779572188">
        <ele>252.64044189453125</ele>
        <time>2026-09-10T23:01:15Z</time>
        <extensions>
          <gpxtpx:TrackPointExtension>
            <gpxtpx:hr>149</gpxtpx:hr>
          </gpxtpx:TrackPointExtension>
        </extensions>
      </trkpt>
      <trkpt lat="29.601908395353274" lon="106.31929291651046">
        <ele>250.08251953125</ele>
        <time>2026-09-10T23:01:27Z</time>
        <extensions>
          <gpxtpx:TrackPointExtension>
            <gpxtpx:hr>150</gpxtpx:hr>
          </gpxtpx:TrackPointExtension>
        </extensions>
      </trkpt>
      <trkpt lat="29.60194071461718" lon="106.31964404667681">
        <ele>249.5791015625</ele>
        <time>2026-09-10T23:01:39Z</time>
        <extensions>
          <gpxtpx:TrackPointExtension>
            <gpxtpx:hr>148</gpxtpx:hr>
          </gpxtpx:TrackPointExtension>
        </extensions>
      </trkpt>
      <trkpt lat="29.601959011028892" lon="106.32000914251955">
        <ele>253.09210205078125</ele>
        <time>2026-09-10T23:01:51Z</time>
        <extensions>
          <gpxtpx:TrackPointExtension>
            <gpxtpx:hr>145</gpxtpx:hr>
          </gpxtpx:TrackPointExtension>
        </extensions>
      </trkpt>
      <trkpt lat="29.602055155133687" lon="106.3199183613085">
        <ele>252.20538330078125</ele>
        <time>2026-09-10T23:01:57Z</time>
        <extensions>
          <gpxtpx:TrackPointExtension>
            <gpxtpx:hr>145</gpxtpx:hr>
          </gpxtpx:TrackPointExtension>
        </extensions>
      </trkpt>
      <trkpt lat="29.60219121452054" lon="106.31986548388706">
        <ele>249.8580322265625</ele>
        <time>2026-09-10T23:02:03Z</time>
        <extensions>
          <gpxtpx:TrackPointExtension>
            <gpxtpx:hr>151</gpxtpx:hr>
          </gpxtpx:TrackPointExtension>
        </extensions>
      </trkpt>
      <trkpt lat="29.602410242795898" lon="106.31981559404524">
        <ele>249.799560546875</ele>
        <time>2026-09-10T23:02:09Z</time>
        <extensions>
          <gpxtpx:TrackPointExtension>
            <gpxtpx:hr>153</gpxtpx:hr>
          </gpxtpx:TrackPointExtension>
        </extensions>
      </trkpt>
      <trkpt lat="29.602565379551123" lon="106.31956380481154">
        <ele>252.7889404296875</ele>
        <time>2026-09-10T23:02:21Z</time>
        <extensions>
          <gpxtpx:TrackPointExtension>
            <gpxtpx:hr>157</gpxtpx:hr>
          </gpxtpx:TrackPointExtension>
        </extensions>
      </trkpt>
      <trkpt lat="29.60259595029767" lon="106.3195263541159">
        <ele>251.991943359375</ele>
        <time>2026-09-10T23:02:24Z</time>
        <extensions>
          <gpxtpx:TrackPointExtension>
            <gpxtpx:hr>157</gpxtpx:hr>
          </gpxtpx:TrackPointExtension>
        </extensions>
      </trkpt>
      <trkpt lat="29.60268577046113" lon="106.31949536918333">
        <ele>255.4051513671875</ele>
        <time>2026-09-10T23:02:30Z</time>
        <extensions>
          <gpxtpx:TrackPointExtension>
            <gpxtpx:hr>156</gpxtpx:hr>
          </gpxtpx:TrackPointExtension>
        </extensions>
      </trkpt>
      <trkpt lat="29.602728721116286" lon="106.31951431974245">
        <ele>253.49884033203125</ele>
        <time>2026-09-10T23:02:33Z</time>
        <extensions>
          <gpxtpx:TrackPointExtension>
            <gpxtpx:hr>155</gpxtpx:hr>
          </gpxtpx:TrackPointExtension>
        </extensions>
      </trkpt>
      <trkpt lat="29.60277812026509" lon="106.3194665033539">
        <ele>251.3868408203125</ele>
        <time>2026-09-10T23:02:39Z</time>
        <extensions>
          <gpxtpx:TrackPointExtension>
            <gpxtpx:hr>155</gpxtpx:hr>
          </gpxtpx:TrackPointExtension>
        </extensions>
      </trkpt>
      <trkpt lat="29.60279260674027" lon="106.3194154631408">
        <ele>249.2591552734375</ele>
        <time>2026-09-10T23:02:42Z</time>
        <extensions>
          <gpxtpx:TrackPointExtension>
            <gpxtpx:hr>155</gpxtpx:hr>
          </gpxtpx:TrackPointExtension>
        </extensions>
      </trkpt>
      <trkpt lat="29.6028801407121" lon="106.3192599377952">
        <ele>242.09063720703125</ele>
        <time>2026-09-10T23:02:48Z</time>
        <extensions>
          <gpxtpx:TrackPointExtension>
            <gpxtpx:hr>156</gpxtpx:hr>
          </gpxtpx:TrackPointExtension>
        </extensions>
      </trkpt>
      <trkpt lat="29.60291704970406" lon="106.31916038439354">
        <ele>240.9044189453125</ele>
        <time>2026-09-10T23:02:51Z</time>
        <extensions>
          <gpxtpx:TrackPointExtension>
            <gpxtpx:hr>156</gpxtpx:hr>
          </gpxtpx:TrackPointExtension>
        </extensions>
      </trkpt>
      <trkpt lat="29.60303544833551" lon="106.31903984374551">
        <ele>238.97735595703125</ele>
        <time>2026-09-10T23:02:57Z</time>
        <extensions>
          <gpxtpx:TrackPointExtension>
            <gpxtpx:hr>155</gpxtpx:hr>
          </gpxtpx:TrackPointExtension>
        </extensions>
      </trkpt>
      <trkpt lat="29.603021590591105" lon="106.3189617059908">
        <ele>237.5655517578125</ele>
        <time>2026-09-10T23:03:00Z</time>
        <extensions>
          <gpxtpx:TrackPointExtension>
            <gpxtpx:hr>156</gpxtpx:hr>
          </gpxtpx:TrackPointExtension>
        </extensions>
      </trkpt>
      <trkpt lat="29.602946047515953" lon="106.31876029984134">
        <ele>231.77227783203125</ele>
        <time>2026-09-10T23:03:06Z</time>
        <extensions>
          <gpxtpx:TrackPointExtension>
            <gpxtpx:hr>156</gpxtpx:hr>
          </gpxtpx:TrackPointExtension>
        </extensions>
      </trkpt>
      <trkpt lat="29.60292371439622" lon="106.31864552944464">
        <ele>234.3917236328125</ele>
        <time>2026-09-10T23:03:09Z</time>
        <extensions>
          <gpxtpx:TrackPointExtension>
            <gpxtpx:hr>156</gpxtpx:hr>
          </gpxtpx:TrackPointExtension>
        </extensions>
      </trkpt>
      <trkpt lat="29.6029470336004" lon="106.31842654881535">
        <ele>236.0477294921875</ele>
        <time>2026-09-10T23:03:15Z</time>
        <extensions>
          <gpxtpx:TrackPointExtension>
            <gpxtpx:hr>156</gpxtpx:hr>
          </gpxtpx:TrackPointExtension>
        </extensions>
      </trkpt>
      <trkpt lat="29.602999230870306" lon="106.3181745690468">
        <ele>238.7467041015625</ele>
        <time>2026-09-10T23:03:21Z</time>
        <extensions>
          <gpxtpx:TrackPointExtension>
            <gpxtpx:hr>156</gpxtpx:hr>
          </gpxtpx:TrackPointExtension>
        </extensions>
      </trkpt>
      <trkpt lat="29.603027906817186" lon="106.31777887386782">
        <ele>245.8389892578125</ele>
        <time>2026-09-10T23:03:30Z</time>
        <extensions>
          <gpxtpx:TrackPointExtension>
            <gpxtpx:hr>156</gpxtpx:hr>
          </gpxtpx:TrackPointExtension>
        </extensions>
      </trkpt>
      <trkpt lat="29.602985361259915" lon="106.31742438384683">
        <ele>248.6024169921875</ele>
        <time>2026-09-10T23:03:39Z</time>
        <extensions>
          <gpxtpx:TrackPointExtension>
            <gpxtpx:hr>154</gpxtpx:hr>
          </gpxtpx:TrackPointExtension>
        </extensions>
      </trkpt>
      <trkpt lat="29.60297820116107" lon="106.31709404998182">
        <ele>248.6033935546875</ele>
        <time>2026-09-10T23:03:54Z</time>
        <extensions>
          <gpxtpx:TrackPointExtension>
            <gpxtpx:hr>155</gpxtpx:hr>
          </gpxtpx:TrackPointExtension>
        </extensions>
      </trkpt>
      <trkpt lat="29.602958493010764" lon="106.31697256994148">
        <ele>247.4942626953125</ele>
        <time>2026-09-10T23:03:57Z</time>
        <extensions>
          <gpxtpx:TrackPointExtension>
            <gpxtpx:hr>154</gpxtpx:hr>
          </gpxtpx:TrackPointExtension>
        </extensions>
      </trkpt>
      <trkpt lat="29.602979731419534" lon="106.31663751748945">
        <ele>249.767822265625</ele>
        <time>2026-09-10T23:04:06Z</time>
        <extensions>
          <gpxtpx:TrackPointExtension>
            <gpxtpx:hr>155</gpxtpx:hr>
          </gpxtpx:TrackPointExtension>
        </extensions>
      </trkpt>
      <trkpt lat="29.602922549715704" lon="106.31653932183517">
        <ele>250.02520751953125</ele>
        <time>2026-09-10T23:04:09Z</time>
        <extensions>
          <gpxtpx:TrackPointExtension>
            <gpxtpx:hr>155</gpxtpx:hr>
          </gpxtpx:TrackPointExtension>
        </extensions>
      </trkpt>
      <trkpt lat="29.602731629607334" lon="106.31640996424078">
        <ele>251.97552490234375</ele>
        <time>2026-09-10T23:04:15Z</time>
        <extensions>
          <gpxtpx:TrackPointExtension>
            <gpxtpx:hr>154</gpxtpx:hr>
          </gpxtpx:TrackPointExtension>
        </extensions>
      </trkpt>
      <trkpt lat="29.602677651784408" lon="106.31640697482983">
        <ele>249.93182373046875</ele>
        <time>2026-09-10T23:04:18Z</time>
        <extensions>
          <gpxtpx:TrackPointExtension>
            <gpxtpx:hr>153</gpxtpx:hr>
          </gpxtpx:TrackPointExtension>
        </extensions>
      </trkpt>
      <trkpt lat="29.60262057470285" lon="106.31645685597165">
        <ele>250.4349365234375</ele>
        <time>2026-09-10T23:04:21Z</time>
        <extensions>
          <gpxtpx:TrackPointExtension>
            <gpxtpx:hr>154</gpxtpx:hr>
          </gpxtpx:TrackPointExtension>
        </extensions>
      </trkpt>
      <trkpt lat="29.602557295220738" lon="106.31661447319931">
        <ele>249.6561279296875</ele>
        <time>2026-09-10T23:04:27Z</time>
        <extensions>
          <gpxtpx:TrackPointExtension>
            <gpxtpx:hr>153</gpxtpx:hr>
          </gpxtpx:TrackPointExtension>
        </extensions>
      </trkpt>
      <trkpt lat="29.602547588997474" lon="106.31680918884062">
        <ele>248.2569580078125</ele>
        <time>2026-09-10T23:04:33Z</time>
        <extensions>
          <gpxtpx:TrackPointExtension>
            <gpxtpx:hr>153</gpxtpx:hr>
          </gpxtpx:TrackPointExtension>
        </extensions>
      </trkpt>
      <trkpt lat="29.602598508348642" lon="106.31702246912255">
        <ele>251.3450927734375</ele>
        <time>2026-09-10T23:04:39Z</time>
        <extensions>
          <gpxtpx:TrackPointExtension>
            <gpxtpx:hr>151</gpxtpx:hr>
          </gpxtpx:TrackPointExtension>
        </extensions>
      </trkpt>
      <trkpt lat="29.602601374861127" lon="106.31709229740413">
        <ele>252.1656494140625</ele>
        <time>2026-09-10T23:04:42Z</time>
        <extensions>
          <gpxtpx:TrackPointExtension>
            <gpxtpx:hr>150</gpxtpx:hr>
          </gpxtpx:TrackPointExtension>
        </extensions>
      </trkpt>
      <trkpt lat="29.60255301251481" lon="106.31729081244657">
        <ele>255.739501953125</ele>
        <time>2026-09-10T23:04:48Z</time>
        <extensions>
          <gpxtpx:TrackPointExtension>
            <gpxtpx:hr>154</gpxtpx:hr>
          </gpxtpx:TrackPointExtension>
        </extensions>
      </trkpt>
      <trkpt lat="29.602347802284815" lon="106.31743447160699">
        <ele>248.888916015625</ele>
        <time>2026-09-10T23:04:57Z</time>
        <extensions>
          <gpxtpx:TrackPointExtension>
            <gpxtpx:hr>154</gpxtpx:hr>
          </gpxtpx:TrackPointExtension>
        </extensions>
      </trkpt>
      <trkpt lat="29.60219477708509" lon="106.31747238759837">
        <ele>251.62255859375</ele>
        <time>2026-09-10T23:05:03Z</time>
        <extensions>
          <gpxtpx:TrackPointExtension>
            <gpxtpx:hr>154</gpxtpx:hr>
          </gpxtpx:TrackPointExtension>
        </extensions>
      </trkpt>
      <trkpt lat="29.602088775428154" lon="106.3174903498214">
        <ele>252.1004638671875</ele>
        <time>2026-09-10T23:05:09Z</time>
        <extensions>
          <gpxtpx:TrackPointExtension>
            <gpxtpx:hr>154</gpxtpx:hr>
          </gpxtpx:TrackPointExtension>
        </extensions>
      </trkpt>
      <trkpt lat="29.60203474267326" lon="106.31751628927933">
        <ele>252.2996826171875</ele>
        <time>2026-09-10T23:05:12Z</time>
        <extensions>
          <gpxtpx:TrackPointExtension>
            <gpxtpx:hr>154</gpxtpx:hr>
          </gpxtpx:TrackPointExtension>
        </extensions>
      </trkpt>
      <trkpt lat="29.60189213545164" lon="106.31785845579738">
        <ele>254.777099609375</ele>
        <time>2026-09-10T23:05:21Z</time>
        <extensions>
          <gpxtpx:TrackPointExtension>
            <gpxtpx:hr>155</gpxtpx:hr>
          </gpxtpx:TrackPointExtension>
        </extensions>
      </trkpt>
      <trkpt lat="29.601875416820373" lon="106.31823852053616">
        <ele>254.8050537109375</ele>
        <time>2026-09-10T23:05:33Z</time>
        <extensions>
          <gpxtpx:TrackPointExtension>
            <gpxtpx:hr>156</gpxtpx:hr>
          </gpxtpx:TrackPointExtension>
        </extensions>
      </trkpt>
      <trkpt lat="29.60186364652821" lon="106.31864452009034">
        <ele>256.74102783203125</ele>
        <time>2026-09-10T23:05:45Z</time>
        <extensions>
          <gpxtpx:TrackPointExtension>
            <gpxtpx:hr>156</gpxtpx:hr>
          </gpxtpx:TrackPointExtension>
        </extensions>
      </trkpt>
      <trkpt lat="29.601865023792456" lon="106.31897071493462">
        <ele>255.29705810546875</ele>
        <time>2026-09-10T23:05:54Z</time>
        <extensions>
          <gpxtpx:TrackPointExtension>
            <gpxtpx:hr>157</gpxtpx:hr>
          </gpxtpx:TrackPointExtension>
        </extensions>
      </trkpt>
      <trkpt lat="29.6018476730359" lon="106.31915725531873">
        <ele>253.68658447265625</ele>
        <time>2026-09-10T23:06:00Z</time>
        <extensions>
          <gpxtpx:TrackPointExtension>
            <gpxtpx:hr>157</gpxtpx:hr>
          </gpxtpx:TrackPointExtension>
        </extensions>
      </trkpt>
      <trkpt lat="29.601868491413892" lon="106.3192490273576">
        <ele>253.6209716796875</ele>
        <time>2026-09-10T23:06:03Z</time>
        <extensions>
          <gpxtpx:TrackPointExtension>
            <gpxtpx:hr>157</gpxtpx:hr>
          </gpxtpx:TrackPointExtension>
        </extensions>
      </trkpt>
      <trkpt lat="29.601913321446407" lon="106.31933082255208">
        <ele>253.03326416015625</ele>
        <time>2026-09-10T23:06:06Z</time>
        <extensions>
          <gpxtpx:TrackPointExtension>
            <gpxtpx:hr>156</gpxtpx:hr>
          </gpxtpx:TrackPointExtension>
        </extensions>
      </trkpt>
      <trkpt lat="29.60193112163363" lon="106.31943257003456">
        <ele>252.92974853515625</ele>
        <time>2026-09-10T23:06:09Z</time>
        <extensions>
          <gpxtpx:TrackPointExtension>
            <gpxtpx:hr>156</gpxtpx:hr>
          </gpxtpx:TrackPointExtension>
        </extensions>
      </trkpt>
      <trkpt lat="29.60193247119025" lon="106.31977272895836">
        <ele>250.236328125</ele>
        <time>2026-09-10T23:06:21Z</time>
        <extensions>
          <gpxtpx:TrackPointExtension>
            <gpxtpx:hr>154</gpxtpx:hr>
          </gpxtpx:TrackPointExtension>
        </extensions>
      </trkpt>
      <trkpt lat="29.60193908390647" lon="106.3199742301069">
        <ele>252.991455078125</ele>
        <time>2026-09-10T23:06:27Z</time>
        <extensions>
          <gpxtpx:TrackPointExtension>
            <gpxtpx:hr>151</gpxtpx:hr>
          </gpxtpx:TrackPointExtension>
        </extensions>
      </trkpt>
      <trkpt lat="29.602133106445038" lon="106.31993132452374">
        <ele>248.03759765625</ele>
        <time>2026-09-10T23:06:39Z</time>
        <extensions>
          <gpxtpx:TrackPointExtension>
            <gpxtpx:hr>150</gpxtpx:hr>
          </gpxtpx:TrackPointExtension>
        </extensions>
      </trkpt>
      <trkpt lat="29.602384296002604" lon="106.31983099317732">
        <ele>250.061767578125</ele>
        <time>2026-09-10T23:06:48Z</time>
        <extensions>
          <gpxtpx:TrackPointExtension>
            <gpxtpx:hr>152</gpxtpx:hr>
          </gpxtpx:TrackPointExtension>
        </extensions>
      </trkpt>
      <trkpt lat="29.60247038456331" lon="106.31973179765518">
        <ele>251.7926025390625</ele>
        <time>2026-09-10T23:06:51Z</time>
        <extensions>
          <gpxtpx:TrackPointExtension>
            <gpxtpx:hr>152</gpxtpx:hr>
          </gpxtpx:TrackPointExtension>
        </extensions>
      </trkpt>
      <trkpt lat="29.602524015698915" lon="106.31962108832437">
        <ele>249.98333740234375</ele>
        <time>2026-09-10T23:06:57Z</time>
        <extensions>
          <gpxtpx:TrackPointExtension>
            <gpxtpx:hr>152</gpxtpx:hr>
          </gpxtpx:TrackPointExtension>
        </extensions>
      </trkpt>
      <trkpt lat="29.60253772616642" lon="106.31954226221826">
        <ele>255.44073486328125</ele>
        <time>2026-09-10T23:07:00Z</time>
        <extensions>
          <gpxtpx:TrackPointExtension>
            <gpxtpx:hr>153</gpxtpx:hr>
          </gpxtpx:TrackPointExtension>
        </extensions>
      </trkpt>
      <trkpt lat="29.60257877840929" lon="106.3195083435822">
        <ele>256.448486328125</ele>
        <time>2026-09-10T23:07:03Z</time>
        <extensions>
          <gpxtpx:TrackPointExtension>
            <gpxtpx:hr>152</gpxtpx:hr>
          </gpxtpx:TrackPointExtension>
        </extensions>
      </trkpt>
      <trkpt lat="29.602789729148277" lon="106.3195003505836">
        <ele>255.71649169921875</ele>
        <time>2026-09-10T23:07:12Z</time>
        <extensions>
          <gpxtpx:TrackPointExtension>
            <gpxtpx:hr>151</gpxtpx:hr>
          </gpxtpx:TrackPointExtension>
        </extensions>
      </trkpt>
      <trkpt lat="29.602849874656776" lon="106.31941455899293">
        <ele>252.9111328125</ele>
        <time>2026-09-10T23:07:18Z</time>
        <extensions>
          <gpxtpx:TrackPointExtension>
            <gpxtpx:hr>150</gpxtpx:hr>
          </gpxtpx:TrackPointExtension>
        </extensions>
      </trkpt>
      <trkpt lat="29.60290970262103" lon="106.31925214010614">
        <ele>252.18798828125</ele>
        <time>2026-09-10T23:07:24Z</time>
        <extensions>
          <gpxtpx:TrackPointExtension>
            <gpxtpx:hr>151</gpxtpx:hr>
          </gpxtpx:TrackPointExtension>
        </extensions>
      </trkpt>
      <trkpt lat="29.602917482210255" lon="106.31913744563266">
        <ele>250.12188720703125</ele>
        <time>2026-09-10T23:07:27Z</time>
        <extensions>
          <gpxtpx:TrackPointExtension>
            <gpxtpx:hr>151</gpxtpx:hr>
          </gpxtpx:TrackPointExtension>
        </extensions>
      </trkpt>
      <trkpt lat="29.60295062886521" lon="106.31903466183105">
        <ele>246.3934326171875</ele>
        <time>2026-09-10T23:07:30Z</time>
        <extensions>
          <gpxtpx:TrackPointExtension>
            <gpxtpx:hr>153</gpxtpx:hr>
          </gpxtpx:TrackPointExtension>
        </extensions>
      </trkpt>
      <trkpt lat="29.602999477338102" lon="106.31896973208671">
        <ele>245.9044189453125</ele>
        <time>2026-09-10T23:07:33Z</time>
        <extensions>
          <gpxtpx:TrackPointExtension>
            <gpxtpx:hr>156</gpxtpx:hr>
          </gpxtpx:TrackPointExtension>
        </extensions>
      </trkpt>
      <trkpt lat="29.603007784828122" lon="106.31891477506767">
        <ele>243.8560791015625</ele>
        <time>2026-09-10T23:07:36Z</time>
        <extensions>
          <gpxtpx:TrackPointExtension>
            <gpxtpx:hr>156</gpxtpx:hr>
          </gpxtpx:TrackPointExtension>
        </extensions>
      </trkpt>
      <trkpt lat="29.602909460905998" lon="106.31868795052036">
        <ele>237.89056396484375</ele>
        <time>2026-09-10T23:07:45Z</time>
        <extensions>
          <gpxtpx:TrackPointExtension>
            <gpxtpx:hr>155</gpxtpx:hr>
          </gpxtpx:TrackPointExtension>
        </extensions>
      </trkpt>
      <trkpt lat="29.60291117737736" lon="106.31843654693552">
        <ele>239.92315673828125</ele>
        <time>2026-09-10T23:07:54Z</time>
        <extensions>
          <gpxtpx:TrackPointExtension>
            <gpxtpx:hr>154</gpxtpx:hr>
          </gpxtpx:TrackPointExtension>
        </extensions>
      </trkpt>
      <trkpt lat="29.602944763956934" lon="106.3182838226862">
        <ele>238.40667724609375</ele>
        <time>2026-09-10T23:07:57Z</time>
        <extensions>
          <gpxtpx:TrackPointExtension>
            <gpxtpx:hr>154</gpxtpx:hr>
          </gpxtpx:TrackPointExtension>
        </extensions>
      </trkpt>
      <trkpt lat="29.602972489499503" lon="106.31802398285545">
        <ele>241.49151611328125</ele>
        <time>2026-09-10T23:08:03Z</time>
        <extensions>
          <gpxtpx:TrackPointExtension>
            <gpxtpx:hr>154</gpxtpx:hr>
          </gpxtpx:TrackPointExtension>
        </extensions>
      </trkpt>
      <trkpt lat="29.602943380407538" lon="106.31780779739584">
        <ele>246.72607421875</ele>
        <time>2026-09-10T23:08:09Z</time>
        <extensions>
          <gpxtpx:TrackPointExtension>
            <gpxtpx:hr>154</gpxtpx:hr>
          </gpxtpx:TrackPointExtension>
        </extensions>
      </trkpt>
      <trkpt lat="29.602951140856725" lon="106.31746042585397">
        <ele>249.93084716796875</ele>
        <time>2026-09-10T23:08:18Z</time>
        <extensions>
          <gpxtpx:TrackPointExtension>
            <gpxtpx:hr>156</gpxtpx:hr>
          </gpxtpx:TrackPointExtension>
        </extensions>
      </trkpt>
      <trkpt lat="29.60296814526882" lon="106.31715412333168">
        <ele>249.11334228515625</ele>
        <time>2026-09-10T23:08:27Z</time>
        <extensions>
          <gpxtpx:TrackPointExtension>
            <gpxtpx:hr>155</gpxtpx:hr>
          </gpxtpx:TrackPointExtension>
        </extensions>
      </trkpt>
      <trkpt lat="29.602997297417613" lon="106.31706932991469">
        <ele>251.8697509765625</ele>
        <time>2026-09-10T23:08:33Z</time>
        <extensions>
          <gpxtpx:TrackPointExtension>
            <gpxtpx:hr>154</gpxtpx:hr>
          </gpxtpx:TrackPointExtension>
        </extensions>
      </trkpt>
      <trkpt lat="29.60298945514332" lon="106.3169875313243">
        <ele>250.6478271484375</ele>
        <time>2026-09-10T23:08:36Z</time>
        <extensions>
          <gpxtpx:TrackPointExtension>
            <gpxtpx:hr>152</gpxtpx:hr>
          </gpxtpx:TrackPointExtension>
        </extensions>
      </trkpt>
      <trkpt lat="29.603005158040776" lon="106.31672471594689">
        <ele>249.85888671875</ele>
        <time>2026-09-10T23:08:42Z</time>
        <extensions>
          <gpxtpx:TrackPointExtension>
            <gpxtpx:hr>150</gpxtpx:hr>
          </gpxtpx:TrackPointExtension>
        </extensions>
      </trkpt>
      <trkpt lat="29.602968223305954" lon="106.31658382045471">
        <ele>252.90264892578125</ele>
        <time>2026-09-10T23:08:45Z</time>
        <extensions>
          <gpxtpx:TrackPointExtension>
            <gpxtpx:hr>149</gpxtpx:hr>
          </gpxtpx:TrackPointExtension>
        </extensions>
      </trkpt>
      <trkpt lat="29.602929437249433" lon="106.31652866120524">
        <ele>254.8321533203125</ele>
        <time>2026-09-10T23:08:48Z</time>
        <extensions>
          <gpxtpx:TrackPointExtension>
            <gpxtpx:hr>152</gpxtpx:hr>
          </gpxtpx:TrackPointExtension>
        </extensions>
      </trkpt>
      <trkpt lat="29.60275762355085" lon="106.31640896512057">
        <ele>256.98638916015625</ele>
        <time>2026-09-10T23:08:54Z</time>
        <extensions>
          <gpxtpx:TrackPointExtension>
            <gpxtpx:hr>153</gpxtpx:hr>
          </gpxtpx:TrackPointExtension>
        </extensions>
      </trkpt>
      <trkpt lat="29.60267463947117" lon="106.31641395789094">
        <ele>256.195068359375</ele>
        <time>2026-09-10T23:08:57Z</time>
        <extensions>
          <gpxtpx:TrackPointExtension>
            <gpxtpx:hr>152</gpxtpx:hr>
          </gpxtpx:TrackPointExtension>
        </extensions>
      </trkpt>
      <trkpt lat="29.602573475644814" lon="106.31651671202751">
        <ele>255.708984375</ele>
        <time>2026-09-10T23:09:03Z</time>
        <extensions>
          <gpxtpx:TrackPointExtension>
            <gpxtpx:hr>154</gpxtpx:hr>
          </gpxtpx:TrackPointExtension>
        </extensions>
      </trkpt>
      <trkpt lat="29.602547337995187" lon="106.31659352519179">
        <ele>255.246337890625</ele>
        <time>2026-09-10T23:09:06Z</time>
        <extensions>
          <gpxtpx:TrackPointExtension>
            <gpxtpx:hr>155</gpxtpx:hr>
          </gpxtpx:TrackPointExtension>
        </extensions>
      </trkpt>
      <trkpt lat="29.602510239442143" lon="106.31684492637338">
        <ele>252.3194580078125</ele>
        <time>2026-09-10T23:09:15Z</time>
        <extensions>
          <gpxtpx:TrackPointExtension>
            <gpxtpx:hr>156</gpxtpx:hr>
          </gpxtpx:TrackPointExtension>
        </extensions>
      </trkpt>
      <trkpt lat="29.602587303375905" lon="106.3171322002101">
        <ele>254.0885009765625</ele>
        <time>2026-09-10T23:09:24Z</time>
        <extensions>
          <gpxtpx:TrackPointExtension>
            <gpxtpx:hr>155</gpxtpx:hr>
          </gpxtpx:TrackPointExtension>
        </extensions>
      </trkpt>
      <trkpt lat="29.60258512021663" lon="106.31722896254219">
        <ele>250.855712890625</ele>
        <time>2026-09-10T23:09:27Z</time>
        <extensions>
          <gpxtpx:TrackPointExtension>
            <gpxtpx:hr>154</gpxtpx:hr>
          </gpxtpx:TrackPointExtension>
        </extensions>
      </trkpt>
      <trkpt lat="29.60254702572083" lon="106.31728482752119">
        <ele>250.252197265625</ele>
        <time>2026-09-10T23:09:30Z</time>
        <extensions>
          <gpxtpx:TrackPointExtension>
            <gpxtpx:hr>154</gpxtpx:hr>
          </gpxtpx:TrackPointExtension>
        </extensions>
      </trkpt>
      <trkpt lat="29.602269839436577" lon="106.31742749347876">
        <ele>246.402587890625</ele>
        <time>2026-09-10T23:09:42Z</time>
        <extensions>
          <gpxtpx:TrackPointExtension>
            <gpxtpx:hr>155</gpxtpx:hr>
          </gpxtpx:TrackPointExtension>
        </extensions>
      </trkpt>
      <trkpt lat="29.60207976301607" lon="106.31749833073472">
        <ele>249.23138427734375</ele>
        <time>2026-09-10T23:09:51Z</time>
        <extensions>
          <gpxtpx:TrackPointExtension>
            <gpxtpx:hr>153</gpxtpx:hr>
          </gpxtpx:TrackPointExtension>
        </extensions>
      </trkpt>
      <trkpt lat="29.60202769361511" lon="106.31754322344689">
        <ele>250.21435546875</ele>
        <time>2026-09-10T23:09:54Z</time>
        <extensions>
          <gpxtpx:TrackPointExtension>
            <gpxtpx:hr>154</gpxtpx:hr>
          </gpxtpx:TrackPointExtension>
        </extensions>
      </trkpt>
      <trkpt lat="29.601922325527" lon="106.31775371183969">
        <ele>251.7640380859375</ele>
        <time>2026-09-10T23:10:00Z</time>
        <extensions>
          <gpxtpx:TrackPointExtension>
            <gpxtpx:hr>153</gpxtpx:hr>
          </gpxtpx:TrackPointExtension>
        </extensions>
      </trkpt>
      <trkpt lat="29.60187358271271" lon="106.31815173452158">
        <ele>254.6141357421875</ele>
        <time>2026-09-10T23:10:12Z</time>
        <extensions>
          <gpxtpx:TrackPointExtension>
            <gpxtpx:hr>153</gpxtpx:hr>
          </gpxtpx:TrackPointExtension>
        </extensions>
      </trkpt>
      <trkpt lat="29.601853033531818" lon="106.31833632158697">
        <ele>253.49169921875</ele>
        <time>2026-09-10T23:10:18Z</time>
        <extensions>
          <gpxtpx:TrackPointExtension>
            <gpxtpx:hr>153</gpxtpx:hr>
          </gpxtpx:TrackPointExtension>
        </extensions>
      </trkpt>
      <trkpt lat="29.601884468907166" lon="106.31873429731617">
        <ele>255.62396240234375</ele>
        <time>2026-09-10T23:10:30Z</time>
        <extensions>
          <gpxtpx:TrackPointExtension>
            <gpxtpx:hr>152</gpxtpx:hr>
          </gpxtpx:TrackPointExtension>
        </extensions>
      </trkpt>
      <trkpt lat="29.601890690311286" lon="106.31914129214674">
        <ele>255.874755859375</ele>
        <time>2026-09-10T23:10:42Z</time>
        <extensions>
          <gpxtpx:TrackPointExtension>
            <gpxtpx:hr>152</gpxtpx:hr>
          </gpxtpx:TrackPointExtension>
        </extensions>
      </trkpt>
      <trkpt lat="29.60189750727639" lon="106.31923605764477">
        <ele>255.6470947265625</ele>
        <time>2026-09-10T23:10:45Z</time>
        <extensions>
          <gpxtpx:TrackPointExtension>
            <gpxtpx:hr>152</gpxtpx:hr>
          </gpxtpx:TrackPointExtension>
        </extensions>
      </trkpt>
      <trkpt lat="29.601918380859896" lon="106.31929890112008">
        <ele>256.43011474609375</ele>
        <time>2026-09-10T23:10:48Z</time>
        <extensions>
          <gpxtpx:TrackPointExtension>
            <gpxtpx:hr>152</gpxtpx:hr>
          </gpxtpx:TrackPointExtension>
        </extensions>
      </trkpt>
      <trkpt lat="29.601942855024326" lon="106.31957022905296">
        <ele>254.4962158203125</ele>
        <time>2026-09-10T23:10:57Z</time>
        <extensions>
          <gpxtpx:TrackPointExtension>
            <gpxtpx:hr>152</gpxtpx:hr>
          </gpxtpx:TrackPointExtension>
        </extensions>
      </trkpt>
      <trkpt lat="29.601912256171637" lon="106.31988844396156">
        <ele>256.722412109375</ele>
        <time>2026-09-10T23:11:06Z</time>
        <extensions>
          <gpxtpx:TrackPointExtension>
            <gpxtpx:hr>152</gpxtpx:hr>
          </gpxtpx:TrackPointExtension>
        </extensions>
      </trkpt>
      <trkpt lat="29.601912518963346" lon="106.3200011164361">
        <ele>258.32171630859375</ele>
        <time>2026-09-10T23:11:09Z</time>
        <extensions>
          <gpxtpx:TrackPointExtension>
            <gpxtpx:hr>151</gpxtpx:hr>
          </gpxtpx:TrackPointExtension>
        </extensions>
      </trkpt>
      <trkpt lat="29.601996017850826" lon="106.31997346740212">
        <ele>258.84185791015625</ele>
        <time>2026-09-10T23:11:15Z</time>
        <extensions>
          <gpxtpx:TrackPointExtension>
            <gpxtpx:hr>152</gpxtpx:hr>
          </gpxtpx:TrackPointExtension>
        </extensions>
      </trkpt>
      <trkpt lat="29.602101247811905" lon="106.31986249671738">
        <ele>253.188232421875</ele>
        <time>2026-09-10T23:11:21Z</time>
        <extensions>
          <gpxtpx:TrackPointExtension>
            <gpxtpx:hr>151</gpxtpx:hr>
          </gpxtpx:TrackPointExtension>
        </extensions>
      </trkpt>
      <trkpt lat="29.60217230232082" lon="106.31982259112854">
        <ele>252.52569580078125</ele>
        <time>2026-09-10T23:11:24Z</time>
        <extensions>
          <gpxtpx:TrackPointExtension>
            <gpxtpx:hr>151</gpxtpx:hr>
          </gpxtpx:TrackPointExtension>
        </extensions>
      </trkpt>
      <trkpt lat="29.602341386655464" lon="106.31979764242485">
        <ele>252.5494384765625</ele>
        <time>2026-09-10T23:11:30Z</time>
        <extensions>
          <gpxtpx:TrackPointExtension>
            <gpxtpx:hr>150</gpxtpx:hr>
          </gpxtpx:TrackPointExtension>
        </extensions>
      </trkpt>
      <trkpt lat="29.602430023926054" lon="106.31971715612377">
        <ele>254.5445556640625</ele>
        <time>2026-09-10T23:11:33Z</time>
        <extensions>
          <gpxtpx:TrackPointExtension>
            <gpxtpx:hr>150</gpxtpx:hr>
          </gpxtpx:TrackPointExtension>
        </extensions>
      </trkpt>
      <trkpt lat="29.602483546405665" lon="106.31964501146447">
        <ele>256.139404296875</ele>
        <time>2026-09-10T23:11:36Z</time>
        <extensions>
          <gpxtpx:TrackPointExtension>
            <gpxtpx:hr>149</gpxtpx:hr>
          </gpxtpx:TrackPointExtension>
        </extensions>
      </trkpt>
      <trkpt lat="29.602497696481944" lon="106.31956421038026">
        <ele>252.259765625</ele>
        <time>2026-09-10T23:11:39Z</time>
        <extensions>
          <gpxtpx:TrackPointExtension>
            <gpxtpx:hr>149</gpxtpx:hr>
          </gpxtpx:TrackPointExtension>
        </extensions>
      </trkpt>
      <trkpt lat="29.602544790713534" lon="106.3195073480982">
        <ele>255.565185546875</ele>
        <time>2026-09-10T23:11:45Z</time>
        <extensions>
          <gpxtpx:TrackPointExtension>
            <gpxtpx:hr>148</gpxtpx:hr>
          </gpxtpx:TrackPointExtension>
        </extensions>
      </trkpt>
      <trkpt lat="29.602794028990107" lon="106.31954394097941">
        <ele>255.724609375</ele>
        <time>2026-09-10T23:11:54Z</time>
        <extensions>
          <gpxtpx:TrackPointExtension>
            <gpxtpx:hr>147</gpxtpx:hr>
          </gpxtpx:TrackPointExtension>
        </extensions>
      </trkpt>
      <trkpt lat="29.60282773468468" lon="106.31949137048277">
        <ele>253.908447265625</ele>
        <time>2026-09-10T23:11:57Z</time>
        <extensions>
          <gpxtpx:TrackPointExtension>
            <gpxtpx:hr>148</gpxtpx:hr>
          </gpxtpx:TrackPointExtension>
        </extensions>
      </trkpt>
      <trkpt lat="29.602899177764353" lon="106.31924796765672">
        <ele>255.0789794921875</ele>
        <time>2026-09-10T23:12:06Z</time>
        <extensions>
          <gpxtpx:TrackPointExtension>
            <gpxtpx:hr>148</gpxtpx:hr>
          </gpxtpx:TrackPointExtension>
        </extensions>
      </trkpt>
    </trkseg>
  </trk>
</gpx>